CP044172_pM10	CP132117_pM10	99.973	14625	0	1	10507	25131	13537	28157	0.0	26982
CP044172_pM10	CP132117_pM10	100.000	10507	0	0	1	10507	1	10507	0.0	19403
CP044172_pM10	CP132117_pM10	98.795	83	0	1	16425	16506	19124	19206	4.60e-35	147
CP044172_pM10	CP132117_pM10	98.795	83	0	1	16098	16180	19451	19532	4.60e-35	147
CP044172_pM10	CP066747_pM10	99.727	14629	34	1	10509	25131	13590	28218	0.0	26788
CP044172_pM10	CP066747_pM10	99.619	10507	40	0	1	10507	1	10507	0.0	19182
CP044172_pM10	CP066747_pM10	98.795	83	0	1	16425	16506	19185	19267	4.60e-35	147
CP044172_pM10	CP066747_pM10	98.795	83	0	1	16098	16180	19512	19593	4.60e-35	147
CP044172_pM10	CP071588_pM10	99.713	14631	34	1	10509	25131	13590	28220	0.0	26779
CP044172_pM10	CP071588_pM10	99.619	10507	40	0	1	10507	1	10507	0.0	19182
CP044172_pM10	CP071588_pM10	98.795	83	0	1	16425	16506	19187	19269	4.60e-35	147
CP044172_pM10	CP071588_pM10	98.795	83	0	1	16098	16180	19514	19595	4.60e-35	147
CP044172_pM10	SC0600_pM10	99.239	10519	68	5	1	10507	1	10519	0.0	18971
CP044172_pM10	SC0600_pM10	99.277	3734	20	4	17821	21551	22510	26239	0.0	6739
CP044172_pM10	SC0600_pM10	99.671	3347	11	0	21785	25131	26235	29581	0.0	6120
CP044172_pM10	SC0600_pM10	99.617	2875	11	0	11829	14703	14284	17158	0.0	5249
CP044172_pM10	SC0600_pM10	91.203	2353	156	38	15374	17710	20193	22510	0.0	3151
CP044172_pM10	SC0600_pM10	96.737	858	26	1	10509	11364	13426	14283	0.0	1428
CP044172_pM10	SC0600_pM10	89.577	614	62	2	14765	15377	18403	19015	0.0	778
CP044172_pM10	SC0600_pM10	82.292	288	33	17	18702	18984	18124	18398	3.43e-61	233
CP044172_pM10	CP132129_pM10	99.333	4197	28	0	10507	14703	16454	20650	0.0	7596
CP044172_pM10	CP132129_pM10	98.787	4205	51	0	6303	10507	6867	11071	0.0	7483
CP044172_pM10	CP132129_pM10	98.929	3735	28	9	17821	21551	24873	28599	0.0	6665
CP044172_pM10	CP132129_pM10	99.821	3347	6	0	21785	25131	28595	31941	0.0	6148
CP044172_pM10	CP132129_pM10	99.757	2881	7	0	1	2881	1	2881	0.0	5282
CP044172_pM10	CP132129_pM10	98.881	2948	29	3	14765	17710	21928	24873	0.0	5258
CP044172_pM10	CP132129_pM10	99.841	1256	2	0	2880	4135	4942	6197	0.0	2309
CP044172_pM10	CP132129_pM10	82.292	288	33	17	18702	18984	21649	21923	3.43e-61	233
CP044172_pM10	CP132129_pM10	98.795	83	0	1	16425	16506	23261	23343	4.60e-35	147
CP044172_pM10	CP132129_pM10	98.795	83	0	1	16098	16180	23588	23669	4.60e-35	147
CP044172_pM10	CP132125_pM10	99.286	4199	28	1	10507	14703	16453	20651	0.0	7587
CP044172_pM10	CP132125_pM10	98.787	4205	51	0	6303	10507	6867	11071	0.0	7483
CP044172_pM10	CP132125_pM10	98.929	3735	28	9	17821	21551	24874	28600	0.0	6665
CP044172_pM10	CP132125_pM10	99.821	3347	6	0	21785	25131	28596	31942	0.0	6148
CP044172_pM10	CP132125_pM10	99.757	2881	7	0	1	2881	1	2881	0.0	5282
CP044172_pM10	CP132125_pM10	98.881	2948	29	3	14765	17710	21929	24874	0.0	5258
CP044172_pM10	CP132125_pM10	99.841	1256	2	0	2880	4135	4942	6197	0.0	2309
CP044172_pM10	CP132125_pM10	82.292	288	33	17	18702	18984	21650	21924	3.43e-61	233
CP044172_pM10	CP132125_pM10	98.795	83	0	1	16425	16506	23262	23344	4.60e-35	147
CP044172_pM10	CP132125_pM10	98.795	83	0	1	16098	16180	23589	23670	4.60e-35	147
CP044172_pM10	CP132131_pM10	99.238	4201	28	1	10507	14703	16453	20653	0.0	7577
CP044172_pM10	CP132131_pM10	98.787	4205	51	0	6303	10507	6866	11070	0.0	7483
CP044172_pM10	CP132131_pM10	98.929	3735	28	9	17821	21551	24876	28602	0.0	6665
CP044172_pM10	CP132131_pM10	99.821	3347	6	0	21785	25131	28598	31944	0.0	6148
CP044172_pM10	CP132131_pM10	99.757	2881	7	0	1	2881	1	2881	0.0	5282
CP044172_pM10	CP132131_pM10	98.881	2948	29	3	14765	17710	21931	24876	0.0	5258
CP044172_pM10	CP132131_pM10	99.761	1256	2	1	2880	4135	4942	6196	0.0	2302
CP044172_pM10	CP132131_pM10	82.292	288	33	17	18702	18984	21652	21926	3.43e-61	233
CP044172_pM10	CP132131_pM10	98.795	83	0	1	16425	16506	23264	23346	4.60e-35	147
CP044172_pM10	CP132131_pM10	98.795	83	0	1	16098	16180	23591	23672	4.60e-35	147
CP044172_pM10	CP132127_pM10	99.191	4203	28	1	10507	14703	16454	20656	0.0	7568
CP044172_pM10	CP132127_pM10	98.787	4205	51	0	6303	10507	6867	11071	0.0	7483
CP044172_pM10	CP132127_pM10	98.929	3735	28	9	17821	21551	24879	28605	0.0	6665
CP044172_pM10	CP132127_pM10	99.821	3347	6	0	21785	25131	28601	31947	0.0	6148
CP044172_pM10	CP132127_pM10	99.757	2881	7	0	1	2881	1	2881	0.0	5282
CP044172_pM10	CP132127_pM10	98.881	2948	29	3	14765	17710	21934	24879	0.0	5258
CP044172_pM10	CP132127_pM10	99.841	1256	2	0	2880	4135	4942	6197	0.0	2309
CP044172_pM10	CP132127_pM10	82.292	288	33	17	18702	18984	21655	21929	3.43e-61	233
CP044172_pM10	CP132127_pM10	98.795	83	0	1	16425	16506	23267	23349	4.60e-35	147
CP044172_pM10	CP132127_pM10	98.795	83	0	1	16098	16180	23594	23675	4.60e-35	147
CP044172_pM10	CP092035_pM10	99.145	4209	24	1	10507	14703	15307	19515	0.0	7563
CP044172_pM10	CP092035_pM10	99.613	4135	16	0	1	4135	1	4135	0.0	7548
CP044172_pM10	CP092035_pM10	98.956	3735	26	9	17821	21551	23591	27316	0.0	6669
CP044172_pM10	CP092035_pM10	99.044	3347	32	0	21785	25131	27312	30658	0.0	6004
CP044172_pM10	CP092035_pM10	96.770	2786	86	3	7724	10507	7141	9924	0.0	4643
CP044172_pM10	CP092035_pM10	98.273	1390	24	0	6303	7692	4812	6201	0.0	2435
CP044172_pM10	CP092035_pM10	99.471	1324	7	0	14765	16088	20760	22083	0.0	2407
CP044172_pM10	CP092035_pM10	88.919	1119	97	22	16604	17710	22488	23591	0.0	1354
CP044172_pM10	CP092035_pM10	82.292	288	33	17	18702	18984	20481	20755	3.43e-61	233
CP044172_pM10	CP125385_pM10	99.613	4135	16	0	1	4135	1	4135	0.0	7548
CP044172_pM10	CP125385_pM10	98.570	4197	56	1	10507	14703	15193	19385	0.0	7415
CP044172_pM10	CP125385_pM10	99.806	3609	5	2	17944	21551	23567	27174	0.0	6625
CP044172_pM10	CP125385_pM10	98.984	3347	34	0	21785	25131	27170	30516	0.0	5993
CP044172_pM10	CP125385_pM10	96.805	2786	85	3	7724	10507	7133	9916	0.0	4649
CP044172_pM10	CP125385_pM10	98.273	1390	24	0	6303	7692	4804	6193	0.0	2435
CP044172_pM10	CP125385_pM10	99.547	1324	6	0	14765	16088	20630	21953	0.0	2412
CP044172_pM10	CP125385_pM10	88.919	1119	97	22	16604	17710	22358	23461	0.0	1354
CP044172_pM10	CP125385_pM10	82.292	288	33	17	18702	18984	20351	20625	3.43e-61	233
CP066747_pM10	CP071588_pM10	99.993	28220	0	1	1	28218	1	28220	0.0	52100
CP066747_pM10	CP071588_pM10	98.795	83	0	1	19512	19593	19187	19269	5.16e-35	147
CP066747_pM10	CP071588_pM10	98.795	83	0	1	19185	19267	19514	19595	5.16e-35	147
CP066747_pM10	CP132117_pM10	99.661	14733	39	2	13486	28218	13436	28157	0.0	26919
CP066747_pM10	CP132117_pM10	99.642	11719	40	2	1	11719	1	11717	0.0	21407
CP066747_pM10	CP132117_pM10	89.145	608	59	2	12810	13416	12665	13266	0.0	750
CP066747_pM10	CP132117_pM10	98.795	83	0	1	19512	19593	19124	19206	5.16e-35	147
CP066747_pM10	CP132117_pM10	98.795	83	0	1	19185	19267	19451	19532	5.16e-35	147
CP066747_pM10	CP044172_pM10	99.727	14629	34	1	13590	28218	10509	25131	0.0	26788
CP066747_pM10	CP044172_pM10	99.619	10507	40	0	1	10507	1	10507	0.0	19182
CP066747_pM10	CP044172_pM10	98.795	83	0	1	19512	19593	16098	16180	5.16e-35	147
CP066747_pM10	CP044172_pM10	98.795	83	0	1	19185	19267	16425	16506	5.16e-35	147
CP066747_pM10	SC0600_pM10	99.492	11028	40	8	1	11014	1	11026	0.0	20040
CP066747_pM10	SC0600_pM10	99.411	3734	15	4	20908	24638	22510	26239	0.0	6767
CP066747_pM10	SC0600_pM10	99.671	3347	11	0	24872	28218	26235	29581	0.0	6120
CP066747_pM10	SC0600_pM10	99.583	2875	12	0	14916	17790	14284	17158	0.0	5243
CP066747_pM10	SC0600_pM10	98.176	2741	45	2	11712	14451	11547	14283	0.0	4780
CP066747_pM10	SC0600_pM10	91.203	2353	156	38	18461	20797	20193	22510	0.0	3151
CP066747_pM10	SC0600_pM10	89.577	614	62	2	17852	18464	18403	19015	0.0	778
CP066747_pM10	SC0600_pM10	95.489	399	14	4	11333	11729	11022	11418	0.0	634
CP066747_pM10	SC0600_pM10	82.699	289	30	16	21789	22071	18124	18398	8.28e-63	239
CP066747_pM10	CP132131_pM10	99.575	5417	12	2	6303	11719	6866	12271	0.0	9865
CP066747_pM10	CP132131_pM10	99.233	4305	30	2	13486	17790	16352	20653	0.0	7764
CP066747_pM10	CP132131_pM10	98.956	3735	27	9	20908	24638	24876	28602	0.0	6671
CP066747_pM10	CP132131_pM10	99.821	3347	6	0	24872	28218	28598	31944	0.0	6148
CP066747_pM10	CP132131_pM10	99.757	2881	7	0	1	2881	1	2881	0.0	5282
CP066747_pM10	CP132131_pM10	98.881	2948	29	3	17852	20797	21931	24876	0.0	5258
CP066747_pM10	CP132131_pM10	99.761	1256	2	1	2880	4135	4942	6196	0.0	2302
CP066747_pM10	CP132131_pM10	90.232	604	52	2	12814	13416	15585	16182	0.0	782
CP066747_pM10	CP132131_pM10	82.639	288	32	16	21789	22071	21652	21926	8.28e-63	239
CP066747_pM10	CP132131_pM10	98.795	83	0	1	19512	19593	23264	23346	5.16e-35	147
CP066747_pM10	CP132131_pM10	98.795	83	0	1	19185	19267	23591	23672	5.16e-35	147
CP066747_pM10	CP132129_pM10	99.575	5417	12	2	6303	11719	6867	12272	0.0	9865
CP066747_pM10	CP132129_pM10	99.141	4305	30	2	13486	17790	16353	20650	0.0	7738
CP066747_pM10	CP132129_pM10	98.956	3735	27	9	20908	24638	24873	28599	0.0	6671
CP066747_pM10	CP132129_pM10	99.821	3347	6	0	24872	28218	28595	31941	0.0	6148
CP066747_pM10	CP132129_pM10	99.757	2881	7	0	1	2881	1	2881	0.0	5282
CP066747_pM10	CP132129_pM10	98.881	2948	29	3	17852	20797	21928	24873	0.0	5258
CP066747_pM10	CP132129_pM10	99.841	1256	2	0	2880	4135	4942	6197	0.0	2309
CP066747_pM10	CP132129_pM10	90.232	604	52	2	12814	13416	15586	16183	0.0	782
CP066747_pM10	CP132129_pM10	82.639	288	32	16	21789	22071	21649	21923	8.28e-63	239
CP066747_pM10	CP132129_pM10	98.795	83	0	1	19512	19593	23261	23343	5.16e-35	147
CP066747_pM10	CP132129_pM10	98.795	83	0	1	19185	19267	23588	23669	5.16e-35	147
CP066747_pM10	CP132127_pM10	99.575	5417	12	2	6303	11719	6867	12272	0.0	9865
CP066747_pM10	CP132127_pM10	99.280	4305	30	1	13486	17790	16353	20656	0.0	7777
CP066747_pM10	CP132127_pM10	98.956	3735	27	9	20908	24638	24879	28605	0.0	6671
CP066747_pM10	CP132127_pM10	99.821	3347	6	0	24872	28218	28601	31947	0.0	6148
CP066747_pM10	CP132127_pM10	99.757	2881	7	0	1	2881	1	2881	0.0	5282
CP066747_pM10	CP132127_pM10	98.881	2948	29	3	17852	20797	21934	24879	0.0	5258
CP066747_pM10	CP132127_pM10	99.841	1256	2	0	2880	4135	4942	6197	0.0	2309
CP066747_pM10	CP132127_pM10	90.232	604	52	2	12814	13416	15586	16183	0.0	782
CP066747_pM10	CP132127_pM10	82.639	288	32	16	21789	22071	21655	21929	8.28e-63	239
CP066747_pM10	CP132127_pM10	98.795	83	0	1	19512	19593	23267	23349	5.16e-35	147
CP066747_pM10	CP132127_pM10	98.795	83	0	1	19185	19267	23594	23675	5.16e-35	147
CP066747_pM10	CP132125_pM10	99.575	5417	12	2	6303	11719	6867	12272	0.0	9865
CP066747_pM10	CP132125_pM10	99.187	4305	30	2	13486	17790	16352	20651	0.0	7751
CP066747_pM10	CP132125_pM10	98.956	3735	27	9	20908	24638	24874	28600	0.0	6671
CP066747_pM10	CP132125_pM10	99.821	3347	6	0	24872	28218	28596	31942	0.0	6148
CP066747_pM10	CP132125_pM10	99.757	2881	7	0	1	2881	1	2881	0.0	5282
CP066747_pM10	CP132125_pM10	98.881	2948	29	3	17852	20797	21929	24874	0.0	5258
CP066747_pM10	CP132125_pM10	99.841	1256	2	0	2880	4135	4942	6197	0.0	2309
CP066747_pM10	CP132125_pM10	90.232	604	52	2	12814	13416	15586	16183	0.0	782
CP066747_pM10	CP132125_pM10	82.639	288	32	16	21789	22071	21650	21924	8.28e-63	239
CP066747_pM10	CP132125_pM10	98.795	83	0	1	19512	19593	23262	23344	5.16e-35	147
CP066747_pM10	CP132125_pM10	98.795	83	0	1	19185	19267	23589	23670	5.16e-35	147
CP066747_pM10	CP125385_pM10	96.078	4998	156	16	12814	17790	14407	19385	0.0	8107
CP066747_pM10	CP125385_pM10	99.613	4135	16	0	1	4135	1	4135	0.0	7548
CP066747_pM10	CP125385_pM10	97.374	3998	66	6	7724	11719	7133	11093	0.0	6765
CP066747_pM10	CP125385_pM10	99.612	3609	12	2	21031	24638	23567	27174	0.0	6586
CP066747_pM10	CP125385_pM10	98.984	3347	34	0	24872	28218	27170	30516	0.0	5993
CP066747_pM10	CP125385_pM10	98.489	1390	21	0	6303	7692	4804	6193	0.0	2451
CP066747_pM10	CP125385_pM10	99.547	1324	6	0	17852	19175	20630	21953	0.0	2412
CP066747_pM10	CP125385_pM10	88.919	1119	97	22	19691	20797	22358	23461	0.0	1354
CP066747_pM10	CP125385_pM10	82.639	288	32	16	21789	22071	20351	20625	8.28e-63	239
CP066747_pM10	CP092035_pM10	99.235	4311	26	2	13486	17790	15206	19515	0.0	7771
CP066747_pM10	CP092035_pM10	99.613	4135	16	0	1	4135	1	4135	0.0	7548
CP066747_pM10	CP092035_pM10	97.949	3998	67	5	7724	11719	7141	11125	0.0	6914
CP066747_pM10	CP092035_pM10	98.822	3735	31	9	20908	24638	23591	27316	0.0	6641
CP066747_pM10	CP092035_pM10	99.044	3347	32	0	24872	28218	27312	30658	0.0	6004
CP066747_pM10	CP092035_pM10	98.489	1390	21	0	6303	7692	4812	6201	0.0	2451
CP066747_pM10	CP092035_pM10	99.471	1324	7	0	17852	19175	20760	22083	0.0	2407
CP066747_pM10	CP092035_pM10	88.919	1119	97	22	19691	20797	22488	23591	0.0	1354
CP066747_pM10	CP092035_pM10	90.232	604	52	2	12814	13416	14439	15036	0.0	782
CP066747_pM10	CP092035_pM10	82.639	288	32	16	21789	22071	20481	20755	8.28e-63	239
CP071588_pM10	CP066747_pM10	99.993	28220	0	1	1	28220	1	28218	0.0	52100
CP071588_pM10	CP066747_pM10	98.795	83	0	1	19514	19595	19185	19267	5.16e-35	147
CP071588_pM10	CP066747_pM10	98.795	83	0	1	19187	19269	19512	19593	5.16e-35	147
CP071588_pM10	CP132117_pM10	99.647	14735	39	2	13486	28220	13436	28157	0.0	26910
CP071588_pM10	CP132117_pM10	99.642	11719	40	2	1	11719	1	11717	0.0	21407
CP071588_pM10	CP132117_pM10	89.145	608	59	2	12810	13416	12665	13266	0.0	750
CP071588_pM10	CP132117_pM10	98.795	83	0	1	19514	19595	19124	19206	5.16e-35	147
CP071588_pM10	CP132117_pM10	98.795	83	0	1	19187	19269	19451	19532	5.16e-35	147
CP071588_pM10	CP044172_pM10	99.713	14631	34	1	13590	28220	10509	25131	0.0	26779
CP071588_pM10	CP044172_pM10	99.619	10507	40	0	1	10507	1	10507	0.0	19182
CP071588_pM10	CP044172_pM10	98.795	83	0	1	19514	19595	16098	16180	5.16e-35	147
CP071588_pM10	CP044172_pM10	98.795	83	0	1	19187	19269	16425	16506	5.16e-35	147
CP071588_pM10	SC0600_pM10	99.492	11028	40	8	1	11014	1	11026	0.0	20040
CP071588_pM10	SC0600_pM10	99.411	3734	15	4	20910	24640	22510	26239	0.0	6767
CP071588_pM10	SC0600_pM10	99.671	3347	11	0	24874	28220	26235	29581	0.0	6120
CP071588_pM10	SC0600_pM10	99.583	2875	12	0	14918	17792	14284	17158	0.0	5243
CP071588_pM10	SC0600_pM10	98.104	2743	45	2	11712	14453	11547	14283	0.0	4771
CP071588_pM10	SC0600_pM10	91.203	2353	156	38	18463	20799	20193	22510	0.0	3151
CP071588_pM10	SC0600_pM10	89.577	614	62	2	17854	18466	18403	19015	0.0	778
CP071588_pM10	SC0600_pM10	95.489	399	14	4	11333	11729	11022	11418	0.0	634
CP071588_pM10	SC0600_pM10	82.699	289	30	16	21791	22073	18124	18398	8.28e-63	239
CP071588_pM10	CP132131_pM10	99.575	5417	12	2	6303	11719	6866	12271	0.0	9865
CP071588_pM10	CP132131_pM10	99.187	4307	30	2	13486	17792	16352	20653	0.0	7755
CP071588_pM10	CP132131_pM10	98.956	3735	27	9	20910	24640	24876	28602	0.0	6671
CP071588_pM10	CP132131_pM10	99.821	3347	6	0	24874	28220	28598	31944	0.0	6148
CP071588_pM10	CP132131_pM10	99.757	2881	7	0	1	2881	1	2881	0.0	5282
CP071588_pM10	CP132131_pM10	98.881	2948	29	3	17854	20799	21931	24876	0.0	5258
CP071588_pM10	CP132131_pM10	99.761	1256	2	1	2880	4135	4942	6196	0.0	2302
CP071588_pM10	CP132131_pM10	90.232	604	52	2	12814	13416	15585	16182	0.0	782
CP071588_pM10	CP132131_pM10	82.639	288	32	16	21791	22073	21652	21926	8.28e-63	239
CP071588_pM10	CP132131_pM10	98.795	83	0	1	19514	19595	23264	23346	5.16e-35	147
CP071588_pM10	CP132131_pM10	98.795	83	0	1	19187	19269	23591	23672	5.16e-35	147
CP071588_pM10	CP132129_pM10	99.575	5417	12	2	6303	11719	6867	12272	0.0	9865
CP071588_pM10	CP132129_pM10	99.094	4307	30	2	13486	17792	16353	20650	0.0	7729
CP071588_pM10	CP132129_pM10	98.956	3735	27	9	20910	24640	24873	28599	0.0	6671
CP071588_pM10	CP132129_pM10	99.821	3347	6	0	24874	28220	28595	31941	0.0	6148
CP071588_pM10	CP132129_pM10	99.757	2881	7	0	1	2881	1	2881	0.0	5282
CP071588_pM10	CP132129_pM10	98.881	2948	29	3	17854	20799	21928	24873	0.0	5258
CP071588_pM10	CP132129_pM10	99.841	1256	2	0	2880	4135	4942	6197	0.0	2309
CP071588_pM10	CP132129_pM10	90.232	604	52	2	12814	13416	15586	16183	0.0	782
CP071588_pM10	CP132129_pM10	82.639	288	32	16	21791	22073	21649	21923	8.28e-63	239
CP071588_pM10	CP132129_pM10	98.795	83	0	1	19514	19595	23261	23343	5.16e-35	147
CP071588_pM10	CP132129_pM10	98.795	83	0	1	19187	19269	23588	23669	5.16e-35	147
CP071588_pM10	CP132127_pM10	99.575	5417	12	2	6303	11719	6867	12272	0.0	9865
CP071588_pM10	CP132127_pM10	99.234	4307	30	2	13486	17792	16353	20656	0.0	7768
CP071588_pM10	CP132127_pM10	98.956	3735	27	9	20910	24640	24879	28605	0.0	6671
CP071588_pM10	CP132127_pM10	99.821	3347	6	0	24874	28220	28601	31947	0.0	6148
CP071588_pM10	CP132127_pM10	99.757	2881	7	0	1	2881	1	2881	0.0	5282
CP071588_pM10	CP132127_pM10	98.881	2948	29	3	17854	20799	21934	24879	0.0	5258
CP071588_pM10	CP132127_pM10	99.841	1256	2	0	2880	4135	4942	6197	0.0	2309
CP071588_pM10	CP132127_pM10	90.232	604	52	2	12814	13416	15586	16183	0.0	782
CP071588_pM10	CP132127_pM10	82.639	288	32	16	21791	22073	21655	21929	8.28e-63	239
CP071588_pM10	CP132127_pM10	98.795	83	0	1	19514	19595	23267	23349	5.16e-35	147
CP071588_pM10	CP132127_pM10	98.795	83	0	1	19187	19269	23594	23675	5.16e-35	147
CP071588_pM10	CP132125_pM10	99.575	5417	12	2	6303	11719	6867	12272	0.0	9865
CP071588_pM10	CP132125_pM10	99.141	4307	30	2	13486	17792	16352	20651	0.0	7742
CP071588_pM10	CP132125_pM10	98.956	3735	27	9	20910	24640	24874	28600	0.0	6671
CP071588_pM10	CP132125_pM10	99.821	3347	6	0	24874	28220	28596	31942	0.0	6148
CP071588_pM10	CP132125_pM10	99.757	2881	7	0	1	2881	1	2881	0.0	5282
CP071588_pM10	CP132125_pM10	98.881	2948	29	3	17854	20799	21929	24874	0.0	5258
CP071588_pM10	CP132125_pM10	99.841	1256	2	0	2880	4135	4942	6197	0.0	2309
CP071588_pM10	CP132125_pM10	90.232	604	52	2	12814	13416	15586	16183	0.0	782
CP071588_pM10	CP132125_pM10	82.639	288	32	16	21791	22073	21650	21924	8.28e-63	239
CP071588_pM10	CP132125_pM10	98.795	83	0	1	19514	19595	23262	23344	5.16e-35	147
CP071588_pM10	CP132125_pM10	98.795	83	0	1	19187	19269	23589	23670	5.16e-35	147
CP071588_pM10	CP125385_pM10	96.040	5000	156	16	12814	17792	14407	19385	0.0	8098
CP071588_pM10	CP125385_pM10	99.613	4135	16	0	1	4135	1	4135	0.0	7548
CP071588_pM10	CP125385_pM10	97.374	3998	66	6	7724	11719	7133	11093	0.0	6765
CP071588_pM10	CP125385_pM10	99.612	3609	12	2	21033	24640	23567	27174	0.0	6586
CP071588_pM10	CP125385_pM10	98.984	3347	34	0	24874	28220	27170	30516	0.0	5993
CP071588_pM10	CP125385_pM10	98.489	1390	21	0	6303	7692	4804	6193	0.0	2451
CP071588_pM10	CP125385_pM10	99.547	1324	6	0	17854	19177	20630	21953	0.0	2412
CP071588_pM10	CP125385_pM10	88.919	1119	97	22	19693	20799	22358	23461	0.0	1354
CP071588_pM10	CP125385_pM10	82.639	288	32	16	21791	22073	20351	20625	8.28e-63	239
CP071588_pM10	CP092035_pM10	99.281	4311	26	2	13486	17792	15206	19515	0.0	7784
CP071588_pM10	CP092035_pM10	99.613	4135	16	0	1	4135	1	4135	0.0	7548
CP071588_pM10	CP092035_pM10	97.949	3998	67	5	7724	11719	7141	11125	0.0	6914
CP071588_pM10	CP092035_pM10	98.822	3735	31	9	20910	24640	23591	27316	0.0	6641
CP071588_pM10	CP092035_pM10	99.044	3347	32	0	24874	28220	27312	30658	0.0	6004
CP071588_pM10	CP092035_pM10	98.489	1390	21	0	6303	7692	4812	6201	0.0	2451
CP071588_pM10	CP092035_pM10	99.471	1324	7	0	17854	19177	20760	22083	0.0	2407
CP071588_pM10	CP092035_pM10	88.919	1119	97	22	19693	20799	22488	23591	0.0	1354
CP071588_pM10	CP092035_pM10	90.232	604	52	2	12814	13416	14439	15036	0.0	782
CP071588_pM10	CP092035_pM10	82.639	288	32	16	21791	22073	20481	20755	8.28e-63	239
CP092035_pM10	CP125385_pM10	99.266	15521	84	4	15139	30658	15025	30516	0.0	28003
CP092035_pM10	CP125385_pM10	99.636	15117	22	5	1	15116	1	15085	0.0	27580
CP092035_pM10	CP125385_pM10	82.639	288	32	16	24466	24748	20351	20625	9.00e-63	239
CP092035_pM10	CP125385_pM10	82.639	288	32	16	20481	20755	24324	24606	9.00e-63	239
CP092035_pM10	CP125385_pM10	100.000	47	0	0	20289	20335	19746	19792	3.45e-17	87.9
CP092035_pM10	CP125385_pM10	100.000	47	0	0	19876	19922	20159	20205	3.45e-17	87.9
CP092035_pM10	CP132127_pM10	99.247	12486	84	4	7141	19624	8288	20765	0.0	22528
CP092035_pM10	CP132127_pM10	98.082	8185	133	20	22488	30658	23773	31947	0.0	14224
CP092035_pM10	CP132127_pM10	99.007	3322	26	2	2880	6201	4942	8256	0.0	5945
CP092035_pM10	CP132127_pM10	99.931	2881	2	0	1	2881	1	2881	0.0	5310
CP092035_pM10	CP132127_pM10	99.439	2317	13	0	19767	22083	20941	23257	0.0	4207
CP092035_pM10	CP132127_pM10	82.639	288	32	16	24466	24748	21655	21929	9.00e-63	239
CP092035_pM10	CP132127_pM10	82.639	288	32	16	20481	20755	25755	26037	9.00e-63	239
CP092035_pM10	CP132127_pM10	100.000	47	0	0	20289	20335	21050	21096	3.45e-17	87.9
CP092035_pM10	CP132127_pM10	100.000	47	0	0	19876	19922	21463	21509	3.45e-17	87.9
CP092035_pM10	CP132131_pM10	99.231	12486	84	4	7141	19624	8287	20762	0.0	22515
CP092035_pM10	CP132131_pM10	98.082	8185	133	20	22488	30658	23770	31944	0.0	14224
CP092035_pM10	CP132131_pM10	98.977	3322	26	3	2880	6201	4942	8255	0.0	5939
CP092035_pM10	CP132131_pM10	99.931	2881	2	0	1	2881	1	2881	0.0	5310
CP092035_pM10	CP132131_pM10	99.439	2317	13	0	19767	22083	20938	23254	0.0	4207
CP092035_pM10	CP132131_pM10	82.639	288	32	16	24466	24748	21652	21926	9.00e-63	239
CP092035_pM10	CP132131_pM10	82.639	288	32	16	20481	20755	25752	26034	9.00e-63	239
CP092035_pM10	CP132131_pM10	100.000	47	0	0	20289	20335	21047	21093	3.45e-17	87.9
CP092035_pM10	CP132131_pM10	100.000	47	0	0	19876	19922	21460	21506	3.45e-17	87.9
CP092035_pM10	CP132125_pM10	99.207	12486	84	5	7141	19624	8288	20760	0.0	22495
CP092035_pM10	CP132125_pM10	98.082	8185	133	20	22488	30658	23768	31942	0.0	14224
CP092035_pM10	CP132125_pM10	99.007	3322	26	2	2880	6201	4942	8256	0.0	5945
CP092035_pM10	CP132125_pM10	99.931	2881	2	0	1	2881	1	2881	0.0	5310
CP092035_pM10	CP132125_pM10	99.439	2317	13	0	19767	22083	20936	23252	0.0	4207
CP092035_pM10	CP132125_pM10	82.639	288	32	16	24466	24748	21650	21924	9.00e-63	239
CP092035_pM10	CP132125_pM10	82.639	288	32	16	20481	20755	25750	26032	9.00e-63	239
CP092035_pM10	CP132125_pM10	100.000	47	0	0	20289	20335	21045	21091	3.45e-17	87.9
CP092035_pM10	CP132125_pM10	100.000	47	0	0	19876	19922	21458	21504	3.45e-17	87.9
CP092035_pM10	CP132129_pM10	99.199	12486	84	4	7141	19624	8288	20759	0.0	22489
CP092035_pM10	CP132129_pM10	98.082	8185	133	20	22488	30658	23767	31941	0.0	14224
CP092035_pM10	CP132129_pM10	99.007	3322	26	2	2880	6201	4942	8256	0.0	5945
CP092035_pM10	CP132129_pM10	99.931	2881	2	0	1	2881	1	2881	0.0	5310
CP092035_pM10	CP132129_pM10	99.439	2317	13	0	19767	22083	20935	23251	0.0	4207
CP092035_pM10	CP132129_pM10	82.639	288	32	16	24466	24748	21649	21923	9.00e-63	239
CP092035_pM10	CP132129_pM10	82.639	288	32	16	20481	20755	25749	26031	9.00e-63	239
CP092035_pM10	CP132129_pM10	100.000	47	0	0	20289	20335	21044	21090	3.45e-17	87.9
CP092035_pM10	CP132129_pM10	100.000	47	0	0	19876	19922	21457	21503	3.45e-17	87.9
CP092035_pM10	SC0600_pM10	97.699	8257	155	29	22423	30658	21339	29581	0.0	14163
CP092035_pM10	SC0600_pM10	97.782	4735	99	6	16641	21372	14284	19015	0.0	8157
CP092035_pM10	SC0600_pM10	99.831	4135	7	0	1	4135	1	4135	0.0	7598
CP092035_pM10	SC0600_pM10	96.722	3295	90	11	7141	10421	7736	11026	0.0	5470
CP092035_pM10	SC0600_pM10	98.489	1390	21	0	4812	6201	6315	7704	0.0	2451
CP092035_pM10	SC0600_pM10	95.576	972	32	2	15206	16176	13322	14283	0.0	1546
CP092035_pM10	SC0600_pM10	99.713	696	1	1	21369	22063	20193	20888	0.0	1273
CP092035_pM10	SC0600_pM10	91.887	604	43	1	14439	15036	12649	13252	0.0	839
CP092035_pM10	SC0600_pM10	96.185	498	14	5	10740	11235	11022	11516	0.0	809
CP092035_pM10	SC0600_pM10	97.297	222	5	1	20289	20510	19400	19620	6.57e-104	375
CP092035_pM10	SC0600_pM10	82.639	288	32	16	24466	24748	18124	18398	9.00e-63	239
CP092035_pM10	SC0600_pM10	94.231	156	9	0	19767	19922	19291	19446	9.00e-63	239
CP092035_pM10	SC0600_pM10	82.639	288	32	16	20481	20755	23389	23671	9.00e-63	239
CP092035_pM10	SC0600_pM10	95.506	89	4	0	19539	19627	19030	19118	7.26e-34	143
CP092035_pM10	SC0600_pM10	100.000	47	0	0	20289	20335	17519	17565	3.45e-17	87.9
CP092035_pM10	SC0600_pM10	100.000	47	0	0	19876	19922	17932	17978	3.45e-17	87.9
CP092035_pM10	CP132117_pM10	98.936	5921	46	2	13596	19515	11825	17729	0.0	10569
CP092035_pM10	CP132117_pM10	99.613	4135	16	0	1	4135	1	4135	0.0	7548
CP092035_pM10	CP132117_pM10	97.496	4153	88	6	7141	11281	7724	11872	0.0	7079
CP092035_pM10	CP132117_pM10	98.956	3735	26	9	23591	27316	20847	24577	0.0	6669
CP092035_pM10	CP132117_pM10	99.044	3347	32	0	27312	30658	24811	28157	0.0	6004
CP092035_pM10	CP132117_pM10	98.273	1390	24	0	4812	6201	6303	7692	0.0	2435
CP092035_pM10	CP132117_pM10	99.471	1324	7	0	20760	22083	17791	19114	0.0	2407
CP092035_pM10	CP132117_pM10	88.919	1119	97	22	22488	23591	19630	20736	0.0	1354
CP092035_pM10	CP132117_pM10	82.292	288	33	17	20481	20755	21728	22010	4.19e-61	233
CP092035_pM10	CP071588_pM10	99.281	4311	26	2	15206	19515	13486	17792	0.0	7784
CP092035_pM10	CP071588_pM10	99.613	4135	16	0	1	4135	1	4135	0.0	7548
CP092035_pM10	CP071588_pM10	97.949	3998	67	5	7141	11125	7724	11719	0.0	6914
CP092035_pM10	CP071588_pM10	98.822	3735	31	9	23591	27316	20910	24640	0.0	6641
CP092035_pM10	CP071588_pM10	99.044	3347	32	0	27312	30658	24874	28220	0.0	6004
CP092035_pM10	CP071588_pM10	98.489	1390	21	0	4812	6201	6303	7692	0.0	2451
CP092035_pM10	CP071588_pM10	99.471	1324	7	0	20760	22083	17854	19177	0.0	2407
CP092035_pM10	CP071588_pM10	88.919	1119	97	22	22488	23591	19693	20799	0.0	1354
CP092035_pM10	CP071588_pM10	90.232	604	52	2	14439	15036	12814	13416	0.0	782
CP092035_pM10	CP071588_pM10	82.639	288	32	16	20481	20755	21791	22073	9.00e-63	239
CP092035_pM10	CP066747_pM10	99.235	4311	26	2	15206	19515	13486	17790	0.0	7771
CP092035_pM10	CP066747_pM10	99.613	4135	16	0	1	4135	1	4135	0.0	7548
CP092035_pM10	CP066747_pM10	97.949	3998	67	5	7141	11125	7724	11719	0.0	6914
CP092035_pM10	CP066747_pM10	98.822	3735	31	9	23591	27316	20908	24638	0.0	6641
CP092035_pM10	CP066747_pM10	99.044	3347	32	0	27312	30658	24872	28218	0.0	6004
CP092035_pM10	CP066747_pM10	98.489	1390	21	0	4812	6201	6303	7692	0.0	2451
CP092035_pM10	CP066747_pM10	99.471	1324	7	0	20760	22083	17852	19175	0.0	2407
CP092035_pM10	CP066747_pM10	88.919	1119	97	22	22488	23591	19691	20797	0.0	1354
CP092035_pM10	CP066747_pM10	90.232	604	52	2	14439	15036	12814	13416	0.0	782
CP092035_pM10	CP066747_pM10	82.639	288	32	16	20481	20755	21789	22071	9.00e-63	239
CP092035_pM10	CP044172_pM10	99.145	4209	24	1	15307	19515	10507	14703	0.0	7563
CP092035_pM10	CP044172_pM10	99.613	4135	16	0	1	4135	1	4135	0.0	7548
CP092035_pM10	CP044172_pM10	98.956	3735	26	9	23591	27316	17821	21551	0.0	6669
CP092035_pM10	CP044172_pM10	99.044	3347	32	0	27312	30658	21785	25131	0.0	6004
CP092035_pM10	CP044172_pM10	96.770	2786	86	3	7141	9924	7724	10507	0.0	4643
CP092035_pM10	CP044172_pM10	98.273	1390	24	0	4812	6201	6303	7692	0.0	2435
CP092035_pM10	CP044172_pM10	99.471	1324	7	0	20760	22083	14765	16088	0.0	2407
CP092035_pM10	CP044172_pM10	88.919	1119	97	22	22488	23591	16604	17710	0.0	1354
CP092035_pM10	CP044172_pM10	82.292	288	33	17	20481	20755	18702	18984	4.19e-61	233
CP125385_pM10	CP092035_pM10	99.266	15521	84	4	15025	30516	15139	30658	0.0	28003
CP125385_pM10	CP092035_pM10	99.636	15117	22	5	1	15085	1	15116	0.0	27580
CP125385_pM10	CP092035_pM10	82.639	288	32	16	24324	24606	20481	20755	8.96e-63	239
CP125385_pM10	CP092035_pM10	82.639	288	32	16	20351	20625	24466	24748	8.96e-63	239
CP125385_pM10	CP092035_pM10	100.000	47	0	0	20159	20205	19876	19922	3.43e-17	87.9
CP125385_pM10	CP092035_pM10	100.000	47	0	0	19746	19792	20289	20335	3.43e-17	87.9
CP125385_pM10	CP132131_pM10	97.972	8185	130	21	22358	30516	23770	31944	0.0	14163
CP125385_pM10	CP132131_pM10	98.458	7979	94	5	7133	15085	8287	16262	0.0	14026
CP125385_pM10	CP132131_pM10	98.102	4479	75	3	15025	19494	16285	20762	0.0	7792
CP125385_pM10	CP132131_pM10	99.155	3315	26	2	2880	6193	4942	8255	0.0	5965
CP125385_pM10	CP132131_pM10	99.931	2881	2	0	1	2881	1	2881	0.0	5310
CP125385_pM10	CP132131_pM10	99.482	2317	12	0	19637	21953	20938	23254	0.0	4213
CP125385_pM10	CP132131_pM10	82.639	288	32	16	24324	24606	21652	21926	8.96e-63	239
CP125385_pM10	CP132131_pM10	82.639	288	32	16	20351	20625	25752	26034	8.96e-63	239
CP125385_pM10	CP132131_pM10	100.000	47	0	0	20159	20205	21047	21093	3.43e-17	87.9
CP125385_pM10	CP132131_pM10	100.000	47	0	0	19746	19792	21460	21506	3.43e-17	87.9
CP125385_pM10	CP132129_pM10	97.972	8185	130	21	22358	30516	23767	31941	0.0	14163
CP125385_pM10	CP132129_pM10	98.458	7979	94	5	7133	15085	8288	16263	0.0	14026
CP125385_pM10	CP132129_pM10	98.190	4475	75	3	15025	19494	16286	20759	0.0	7810
CP125385_pM10	CP132129_pM10	99.186	3315	26	1	2880	6193	4942	8256	0.0	5971
CP125385_pM10	CP132129_pM10	99.931	2881	2	0	1	2881	1	2881	0.0	5310
CP125385_pM10	CP132129_pM10	99.482	2317	12	0	19637	21953	20935	23251	0.0	4213
CP125385_pM10	CP132129_pM10	82.639	288	32	16	24324	24606	21649	21923	8.96e-63	239
CP125385_pM10	CP132129_pM10	82.639	288	32	16	20351	20625	25749	26031	8.96e-63	239
CP125385_pM10	CP132129_pM10	100.000	47	0	0	20159	20205	21044	21090	3.43e-17	87.9
CP125385_pM10	CP132129_pM10	100.000	47	0	0	19746	19792	21457	21503	3.43e-17	87.9
CP125385_pM10	CP132127_pM10	97.972	8185	130	21	22358	30516	23773	31947	0.0	14163
CP125385_pM10	CP132127_pM10	98.458	7979	94	5	7133	15085	8288	16263	0.0	14026
CP125385_pM10	CP132127_pM10	98.058	4481	75	3	15025	19494	16286	20765	0.0	7782
CP125385_pM10	CP132127_pM10	99.186	3315	26	1	2880	6193	4942	8256	0.0	5971
CP125385_pM10	CP132127_pM10	99.931	2881	2	0	1	2881	1	2881	0.0	5310
CP125385_pM10	CP132127_pM10	99.482	2317	12	0	19637	21953	20941	23257	0.0	4213
CP125385_pM10	CP132127_pM10	82.639	288	32	16	24324	24606	21655	21929	8.96e-63	239
CP125385_pM10	CP132127_pM10	82.639	288	32	16	20351	20625	25755	26037	8.96e-63	239
CP125385_pM10	CP132127_pM10	100.000	47	0	0	20159	20205	21050	21096	3.43e-17	87.9
CP125385_pM10	CP132127_pM10	100.000	47	0	0	19746	19792	21463	21509	3.43e-17	87.9
CP125385_pM10	CP132125_pM10	97.972	8185	130	21	22358	30516	23768	31942	0.0	14163
CP125385_pM10	CP132125_pM10	98.458	7979	94	5	7133	15085	8288	16263	0.0	14026
CP125385_pM10	CP132125_pM10	98.124	4477	75	4	15025	19494	16286	20760	0.0	7793
CP125385_pM10	CP132125_pM10	99.186	3315	26	1	2880	6193	4942	8256	0.0	5971
CP125385_pM10	CP132125_pM10	99.931	2881	2	0	1	2881	1	2881	0.0	5310
CP125385_pM10	CP132125_pM10	99.482	2317	12	0	19637	21953	20936	23252	0.0	4213
CP125385_pM10	CP132125_pM10	82.639	288	32	16	24324	24606	21650	21924	8.96e-63	239
CP125385_pM10	CP132125_pM10	82.639	288	32	16	20351	20625	25750	26032	8.96e-63	239
CP125385_pM10	CP132125_pM10	100.000	47	0	0	20159	20205	21045	21091	3.43e-17	87.9
CP125385_pM10	CP132125_pM10	100.000	47	0	0	19746	19792	21458	21504	3.43e-17	87.9
CP125385_pM10	SC0600_pM10	97.565	8256	156	35	22293	30516	21339	29581	0.0	14091
CP125385_pM10	SC0600_pM10	97.656	4735	105	6	16511	21242	14284	19015	0.0	8124
CP125385_pM10	SC0600_pM10	99.831	4135	7	0	1	4135	1	4135	0.0	7598
CP125385_pM10	SC0600_pM10	96.055	3295	88	19	7133	10389	7736	11026	0.0	5326
CP125385_pM10	SC0600_pM10	98.489	1390	21	0	4804	6193	6315	7704	0.0	2451
CP125385_pM10	SC0600_pM10	92.749	1655	85	15	14407	16046	12649	14283	0.0	2359
CP125385_pM10	SC0600_pM10	99.713	696	1	1	21239	21933	20193	20888	0.0	1273
CP125385_pM10	SC0600_pM10	96.386	498	13	5	10708	11203	11022	11516	0.0	815
CP125385_pM10	SC0600_pM10	97.297	222	5	1	20159	20380	19400	19620	6.54e-104	375
CP125385_pM10	SC0600_pM10	82.639	288	32	16	24324	24606	18124	18398	8.96e-63	239
CP125385_pM10	SC0600_pM10	94.231	156	9	0	19637	19792	19291	19446	8.96e-63	239
CP125385_pM10	SC0600_pM10	82.639	288	32	16	20351	20625	23389	23671	8.96e-63	239
CP125385_pM10	SC0600_pM10	95.506	89	4	0	19409	19497	19030	19118	7.22e-34	143
CP125385_pM10	SC0600_pM10	100.000	47	0	0	20159	20205	17519	17565	3.43e-17	87.9
CP125385_pM10	SC0600_pM10	100.000	47	0	0	19746	19792	17932	17978	3.43e-17	87.9
CP125385_pM10	CP066747_pM10	96.078	4998	156	16	14407	19385	12814	17790	0.0	8107
CP125385_pM10	CP066747_pM10	99.613	4135	16	0	1	4135	1	4135	0.0	7548
CP125385_pM10	CP066747_pM10	97.374	3998	66	6	7133	11093	7724	11719	0.0	6765
CP125385_pM10	CP066747_pM10	99.612	3609	12	2	23567	27174	21031	24638	0.0	6586
CP125385_pM10	CP066747_pM10	98.984	3347	34	0	27170	30516	24872	28218	0.0	5993
CP125385_pM10	CP066747_pM10	98.489	1390	21	0	4804	6193	6303	7692	0.0	2451
CP125385_pM10	CP066747_pM10	99.547	1324	6	0	20630	21953	17852	19175	0.0	2412
CP125385_pM10	CP066747_pM10	88.919	1119	97	22	22358	23461	19691	20797	0.0	1354
CP125385_pM10	CP066747_pM10	82.639	288	32	16	20351	20625	21789	22071	8.96e-63	239
CP125385_pM10	CP071588_pM10	96.040	5000	156	16	14407	19385	12814	17792	0.0	8098
CP125385_pM10	CP071588_pM10	99.613	4135	16	0	1	4135	1	4135	0.0	7548
CP125385_pM10	CP071588_pM10	97.374	3998	66	6	7133	11093	7724	11719	0.0	6765
CP125385_pM10	CP071588_pM10	99.612	3609	12	2	23567	27174	21033	24640	0.0	6586
CP125385_pM10	CP071588_pM10	98.984	3347	34	0	27170	30516	24874	28220	0.0	5993
CP125385_pM10	CP071588_pM10	98.489	1390	21	0	4804	6193	6303	7692	0.0	2451
CP125385_pM10	CP071588_pM10	99.547	1324	6	0	20630	21953	17854	19177	0.0	2412
CP125385_pM10	CP071588_pM10	88.919	1119	97	22	22358	23461	19693	20799	0.0	1354
CP125385_pM10	CP071588_pM10	82.639	288	32	16	20351	20625	21791	22073	8.96e-63	239
CP125385_pM10	CP132117_pM10	98.556	4362	61	2	15025	19385	13369	17729	0.0	7705
CP125385_pM10	CP132117_pM10	99.613	4135	16	0	1	4135	1	4135	0.0	7548
CP125385_pM10	CP132117_pM10	96.966	4153	86	7	7133	11249	7724	11872	0.0	6935
CP125385_pM10	CP132117_pM10	99.806	3609	5	2	23567	27174	20970	24577	0.0	6625
CP125385_pM10	CP132117_pM10	98.984	3347	34	0	27170	30516	24811	28157	0.0	5993
CP125385_pM10	CP132117_pM10	98.293	1523	24	2	13564	15085	11825	13346	0.0	2667
CP125385_pM10	CP132117_pM10	98.273	1390	24	0	4804	6193	6303	7692	0.0	2435
CP125385_pM10	CP132117_pM10	99.547	1324	6	0	20630	21953	17791	19114	0.0	2412
CP125385_pM10	CP132117_pM10	88.919	1119	97	22	22358	23461	19630	20736	0.0	1354
CP125385_pM10	CP132117_pM10	82.292	288	33	17	20351	20625	21728	22010	4.17e-61	233
CP125385_pM10	CP044172_pM10	99.613	4135	16	0	1	4135	1	4135	0.0	7548
CP125385_pM10	CP044172_pM10	98.570	4197	56	1	15193	19385	10507	14703	0.0	7415
CP125385_pM10	CP044172_pM10	99.806	3609	5	2	23567	27174	17944	21551	0.0	6625
CP125385_pM10	CP044172_pM10	98.984	3347	34	0	27170	30516	21785	25131	0.0	5993
CP125385_pM10	CP044172_pM10	96.805	2786	85	3	7133	9916	7724	10507	0.0	4649
CP125385_pM10	CP044172_pM10	98.273	1390	24	0	4804	6193	6303	7692	0.0	2435
CP125385_pM10	CP044172_pM10	99.547	1324	6	0	20630	21953	14765	16088	0.0	2412
CP125385_pM10	CP044172_pM10	88.919	1119	97	22	22358	23461	16604	17710	0.0	1354
CP125385_pM10	CP044172_pM10	82.292	288	33	17	20351	20625	18702	18984	4.17e-61	233
CP132117_pM10	CP044172_pM10	99.973	14625	0	1	13537	28157	10507	25131	0.0	26982
CP132117_pM10	CP044172_pM10	100.000	10507	0	0	1	10507	1	10507	0.0	19403
CP132117_pM10	CP044172_pM10	98.795	83	0	1	19451	19532	16098	16180	5.15e-35	147
CP132117_pM10	CP044172_pM10	98.795	83	0	1	19124	19206	16425	16506	5.15e-35	147
CP132117_pM10	CP066747_pM10	99.661	14733	39	2	13436	28157	13486	28218	0.0	26919
CP132117_pM10	CP066747_pM10	99.642	11719	40	2	1	11717	1	11719	0.0	21407
CP132117_pM10	CP066747_pM10	89.145	608	59	2	12665	13266	12810	13416	0.0	750
CP132117_pM10	CP066747_pM10	98.795	83	0	1	19451	19532	19185	19267	5.15e-35	147
CP132117_pM10	CP066747_pM10	98.795	83	0	1	19124	19206	19512	19593	5.15e-35	147
CP132117_pM10	CP071588_pM10	99.647	14735	39	2	13436	28157	13486	28220	0.0	26910
CP132117_pM10	CP071588_pM10	99.642	11719	40	2	1	11717	1	11719	0.0	21407
CP132117_pM10	CP071588_pM10	89.145	608	59	2	12665	13266	12810	13416	0.0	750
CP132117_pM10	CP071588_pM10	98.795	83	0	1	19451	19532	19187	19269	5.15e-35	147
CP132117_pM10	CP071588_pM10	98.795	83	0	1	19124	19206	19514	19595	5.15e-35	147
CP132117_pM10	SC0600_pM10	99.129	11028	80	8	1	11014	1	11026	0.0	19819
CP132117_pM10	SC0600_pM10	99.277	3734	20	4	20847	24577	22510	26239	0.0	6739
CP132117_pM10	SC0600_pM10	99.671	3347	11	0	24811	28157	26235	29581	0.0	6120
CP132117_pM10	SC0600_pM10	99.617	2875	11	0	14855	17729	14284	17158	0.0	5249
CP132117_pM10	SC0600_pM10	91.203	2353	156	38	18400	20736	20193	22510	0.0	3151
CP132117_pM10	SC0600_pM10	96.050	962	31	2	13436	14390	13322	14283	0.0	1559
CP132117_pM10	SC0600_pM10	92.616	623	19	7	11332	11951	11022	11620	0.0	870
CP132117_pM10	SC0600_pM10	90.789	608	50	1	12665	13266	12645	13252	0.0	808
CP132117_pM10	SC0600_pM10	89.577	614	62	2	17791	18403	18403	19015	0.0	778
CP132117_pM10	SC0600_pM10	82.292	288	33	17	21728	22010	18124	18398	3.84e-61	233
CP132117_pM10	CP132129_pM10	99.069	5909	50	2	11825	17729	14743	20650	0.0	10602
CP132117_pM10	CP132129_pM10	98.851	5572	52	3	6303	11872	6867	12428	0.0	9925
CP132117_pM10	CP132129_pM10	98.929	3735	28	9	20847	24577	24873	28599	0.0	6665
CP132117_pM10	CP132129_pM10	99.821	3347	6	0	24811	28157	28595	31941	0.0	6148
CP132117_pM10	CP132129_pM10	99.757	2881	7	0	1	2881	1	2881	0.0	5282
CP132117_pM10	CP132129_pM10	98.881	2948	29	3	17791	20736	21928	24873	0.0	5258
CP132117_pM10	CP132129_pM10	99.841	1256	2	0	2880	4135	4942	6197	0.0	2309
CP132117_pM10	CP132129_pM10	82.292	288	33	17	21728	22010	21649	21923	3.84e-61	233
CP132117_pM10	CP132129_pM10	98.795	83	0	1	19451	19532	23261	23343	5.15e-35	147
CP132117_pM10	CP132129_pM10	98.795	83	0	1	19124	19206	23588	23669	5.15e-35	147
CP132117_pM10	CP132125_pM10	99.019	5911	50	3	11825	17729	14743	20651	0.0	10587
CP132117_pM10	CP132125_pM10	98.851	5572	52	3	6303	11872	6867	12428	0.0	9925
CP132117_pM10	CP132125_pM10	98.929	3735	28	9	20847	24577	24874	28600	0.0	6665
CP132117_pM10	CP132125_pM10	99.821	3347	6	0	24811	28157	28596	31942	0.0	6148
CP132117_pM10	CP132125_pM10	99.757	2881	7	0	1	2881	1	2881	0.0	5282
CP132117_pM10	CP132125_pM10	98.881	2948	29	3	17791	20736	21929	24874	0.0	5258
CP132117_pM10	CP132125_pM10	99.841	1256	2	0	2880	4135	4942	6197	0.0	2309
CP132117_pM10	CP132125_pM10	82.292	288	33	17	21728	22010	21650	21924	3.84e-61	233
CP132117_pM10	CP132125_pM10	98.795	83	0	1	19451	19532	23262	23344	5.15e-35	147
CP132117_pM10	CP132125_pM10	98.795	83	0	1	19124	19206	23589	23670	5.15e-35	147
CP132117_pM10	CP132131_pM10	99.002	5913	50	2	11825	17729	14742	20653	0.0	10584
CP132117_pM10	CP132131_pM10	98.851	5572	52	3	6303	11872	6866	12427	0.0	9925
CP132117_pM10	CP132131_pM10	98.929	3735	28	9	20847	24577	24876	28602	0.0	6665
CP132117_pM10	CP132131_pM10	99.821	3347	6	0	24811	28157	28598	31944	0.0	6148
CP132117_pM10	CP132131_pM10	99.757	2881	7	0	1	2881	1	2881	0.0	5282
CP132117_pM10	CP132131_pM10	98.881	2948	29	3	17791	20736	21931	24876	0.0	5258
CP132117_pM10	CP132131_pM10	99.761	1256	2	1	2880	4135	4942	6196	0.0	2302
CP132117_pM10	CP132131_pM10	82.292	288	33	17	21728	22010	21652	21926	3.84e-61	233
CP132117_pM10	CP132131_pM10	98.795	83	0	1	19451	19532	23264	23346	5.15e-35	147
CP132117_pM10	CP132131_pM10	98.795	83	0	1	19124	19206	23591	23672	5.15e-35	147
CP132117_pM10	CP132127_pM10	98.969	5915	50	2	11825	17729	14743	20656	0.0	10575
CP132117_pM10	CP132127_pM10	98.851	5572	52	3	6303	11872	6867	12428	0.0	9925
CP132117_pM10	CP132127_pM10	98.929	3735	28	9	20847	24577	24879	28605	0.0	6665
CP132117_pM10	CP132127_pM10	99.821	3347	6	0	24811	28157	28601	31947	0.0	6148
CP132117_pM10	CP132127_pM10	99.757	2881	7	0	1	2881	1	2881	0.0	5282
CP132117_pM10	CP132127_pM10	98.881	2948	29	3	17791	20736	21934	24879	0.0	5258
CP132117_pM10	CP132127_pM10	99.841	1256	2	0	2880	4135	4942	6197	0.0	2309
CP132117_pM10	CP132127_pM10	82.292	288	33	17	21728	22010	21655	21929	3.84e-61	233
CP132117_pM10	CP132127_pM10	98.795	83	0	1	19451	19532	23267	23349	5.15e-35	147
CP132117_pM10	CP132127_pM10	98.795	83	0	1	19124	19206	23594	23675	5.15e-35	147
CP132117_pM10	CP092035_pM10	98.936	5921	46	2	11825	17729	13596	19515	0.0	10569
CP132117_pM10	CP092035_pM10	99.613	4135	16	0	1	4135	1	4135	0.0	7548
CP132117_pM10	CP092035_pM10	97.496	4153	88	6	7724	11872	7141	11281	0.0	7079
CP132117_pM10	CP092035_pM10	98.956	3735	26	9	20847	24577	23591	27316	0.0	6669
CP132117_pM10	CP092035_pM10	99.044	3347	32	0	24811	28157	27312	30658	0.0	6004
CP132117_pM10	CP092035_pM10	98.273	1390	24	0	6303	7692	4812	6201	0.0	2435
CP132117_pM10	CP092035_pM10	99.471	1324	7	0	17791	19114	20760	22083	0.0	2407
CP132117_pM10	CP092035_pM10	88.919	1119	97	22	19630	20736	22488	23591	0.0	1354
CP132117_pM10	CP092035_pM10	82.292	288	33	17	21728	22010	20481	20755	3.84e-61	233
CP132117_pM10	CP125385_pM10	98.556	4362	61	2	13369	17729	15025	19385	0.0	7705
CP132117_pM10	CP125385_pM10	99.613	4135	16	0	1	4135	1	4135	0.0	7548
CP132117_pM10	CP125385_pM10	96.966	4153	86	7	7724	11872	7133	11249	0.0	6935
CP132117_pM10	CP125385_pM10	99.806	3609	5	2	20970	24577	23567	27174	0.0	6625
CP132117_pM10	CP125385_pM10	98.984	3347	34	0	24811	28157	27170	30516	0.0	5993
CP132117_pM10	CP125385_pM10	98.293	1523	24	2	11825	13346	13564	15085	0.0	2667
CP132117_pM10	CP125385_pM10	98.273	1390	24	0	6303	7692	4804	6193	0.0	2435
CP132117_pM10	CP125385_pM10	99.547	1324	6	0	17791	19114	20630	21953	0.0	2412
CP132117_pM10	CP125385_pM10	88.919	1119	97	22	19630	20736	22358	23461	0.0	1354
CP132117_pM10	CP125385_pM10	82.292	288	33	17	21728	22010	20351	20625	3.84e-61	233
CP132125_pM10	CP132129_pM10	99.991	31943	0	2	1	31942	1	31941	0.0	58968
CP132125_pM10	CP132129_pM10	82.639	288	32	16	25750	26032	21649	21923	9.37e-63	239
CP132125_pM10	CP132129_pM10	82.639	288	32	16	21650	21924	25749	26031	9.37e-63	239
CP132125_pM10	CP132129_pM10	98.795	83	0	1	23589	23670	23261	23343	5.85e-35	147
CP132125_pM10	CP132129_pM10	98.795	83	0	1	23262	23344	23588	23669	5.85e-35	147
CP132125_pM10	CP132129_pM10	100.000	47	0	0	21458	21504	21044	21090	3.59e-17	87.9
CP132125_pM10	CP132129_pM10	100.000	47	0	0	21045	21091	21457	21503	3.59e-17	87.9
CP132125_pM10	CP132131_pM10	99.987	31945	0	3	1	31942	1	31944	0.0	58966
CP132125_pM10	CP132131_pM10	82.639	288	32	16	25750	26032	21652	21926	9.37e-63	239
CP132125_pM10	CP132131_pM10	82.639	288	32	16	21650	21924	25752	26034	9.37e-63	239
CP132125_pM10	CP132131_pM10	98.795	83	0	1	23589	23670	23264	23346	5.85e-35	147
CP132125_pM10	CP132131_pM10	98.795	83	0	1	23262	23344	23591	23672	5.85e-35	147
CP132125_pM10	CP132131_pM10	100.000	47	0	0	21458	21504	21047	21093	3.59e-17	87.9
CP132125_pM10	CP132131_pM10	100.000	47	0	0	21045	21091	21460	21506	3.59e-17	87.9
CP132125_pM10	CP132127_pM10	99.984	31947	0	2	1	31942	1	31947	0.0	58962
CP132125_pM10	CP132127_pM10	82.639	288	32	16	25750	26032	21655	21929	9.37e-63	239
CP132125_pM10	CP132127_pM10	82.639	288	32	16	21650	21924	25755	26037	9.37e-63	239
CP132125_pM10	CP132127_pM10	98.795	83	0	1	23589	23670	23267	23349	5.85e-35	147
CP132125_pM10	CP132127_pM10	98.795	83	0	1	23262	23344	23594	23675	5.85e-35	147
CP132125_pM10	CP132127_pM10	100.000	47	0	0	21458	21504	21050	21096	3.59e-17	87.9
CP132125_pM10	CP132127_pM10	100.000	47	0	0	21045	21091	21463	21509	3.59e-17	87.9
CP132125_pM10	CP092035_pM10	99.207	12486	84	5	8288	20760	7141	19624	0.0	22495
CP132125_pM10	CP092035_pM10	98.082	8185	133	20	23768	31942	22488	30658	0.0	14224
CP132125_pM10	CP092035_pM10	99.007	3322	26	2	4942	8256	2880	6201	0.0	5945
CP132125_pM10	CP092035_pM10	99.931	2881	2	0	1	2881	1	2881	0.0	5310
CP132125_pM10	CP092035_pM10	99.439	2317	13	0	20936	23252	19767	22083	0.0	4207
CP132125_pM10	CP092035_pM10	82.639	288	32	16	25750	26032	20481	20755	9.37e-63	239
CP132125_pM10	CP092035_pM10	82.639	288	32	16	21650	21924	24466	24748	9.37e-63	239
CP132125_pM10	CP092035_pM10	100.000	47	0	0	21458	21504	19876	19922	3.59e-17	87.9
CP132125_pM10	CP092035_pM10	100.000	47	0	0	21045	21091	20289	20335	3.59e-17	87.9
CP132125_pM10	SC0600_pM10	97.698	9426	159	43	22538	31942	20193	29581	0.0	16151
CP132125_pM10	SC0600_pM10	99.427	4714	13	8	6867	11568	6315	11026	0.0	8543
CP132125_pM10	SC0600_pM10	99.397	2984	18	0	17777	20760	14284	17267	0.0	5411
CP132125_pM10	SC0600_pM10	99.931	2881	2	0	1	2881	1	2881	0.0	5310
CP132125_pM10	SC0600_pM10	94.403	1608	86	4	20936	22541	17410	19015	0.0	2468
CP132125_pM10	SC0600_pM10	100.000	1256	0	0	4942	6197	2880	4135	0.0	2320
CP132125_pM10	SC0600_pM10	96.570	962	32	1	16352	17312	13322	14283	0.0	1592
CP132125_pM10	SC0600_pM10	91.887	604	43	1	15586	16183	12649	13252	0.0	839
CP132125_pM10	SC0600_pM10	96.386	498	13	5	11887	12382	11022	11516	0.0	815
CP132125_pM10	SC0600_pM10	83.215	423	59	12	20675	21091	19030	19446	1.90e-104	377
CP132125_pM10	SC0600_pM10	97.297	222	5	1	21458	21679	19400	19620	6.85e-104	375
CP132125_pM10	SC0600_pM10	82.639	288	32	16	25750	26032	18124	18398	9.37e-63	239
CP132125_pM10	SC0600_pM10	82.639	288	32	16	21650	21924	23389	23671	9.37e-63	239
CP132125_pM10	SC0600_pM10	100.000	47	0	0	21458	21504	17519	17565	3.59e-17	87.9
CP132125_pM10	SC0600_pM10	100.000	47	0	0	21045	21091	17932	17978	3.59e-17	87.9
CP132125_pM10	CP125385_pM10	97.972	8185	130	21	23768	31942	22358	30516	0.0	14163
CP132125_pM10	CP125385_pM10	98.458	7979	94	5	8288	16263	7133	15085	0.0	14026
CP132125_pM10	CP125385_pM10	98.124	4477	75	4	16286	20760	15025	19494	0.0	7793
CP132125_pM10	CP125385_pM10	99.186	3315	26	1	4942	8256	2880	6193	0.0	5971
CP132125_pM10	CP125385_pM10	99.931	2881	2	0	1	2881	1	2881	0.0	5310
CP132125_pM10	CP125385_pM10	99.482	2317	12	0	20936	23252	19637	21953	0.0	4213
CP132125_pM10	CP125385_pM10	82.639	288	32	16	25750	26032	20351	20625	9.37e-63	239
CP132125_pM10	CP125385_pM10	82.639	288	32	16	21650	21924	24324	24606	9.37e-63	239
CP132125_pM10	CP125385_pM10	100.000	47	0	0	21458	21504	19746	19792	3.59e-17	87.9
CP132125_pM10	CP125385_pM10	100.000	47	0	0	21045	21091	20159	20205	3.59e-17	87.9
CP132125_pM10	CP132117_pM10	99.019	5911	50	3	14743	20651	11825	17729	0.0	10587
CP132125_pM10	CP132117_pM10	98.851	5572	52	3	6867	12428	6303	11872	0.0	9925
CP132125_pM10	CP132117_pM10	98.929	3735	28	9	24874	28600	20847	24577	0.0	6665
CP132125_pM10	CP132117_pM10	99.821	3347	6	0	28596	31942	24811	28157	0.0	6148
CP132125_pM10	CP132117_pM10	99.757	2881	7	0	1	2881	1	2881	0.0	5282
CP132125_pM10	CP132117_pM10	98.881	2948	29	3	21929	24874	17791	20736	0.0	5258
CP132125_pM10	CP132117_pM10	99.841	1256	2	0	4942	6197	2880	4135	0.0	2309
CP132125_pM10	CP132117_pM10	82.292	288	33	17	21650	21924	21728	22010	4.36e-61	233
CP132125_pM10	CP132117_pM10	98.795	83	0	1	23589	23670	19124	19206	5.85e-35	147
CP132125_pM10	CP132117_pM10	98.795	83	0	1	23262	23344	19451	19532	5.85e-35	147
CP132125_pM10	CP071588_pM10	99.575	5417	12	2	6867	12272	6303	11719	0.0	9865
CP132125_pM10	CP071588_pM10	99.141	4307	30	2	16352	20651	13486	17792	0.0	7742
CP132125_pM10	CP071588_pM10	98.956	3735	27	9	24874	28600	20910	24640	0.0	6671
CP132125_pM10	CP071588_pM10	99.821	3347	6	0	28596	31942	24874	28220	0.0	6148
CP132125_pM10	CP071588_pM10	99.757	2881	7	0	1	2881	1	2881	0.0	5282
CP132125_pM10	CP071588_pM10	98.881	2948	29	3	21929	24874	17854	20799	0.0	5258
CP132125_pM10	CP071588_pM10	99.841	1256	2	0	4942	6197	2880	4135	0.0	2309
CP132125_pM10	CP071588_pM10	90.232	604	52	2	15586	16183	12814	13416	0.0	782
CP132125_pM10	CP071588_pM10	82.639	288	32	16	21650	21924	21791	22073	9.37e-63	239
CP132125_pM10	CP071588_pM10	98.795	83	0	1	23589	23670	19187	19269	5.85e-35	147
CP132125_pM10	CP071588_pM10	98.795	83	0	1	23262	23344	19514	19595	5.85e-35	147
CP132125_pM10	CP066747_pM10	99.575	5417	12	2	6867	12272	6303	11719	0.0	9865
CP132125_pM10	CP066747_pM10	99.187	4305	30	2	16352	20651	13486	17790	0.0	7751
CP132125_pM10	CP066747_pM10	98.956	3735	27	9	24874	28600	20908	24638	0.0	6671
CP132125_pM10	CP066747_pM10	99.821	3347	6	0	28596	31942	24872	28218	0.0	6148
CP132125_pM10	CP066747_pM10	99.757	2881	7	0	1	2881	1	2881	0.0	5282
CP132125_pM10	CP066747_pM10	98.881	2948	29	3	21929	24874	17852	20797	0.0	5258
CP132125_pM10	CP066747_pM10	99.841	1256	2	0	4942	6197	2880	4135	0.0	2309
CP132125_pM10	CP066747_pM10	90.232	604	52	2	15586	16183	12814	13416	0.0	782
CP132125_pM10	CP066747_pM10	82.639	288	32	16	21650	21924	21789	22071	9.37e-63	239
CP132125_pM10	CP066747_pM10	98.795	83	0	1	23589	23670	19185	19267	5.85e-35	147
CP132125_pM10	CP066747_pM10	98.795	83	0	1	23262	23344	19512	19593	5.85e-35	147
CP132125_pM10	CP044172_pM10	99.286	4199	28	1	16453	20651	10507	14703	0.0	7587
CP132125_pM10	CP044172_pM10	98.787	4205	51	0	6867	11071	6303	10507	0.0	7483
CP132125_pM10	CP044172_pM10	98.929	3735	28	9	24874	28600	17821	21551	0.0	6665
CP132125_pM10	CP044172_pM10	99.821	3347	6	0	28596	31942	21785	25131	0.0	6148
CP132125_pM10	CP044172_pM10	99.757	2881	7	0	1	2881	1	2881	0.0	5282
CP132125_pM10	CP044172_pM10	98.881	2948	29	3	21929	24874	14765	17710	0.0	5258
CP132125_pM10	CP044172_pM10	99.841	1256	2	0	4942	6197	2880	4135	0.0	2309
CP132125_pM10	CP044172_pM10	82.292	288	33	17	21650	21924	18702	18984	4.36e-61	233
CP132125_pM10	CP044172_pM10	98.795	83	0	1	23589	23670	16098	16180	5.85e-35	147
CP132125_pM10	CP044172_pM10	98.795	83	0	1	23262	23344	16425	16506	5.85e-35	147
CP132127_pM10	CP132131_pM10	99.991	31947	0	2	1	31947	1	31944	0.0	58975
CP132127_pM10	CP132131_pM10	82.639	288	32	16	25755	26037	21652	21926	9.38e-63	239
CP132127_pM10	CP132131_pM10	82.639	288	32	16	21655	21929	25752	26034	9.38e-63	239
CP132127_pM10	CP132131_pM10	98.795	83	0	1	23594	23675	23264	23346	5.85e-35	147
CP132127_pM10	CP132131_pM10	98.795	83	0	1	23267	23349	23591	23672	5.85e-35	147
CP132127_pM10	CP132131_pM10	100.000	47	0	0	21463	21509	21047	21093	3.59e-17	87.9
CP132127_pM10	CP132131_pM10	100.000	47	0	0	21050	21096	21460	21506	3.59e-17	87.9
CP132127_pM10	CP132125_pM10	99.984	31947	0	2	1	31947	1	31942	0.0	58962
CP132127_pM10	CP132125_pM10	82.639	288	32	16	25755	26037	21650	21924	9.38e-63	239
CP132127_pM10	CP132125_pM10	82.639	288	32	16	21655	21929	25750	26032	9.38e-63	239
CP132127_pM10	CP132125_pM10	98.795	83	0	1	23594	23675	23262	23344	5.85e-35	147
CP132127_pM10	CP132125_pM10	98.795	83	0	1	23267	23349	23589	23670	5.85e-35	147
CP132127_pM10	CP132125_pM10	100.000	47	0	0	21463	21509	21045	21091	3.59e-17	87.9
CP132127_pM10	CP132125_pM10	100.000	47	0	0	21050	21096	21458	21504	3.59e-17	87.9
CP132127_pM10	CP132129_pM10	99.981	31947	0	1	1	31947	1	31941	0.0	58957
CP132127_pM10	CP132129_pM10	82.639	288	32	16	25755	26037	21649	21923	9.38e-63	239
CP132127_pM10	CP132129_pM10	82.639	288	32	16	21655	21929	25749	26031	9.38e-63	239
CP132127_pM10	CP132129_pM10	98.795	83	0	1	23594	23675	23261	23343	5.85e-35	147
CP132127_pM10	CP132129_pM10	98.795	83	0	1	23267	23349	23588	23669	5.85e-35	147
CP132127_pM10	CP132129_pM10	100.000	47	0	0	21463	21509	21044	21090	3.59e-17	87.9
CP132127_pM10	CP132129_pM10	100.000	47	0	0	21050	21096	21457	21503	3.59e-17	87.9
CP132127_pM10	CP092035_pM10	99.247	12486	84	4	8288	20765	7141	19624	0.0	22528
CP132127_pM10	CP092035_pM10	98.082	8185	133	20	23773	31947	22488	30658	0.0	14224
CP132127_pM10	CP092035_pM10	99.007	3322	26	2	4942	8256	2880	6201	0.0	5945
CP132127_pM10	CP092035_pM10	99.931	2881	2	0	1	2881	1	2881	0.0	5310
CP132127_pM10	CP092035_pM10	99.439	2317	13	0	20941	23257	19767	22083	0.0	4207
CP132127_pM10	CP092035_pM10	82.639	288	32	16	25755	26037	20481	20755	9.38e-63	239
CP132127_pM10	CP092035_pM10	82.639	288	32	16	21655	21929	24466	24748	9.38e-63	239
CP132127_pM10	CP092035_pM10	100.000	47	0	0	21463	21509	19876	19922	3.59e-17	87.9
CP132127_pM10	CP092035_pM10	100.000	47	0	0	21050	21096	20289	20335	3.59e-17	87.9
CP132127_pM10	SC0600_pM10	97.698	9426	159	43	22543	31947	20193	29581	0.0	16151
CP132127_pM10	SC0600_pM10	99.427	4714	13	8	6867	11568	6315	11026	0.0	8543
CP132127_pM10	SC0600_pM10	99.397	2984	18	0	17782	20765	14284	17267	0.0	5411
CP132127_pM10	SC0600_pM10	99.931	2881	2	0	1	2881	1	2881	0.0	5310
CP132127_pM10	SC0600_pM10	94.403	1608	86	4	20941	22546	17410	19015	0.0	2468
CP132127_pM10	SC0600_pM10	100.000	1256	0	0	4942	6197	2880	4135	0.0	2320
CP132127_pM10	SC0600_pM10	96.170	966	32	2	16353	17317	13322	14283	0.0	1574
CP132127_pM10	SC0600_pM10	91.887	604	43	1	15586	16183	12649	13252	0.0	839
CP132127_pM10	SC0600_pM10	96.386	498	13	5	11887	12382	11022	11516	0.0	815
CP132127_pM10	SC0600_pM10	83.215	423	59	12	20680	21096	19030	19446	1.90e-104	377
CP132127_pM10	SC0600_pM10	97.297	222	5	1	21463	21684	19400	19620	6.85e-104	375
CP132127_pM10	SC0600_pM10	82.639	288	32	16	25755	26037	18124	18398	9.38e-63	239
CP132127_pM10	SC0600_pM10	82.639	288	32	16	21655	21929	23389	23671	9.38e-63	239
CP132127_pM10	SC0600_pM10	100.000	47	0	0	21463	21509	17519	17565	3.59e-17	87.9
CP132127_pM10	SC0600_pM10	100.000	47	0	0	21050	21096	17932	17978	3.59e-17	87.9
CP132127_pM10	CP125385_pM10	97.972	8185	130	21	23773	31947	22358	30516	0.0	14163
CP132127_pM10	CP125385_pM10	98.458	7979	94	5	8288	16263	7133	15085	0.0	14026
CP132127_pM10	CP125385_pM10	98.058	4481	75	3	16286	20765	15025	19494	0.0	7782
CP132127_pM10	CP125385_pM10	99.186	3315	26	1	4942	8256	2880	6193	0.0	5971
CP132127_pM10	CP125385_pM10	99.931	2881	2	0	1	2881	1	2881	0.0	5310
CP132127_pM10	CP125385_pM10	99.482	2317	12	0	20941	23257	19637	21953	0.0	4213
CP132127_pM10	CP125385_pM10	82.639	288	32	16	25755	26037	20351	20625	9.38e-63	239
CP132127_pM10	CP125385_pM10	82.639	288	32	16	21655	21929	24324	24606	9.38e-63	239
CP132127_pM10	CP125385_pM10	100.000	47	0	0	21463	21509	19746	19792	3.59e-17	87.9
CP132127_pM10	CP125385_pM10	100.000	47	0	0	21050	21096	20159	20205	3.59e-17	87.9
CP132127_pM10	CP132117_pM10	98.969	5915	50	2	14743	20656	11825	17729	0.0	10575
CP132127_pM10	CP132117_pM10	98.851	5572	52	3	6867	12428	6303	11872	0.0	9925
CP132127_pM10	CP132117_pM10	98.929	3735	28	9	24879	28605	20847	24577	0.0	6665
CP132127_pM10	CP132117_pM10	99.821	3347	6	0	28601	31947	24811	28157	0.0	6148
CP132127_pM10	CP132117_pM10	99.757	2881	7	0	1	2881	1	2881	0.0	5282
CP132127_pM10	CP132117_pM10	98.881	2948	29	3	21934	24879	17791	20736	0.0	5258
CP132127_pM10	CP132117_pM10	99.841	1256	2	0	4942	6197	2880	4135	0.0	2309
CP132127_pM10	CP132117_pM10	82.292	288	33	17	21655	21929	21728	22010	4.36e-61	233
CP132127_pM10	CP132117_pM10	98.795	83	0	1	23594	23675	19124	19206	5.85e-35	147
CP132127_pM10	CP132117_pM10	98.795	83	0	1	23267	23349	19451	19532	5.85e-35	147
CP132127_pM10	CP071588_pM10	99.575	5417	12	2	6867	12272	6303	11719	0.0	9865
CP132127_pM10	CP071588_pM10	99.234	4307	30	2	16353	20656	13486	17792	0.0	7768
CP132127_pM10	CP071588_pM10	98.956	3735	27	9	24879	28605	20910	24640	0.0	6671
CP132127_pM10	CP071588_pM10	99.821	3347	6	0	28601	31947	24874	28220	0.0	6148
CP132127_pM10	CP071588_pM10	99.757	2881	7	0	1	2881	1	2881	0.0	5282
CP132127_pM10	CP071588_pM10	98.881	2948	29	3	21934	24879	17854	20799	0.0	5258
CP132127_pM10	CP071588_pM10	99.841	1256	2	0	4942	6197	2880	4135	0.0	2309
CP132127_pM10	CP071588_pM10	90.232	604	52	2	15586	16183	12814	13416	0.0	782
CP132127_pM10	CP071588_pM10	82.639	288	32	16	21655	21929	21791	22073	9.38e-63	239
CP132127_pM10	CP071588_pM10	98.795	83	0	1	23594	23675	19187	19269	5.85e-35	147
CP132127_pM10	CP071588_pM10	98.795	83	0	1	23267	23349	19514	19595	5.85e-35	147
CP132127_pM10	CP066747_pM10	99.575	5417	12	2	6867	12272	6303	11719	0.0	9865
CP132127_pM10	CP066747_pM10	99.280	4305	30	1	16353	20656	13486	17790	0.0	7777
CP132127_pM10	CP066747_pM10	98.956	3735	27	9	24879	28605	20908	24638	0.0	6671
CP132127_pM10	CP066747_pM10	99.821	3347	6	0	28601	31947	24872	28218	0.0	6148
CP132127_pM10	CP066747_pM10	99.757	2881	7	0	1	2881	1	2881	0.0	5282
CP132127_pM10	CP066747_pM10	98.881	2948	29	3	21934	24879	17852	20797	0.0	5258
CP132127_pM10	CP066747_pM10	99.841	1256	2	0	4942	6197	2880	4135	0.0	2309
CP132127_pM10	CP066747_pM10	90.232	604	52	2	15586	16183	12814	13416	0.0	782
CP132127_pM10	CP066747_pM10	82.639	288	32	16	21655	21929	21789	22071	9.38e-63	239
CP132127_pM10	CP066747_pM10	98.795	83	0	1	23594	23675	19185	19267	5.85e-35	147
CP132127_pM10	CP066747_pM10	98.795	83	0	1	23267	23349	19512	19593	5.85e-35	147
CP132127_pM10	CP044172_pM10	99.191	4203	28	1	16454	20656	10507	14703	0.0	7568
CP132127_pM10	CP044172_pM10	98.787	4205	51	0	6867	11071	6303	10507	0.0	7483
CP132127_pM10	CP044172_pM10	98.929	3735	28	9	24879	28605	17821	21551	0.0	6665
CP132127_pM10	CP044172_pM10	99.821	3347	6	0	28601	31947	21785	25131	0.0	6148
CP132127_pM10	CP044172_pM10	99.757	2881	7	0	1	2881	1	2881	0.0	5282
CP132127_pM10	CP044172_pM10	98.881	2948	29	3	21934	24879	14765	17710	0.0	5258
CP132127_pM10	CP044172_pM10	99.841	1256	2	0	4942	6197	2880	4135	0.0	2309
CP132127_pM10	CP044172_pM10	82.292	288	33	17	21655	21929	18702	18984	4.36e-61	233
CP132127_pM10	CP044172_pM10	98.795	83	0	1	23594	23675	16098	16180	5.85e-35	147
CP132127_pM10	CP044172_pM10	98.795	83	0	1	23267	23349	16425	16506	5.85e-35	147
CP132129_pM10	CP132125_pM10	99.991	31943	0	2	1	31941	1	31942	0.0	58968
CP132129_pM10	CP132125_pM10	82.639	288	32	16	25749	26031	21650	21924	9.37e-63	239
CP132129_pM10	CP132125_pM10	82.639	288	32	16	21649	21923	25750	26032	9.37e-63	239
CP132129_pM10	CP132125_pM10	98.795	83	0	1	23588	23669	23262	23344	5.84e-35	147
CP132129_pM10	CP132125_pM10	98.795	83	0	1	23261	23343	23589	23670	5.84e-35	147
CP132129_pM10	CP132125_pM10	100.000	47	0	0	21457	21503	21045	21091	3.59e-17	87.9
CP132129_pM10	CP132125_pM10	100.000	47	0	0	21044	21090	21458	21504	3.59e-17	87.9
CP132129_pM10	CP132131_pM10	99.984	31945	0	2	1	31941	1	31944	0.0	58959
CP132129_pM10	CP132131_pM10	82.639	288	32	16	25749	26031	21652	21926	9.37e-63	239
CP132129_pM10	CP132131_pM10	82.639	288	32	16	21649	21923	25752	26034	9.37e-63	239
CP132129_pM10	CP132131_pM10	98.795	83	0	1	23588	23669	23264	23346	5.84e-35	147
CP132129_pM10	CP132131_pM10	98.795	83	0	1	23261	23343	23591	23672	5.84e-35	147
CP132129_pM10	CP132131_pM10	100.000	47	0	0	21457	21503	21047	21093	3.59e-17	87.9
CP132129_pM10	CP132131_pM10	100.000	47	0	0	21044	21090	21460	21506	3.59e-17	87.9
CP132129_pM10	CP132127_pM10	99.981	31947	0	1	1	31941	1	31947	0.0	58957
CP132129_pM10	CP132127_pM10	82.639	288	32	16	25749	26031	21655	21929	9.37e-63	239
CP132129_pM10	CP132127_pM10	82.639	288	32	16	21649	21923	25755	26037	9.37e-63	239
CP132129_pM10	CP132127_pM10	98.795	83	0	1	23588	23669	23267	23349	5.84e-35	147
CP132129_pM10	CP132127_pM10	98.795	83	0	1	23261	23343	23594	23675	5.84e-35	147
CP132129_pM10	CP132127_pM10	100.000	47	0	0	21457	21503	21050	21096	3.59e-17	87.9
CP132129_pM10	CP132127_pM10	100.000	47	0	0	21044	21090	21463	21509	3.59e-17	87.9
CP132129_pM10	CP092035_pM10	99.199	12486	84	4	8288	20759	7141	19624	0.0	22489
CP132129_pM10	CP092035_pM10	98.082	8185	133	20	23767	31941	22488	30658	0.0	14224
CP132129_pM10	CP092035_pM10	99.007	3322	26	2	4942	8256	2880	6201	0.0	5945
CP132129_pM10	CP092035_pM10	99.931	2881	2	0	1	2881	1	2881	0.0	5310
CP132129_pM10	CP092035_pM10	99.439	2317	13	0	20935	23251	19767	22083	0.0	4207
CP132129_pM10	CP092035_pM10	82.639	288	32	16	25749	26031	20481	20755	9.37e-63	239
CP132129_pM10	CP092035_pM10	82.639	288	32	16	21649	21923	24466	24748	9.37e-63	239
CP132129_pM10	CP092035_pM10	100.000	47	0	0	21457	21503	19876	19922	3.59e-17	87.9
CP132129_pM10	CP092035_pM10	100.000	47	0	0	21044	21090	20289	20335	3.59e-17	87.9
CP132129_pM10	SC0600_pM10	97.698	9426	159	43	22537	31941	20193	29581	0.0	16151
CP132129_pM10	SC0600_pM10	99.427	4714	13	8	6867	11568	6315	11026	0.0	8543
CP132129_pM10	SC0600_pM10	99.397	2984	18	0	17776	20759	14284	17267	0.0	5411
CP132129_pM10	SC0600_pM10	99.931	2881	2	0	1	2881	1	2881	0.0	5310
CP132129_pM10	SC0600_pM10	94.403	1608	86	4	20935	22540	17410	19015	0.0	2468
CP132129_pM10	SC0600_pM10	100.000	1256	0	0	4942	6197	2880	4135	0.0	2320
CP132129_pM10	SC0600_pM10	96.362	962	32	2	16353	17311	13322	14283	0.0	1580
CP132129_pM10	SC0600_pM10	91.887	604	43	1	15586	16183	12649	13252	0.0	839
CP132129_pM10	SC0600_pM10	96.386	498	13	5	11887	12382	11022	11516	0.0	815
CP132129_pM10	SC0600_pM10	83.215	423	59	12	20674	21090	19030	19446	1.90e-104	377
CP132129_pM10	SC0600_pM10	97.297	222	5	1	21457	21678	19400	19620	6.85e-104	375
CP132129_pM10	SC0600_pM10	82.639	288	32	16	25749	26031	18124	18398	9.37e-63	239
CP132129_pM10	SC0600_pM10	82.639	288	32	16	21649	21923	23389	23671	9.37e-63	239
CP132129_pM10	SC0600_pM10	100.000	47	0	0	21457	21503	17519	17565	3.59e-17	87.9
CP132129_pM10	SC0600_pM10	100.000	47	0	0	21044	21090	17932	17978	3.59e-17	87.9
CP132129_pM10	CP125385_pM10	97.972	8185	130	21	23767	31941	22358	30516	0.0	14163
CP132129_pM10	CP125385_pM10	98.458	7979	94	5	8288	16263	7133	15085	0.0	14026
CP132129_pM10	CP125385_pM10	98.190	4475	75	3	16286	20759	15025	19494	0.0	7810
CP132129_pM10	CP125385_pM10	99.186	3315	26	1	4942	8256	2880	6193	0.0	5971
CP132129_pM10	CP125385_pM10	99.931	2881	2	0	1	2881	1	2881	0.0	5310
CP132129_pM10	CP125385_pM10	99.482	2317	12	0	20935	23251	19637	21953	0.0	4213
CP132129_pM10	CP125385_pM10	82.639	288	32	16	25749	26031	20351	20625	9.37e-63	239
CP132129_pM10	CP125385_pM10	82.639	288	32	16	21649	21923	24324	24606	9.37e-63	239
CP132129_pM10	CP125385_pM10	100.000	47	0	0	21457	21503	19746	19792	3.59e-17	87.9
CP132129_pM10	CP125385_pM10	100.000	47	0	0	21044	21090	20159	20205	3.59e-17	87.9
CP132129_pM10	CP132117_pM10	99.069	5909	50	2	14743	20650	11825	17729	0.0	10602
CP132129_pM10	CP132117_pM10	98.851	5572	52	3	6867	12428	6303	11872	0.0	9925
CP132129_pM10	CP132117_pM10	98.929	3735	28	9	24873	28599	20847	24577	0.0	6665
CP132129_pM10	CP132117_pM10	99.821	3347	6	0	28595	31941	24811	28157	0.0	6148
CP132129_pM10	CP132117_pM10	99.757	2881	7	0	1	2881	1	2881	0.0	5282
CP132129_pM10	CP132117_pM10	98.881	2948	29	3	21928	24873	17791	20736	0.0	5258
CP132129_pM10	CP132117_pM10	99.841	1256	2	0	4942	6197	2880	4135	0.0	2309
CP132129_pM10	CP132117_pM10	82.292	288	33	17	21649	21923	21728	22010	4.36e-61	233
CP132129_pM10	CP132117_pM10	98.795	83	0	1	23588	23669	19124	19206	5.84e-35	147
CP132129_pM10	CP132117_pM10	98.795	83	0	1	23261	23343	19451	19532	5.84e-35	147
CP132129_pM10	CP071588_pM10	99.575	5417	12	2	6867	12272	6303	11719	0.0	9865
CP132129_pM10	CP071588_pM10	99.094	4307	30	2	16353	20650	13486	17792	0.0	7729
CP132129_pM10	CP071588_pM10	98.956	3735	27	9	24873	28599	20910	24640	0.0	6671
CP132129_pM10	CP071588_pM10	99.821	3347	6	0	28595	31941	24874	28220	0.0	6148
CP132129_pM10	CP071588_pM10	99.757	2881	7	0	1	2881	1	2881	0.0	5282
CP132129_pM10	CP071588_pM10	98.881	2948	29	3	21928	24873	17854	20799	0.0	5258
CP132129_pM10	CP071588_pM10	99.841	1256	2	0	4942	6197	2880	4135	0.0	2309
CP132129_pM10	CP071588_pM10	90.232	604	52	2	15586	16183	12814	13416	0.0	782
CP132129_pM10	CP071588_pM10	82.639	288	32	16	21649	21923	21791	22073	9.37e-63	239
CP132129_pM10	CP071588_pM10	98.795	83	0	1	23588	23669	19187	19269	5.84e-35	147
CP132129_pM10	CP071588_pM10	98.795	83	0	1	23261	23343	19514	19595	5.84e-35	147
CP132129_pM10	CP066747_pM10	99.575	5417	12	2	6867	12272	6303	11719	0.0	9865
CP132129_pM10	CP066747_pM10	99.141	4305	30	2	16353	20650	13486	17790	0.0	7738
CP132129_pM10	CP066747_pM10	98.956	3735	27	9	24873	28599	20908	24638	0.0	6671
CP132129_pM10	CP066747_pM10	99.821	3347	6	0	28595	31941	24872	28218	0.0	6148
CP132129_pM10	CP066747_pM10	99.757	2881	7	0	1	2881	1	2881	0.0	5282
CP132129_pM10	CP066747_pM10	98.881	2948	29	3	21928	24873	17852	20797	0.0	5258
CP132129_pM10	CP066747_pM10	99.841	1256	2	0	4942	6197	2880	4135	0.0	2309
CP132129_pM10	CP066747_pM10	90.232	604	52	2	15586	16183	12814	13416	0.0	782
CP132129_pM10	CP066747_pM10	82.639	288	32	16	21649	21923	21789	22071	9.37e-63	239
CP132129_pM10	CP066747_pM10	98.795	83	0	1	23588	23669	19185	19267	5.84e-35	147
CP132129_pM10	CP066747_pM10	98.795	83	0	1	23261	23343	19512	19593	5.84e-35	147
CP132129_pM10	CP044172_pM10	99.333	4197	28	0	16454	20650	10507	14703	0.0	7596
CP132129_pM10	CP044172_pM10	98.787	4205	51	0	6867	11071	6303	10507	0.0	7483
CP132129_pM10	CP044172_pM10	98.929	3735	28	9	24873	28599	17821	21551	0.0	6665
CP132129_pM10	CP044172_pM10	99.821	3347	6	0	28595	31941	21785	25131	0.0	6148
CP132129_pM10	CP044172_pM10	99.757	2881	7	0	1	2881	1	2881	0.0	5282
CP132129_pM10	CP044172_pM10	98.881	2948	29	3	21928	24873	14765	17710	0.0	5258
CP132129_pM10	CP044172_pM10	99.841	1256	2	0	4942	6197	2880	4135	0.0	2309
CP132129_pM10	CP044172_pM10	82.292	288	33	17	21649	21923	18702	18984	4.36e-61	233
CP132129_pM10	CP044172_pM10	98.795	83	0	1	23588	23669	16098	16180	5.84e-35	147
CP132129_pM10	CP044172_pM10	98.795	83	0	1	23261	23343	16425	16506	5.84e-35	147
CP132131_pM10	CP132127_pM10	99.991	31947	0	2	1	31944	1	31947	0.0	58975
CP132131_pM10	CP132127_pM10	82.639	288	32	16	25752	26034	21655	21929	9.38e-63	239
CP132131_pM10	CP132127_pM10	82.639	288	32	16	21652	21926	25755	26037	9.38e-63	239
CP132131_pM10	CP132127_pM10	98.795	83	0	1	23591	23672	23267	23349	5.85e-35	147
CP132131_pM10	CP132127_pM10	98.795	83	0	1	23264	23346	23594	23675	5.85e-35	147
CP132131_pM10	CP132127_pM10	100.000	47	0	0	21460	21506	21050	21096	3.59e-17	87.9
CP132131_pM10	CP132127_pM10	100.000	47	0	0	21047	21093	21463	21509	3.59e-17	87.9
CP132131_pM10	CP132125_pM10	99.987	31945	0	3	1	31944	1	31942	0.0	58966
CP132131_pM10	CP132125_pM10	82.639	288	32	16	25752	26034	21650	21924	9.38e-63	239
CP132131_pM10	CP132125_pM10	82.639	288	32	16	21652	21926	25750	26032	9.38e-63	239
CP132131_pM10	CP132125_pM10	98.795	83	0	1	23591	23672	23262	23344	5.85e-35	147
CP132131_pM10	CP132125_pM10	98.795	83	0	1	23264	23346	23589	23670	5.85e-35	147
CP132131_pM10	CP132125_pM10	100.000	47	0	0	21460	21506	21045	21091	3.59e-17	87.9
CP132131_pM10	CP132125_pM10	100.000	47	0	0	21047	21093	21458	21504	3.59e-17	87.9
CP132131_pM10	CP132129_pM10	99.984	31945	0	2	1	31944	1	31941	0.0	58959
CP132131_pM10	CP132129_pM10	82.639	288	32	16	25752	26034	21649	21923	9.38e-63	239
CP132131_pM10	CP132129_pM10	82.639	288	32	16	21652	21926	25749	26031	9.38e-63	239
CP132131_pM10	CP132129_pM10	98.795	83	0	1	23591	23672	23261	23343	5.85e-35	147
CP132131_pM10	CP132129_pM10	98.795	83	0	1	23264	23346	23588	23669	5.85e-35	147
CP132131_pM10	CP132129_pM10	100.000	47	0	0	21460	21506	21044	21090	3.59e-17	87.9
CP132131_pM10	CP132129_pM10	100.000	47	0	0	21047	21093	21457	21503	3.59e-17	87.9
CP132131_pM10	CP092035_pM10	99.231	12486	84	4	8287	20762	7141	19624	0.0	22515
CP132131_pM10	CP092035_pM10	98.082	8185	133	20	23770	31944	22488	30658	0.0	14224
CP132131_pM10	CP092035_pM10	98.977	3322	26	3	4942	8255	2880	6201	0.0	5939
CP132131_pM10	CP092035_pM10	99.931	2881	2	0	1	2881	1	2881	0.0	5310
CP132131_pM10	CP092035_pM10	99.439	2317	13	0	20938	23254	19767	22083	0.0	4207
CP132131_pM10	CP092035_pM10	82.639	288	32	16	25752	26034	20481	20755	9.38e-63	239
CP132131_pM10	CP092035_pM10	82.639	288	32	16	21652	21926	24466	24748	9.38e-63	239
CP132131_pM10	CP092035_pM10	100.000	47	0	0	21460	21506	19876	19922	3.59e-17	87.9
CP132131_pM10	CP092035_pM10	100.000	47	0	0	21047	21093	20289	20335	3.59e-17	87.9
CP132131_pM10	SC0600_pM10	97.698	9426	159	43	22540	31944	20193	29581	0.0	16151
CP132131_pM10	SC0600_pM10	99.427	4714	13	8	6866	11567	6315	11026	0.0	8543
CP132131_pM10	SC0600_pM10	99.397	2984	18	0	17779	20762	14284	17267	0.0	5411
CP132131_pM10	SC0600_pM10	99.931	2881	2	0	1	2881	1	2881	0.0	5310
CP132131_pM10	SC0600_pM10	94.403	1608	86	4	20938	22543	17410	19015	0.0	2468
CP132131_pM10	SC0600_pM10	99.920	1256	0	1	4942	6196	2880	4135	0.0	2313
CP132131_pM10	SC0600_pM10	96.369	964	32	2	16352	17314	13322	14283	0.0	1583
CP132131_pM10	SC0600_pM10	91.887	604	43	1	15585	16182	12649	13252	0.0	839
CP132131_pM10	SC0600_pM10	96.386	498	13	5	11886	12381	11022	11516	0.0	815
CP132131_pM10	SC0600_pM10	83.215	423	59	12	20677	21093	19030	19446	1.90e-104	377
CP132131_pM10	SC0600_pM10	97.297	222	5	1	21460	21681	19400	19620	6.85e-104	375
CP132131_pM10	SC0600_pM10	82.639	288	32	16	25752	26034	18124	18398	9.38e-63	239
CP132131_pM10	SC0600_pM10	82.639	288	32	16	21652	21926	23389	23671	9.38e-63	239
CP132131_pM10	SC0600_pM10	100.000	47	0	0	21460	21506	17519	17565	3.59e-17	87.9
CP132131_pM10	SC0600_pM10	100.000	47	0	0	21047	21093	17932	17978	3.59e-17	87.9
CP132131_pM10	CP125385_pM10	97.972	8185	130	21	23770	31944	22358	30516	0.0	14163
CP132131_pM10	CP125385_pM10	98.458	7979	94	5	8287	16262	7133	15085	0.0	14026
CP132131_pM10	CP125385_pM10	98.102	4479	75	3	16285	20762	15025	19494	0.0	7792
CP132131_pM10	CP125385_pM10	99.155	3315	26	2	4942	8255	2880	6193	0.0	5965
CP132131_pM10	CP125385_pM10	99.931	2881	2	0	1	2881	1	2881	0.0	5310
CP132131_pM10	CP125385_pM10	99.482	2317	12	0	20938	23254	19637	21953	0.0	4213
CP132131_pM10	CP125385_pM10	82.639	288	32	16	25752	26034	20351	20625	9.38e-63	239
CP132131_pM10	CP125385_pM10	82.639	288	32	16	21652	21926	24324	24606	9.38e-63	239
CP132131_pM10	CP125385_pM10	100.000	47	0	0	21460	21506	19746	19792	3.59e-17	87.9
CP132131_pM10	CP125385_pM10	100.000	47	0	0	21047	21093	20159	20205	3.59e-17	87.9
CP132131_pM10	CP132117_pM10	99.002	5913	50	2	14742	20653	11825	17729	0.0	10584
CP132131_pM10	CP132117_pM10	98.851	5572	52	3	6866	12427	6303	11872	0.0	9925
CP132131_pM10	CP132117_pM10	98.929	3735	28	9	24876	28602	20847	24577	0.0	6665
CP132131_pM10	CP132117_pM10	99.821	3347	6	0	28598	31944	24811	28157	0.0	6148
CP132131_pM10	CP132117_pM10	99.757	2881	7	0	1	2881	1	2881	0.0	5282
CP132131_pM10	CP132117_pM10	98.881	2948	29	3	21931	24876	17791	20736	0.0	5258
CP132131_pM10	CP132117_pM10	99.761	1256	2	1	4942	6196	2880	4135	0.0	2302
CP132131_pM10	CP132117_pM10	82.292	288	33	17	21652	21926	21728	22010	4.36e-61	233
CP132131_pM10	CP132117_pM10	98.795	83	0	1	23591	23672	19124	19206	5.85e-35	147
CP132131_pM10	CP132117_pM10	98.795	83	0	1	23264	23346	19451	19532	5.85e-35	147
CP132131_pM10	CP071588_pM10	99.575	5417	12	2	6866	12271	6303	11719	0.0	9865
CP132131_pM10	CP071588_pM10	99.187	4307	30	2	16352	20653	13486	17792	0.0	7755
CP132131_pM10	CP071588_pM10	98.956	3735	27	9	24876	28602	20910	24640	0.0	6671
CP132131_pM10	CP071588_pM10	99.821	3347	6	0	28598	31944	24874	28220	0.0	6148
CP132131_pM10	CP071588_pM10	99.757	2881	7	0	1	2881	1	2881	0.0	5282
CP132131_pM10	CP071588_pM10	98.881	2948	29	3	21931	24876	17854	20799	0.0	5258
CP132131_pM10	CP071588_pM10	99.761	1256	2	1	4942	6196	2880	4135	0.0	2302
CP132131_pM10	CP071588_pM10	90.232	604	52	2	15585	16182	12814	13416	0.0	782
CP132131_pM10	CP071588_pM10	82.639	288	32	16	21652	21926	21791	22073	9.38e-63	239
CP132131_pM10	CP071588_pM10	98.795	83	0	1	23591	23672	19187	19269	5.85e-35	147
CP132131_pM10	CP071588_pM10	98.795	83	0	1	23264	23346	19514	19595	5.85e-35	147
CP132131_pM10	CP066747_pM10	99.575	5417	12	2	6866	12271	6303	11719	0.0	9865
CP132131_pM10	CP066747_pM10	99.233	4305	30	2	16352	20653	13486	17790	0.0	7764
CP132131_pM10	CP066747_pM10	98.956	3735	27	9	24876	28602	20908	24638	0.0	6671
CP132131_pM10	CP066747_pM10	99.821	3347	6	0	28598	31944	24872	28218	0.0	6148
CP132131_pM10	CP066747_pM10	99.757	2881	7	0	1	2881	1	2881	0.0	5282
CP132131_pM10	CP066747_pM10	98.881	2948	29	3	21931	24876	17852	20797	0.0	5258
CP132131_pM10	CP066747_pM10	99.761	1256	2	1	4942	6196	2880	4135	0.0	2302
CP132131_pM10	CP066747_pM10	90.232	604	52	2	15585	16182	12814	13416	0.0	782
CP132131_pM10	CP066747_pM10	82.639	288	32	16	21652	21926	21789	22071	9.38e-63	239
CP132131_pM10	CP066747_pM10	98.795	83	0	1	23591	23672	19185	19267	5.85e-35	147
CP132131_pM10	CP066747_pM10	98.795	83	0	1	23264	23346	19512	19593	5.85e-35	147
CP132131_pM10	CP044172_pM10	99.238	4201	28	1	16453	20653	10507	14703	0.0	7577
CP132131_pM10	CP044172_pM10	98.787	4205	51	0	6866	11070	6303	10507	0.0	7483
CP132131_pM10	CP044172_pM10	98.929	3735	28	9	24876	28602	17821	21551	0.0	6665
CP132131_pM10	CP044172_pM10	99.821	3347	6	0	28598	31944	21785	25131	0.0	6148
CP132131_pM10	CP044172_pM10	99.757	2881	7	0	1	2881	1	2881	0.0	5282
CP132131_pM10	CP044172_pM10	98.881	2948	29	3	21931	24876	14765	17710	0.0	5258
CP132131_pM10	CP044172_pM10	99.761	1256	2	1	4942	6196	2880	4135	0.0	2302
CP132131_pM10	CP044172_pM10	82.292	288	33	17	21652	21926	18702	18984	4.36e-61	233
CP132131_pM10	CP044172_pM10	98.795	83	0	1	23591	23672	16098	16180	5.85e-35	147
CP132131_pM10	CP044172_pM10	98.795	83	0	1	23264	23346	16425	16506	5.85e-35	147
SC0600_pM10	CP071588_pM10	99.492	11028	40	8	1	11026	1	11014	0.0	20040
SC0600_pM10	CP071588_pM10	99.411	3734	15	4	22510	26239	20910	24640	0.0	6767
SC0600_pM10	CP071588_pM10	99.671	3347	11	0	26235	29581	24874	28220	0.0	6120
SC0600_pM10	CP071588_pM10	99.583	2875	12	0	14284	17158	14918	17792	0.0	5243
SC0600_pM10	CP071588_pM10	98.104	2743	45	2	11547	14283	11712	14453	0.0	4771
SC0600_pM10	CP071588_pM10	91.210	2355	152	41	20193	22510	18463	20799	0.0	3151
SC0600_pM10	CP071588_pM10	89.577	614	62	2	18403	19015	17854	18466	0.0	778
SC0600_pM10	CP071588_pM10	95.489	399	14	4	11022	11418	11333	11729	0.0	634
SC0600_pM10	CP071588_pM10	82.699	289	30	16	18124	18398	21791	22073	8.68e-63	239
SC0600_pM10	CP066747_pM10	99.492	11028	40	8	1	11026	1	11014	0.0	20040
SC0600_pM10	CP066747_pM10	99.411	3734	15	4	22510	26239	20908	24638	0.0	6767
SC0600_pM10	CP066747_pM10	99.671	3347	11	0	26235	29581	24872	28218	0.0	6120
SC0600_pM10	CP066747_pM10	99.583	2875	12	0	14284	17158	14916	17790	0.0	5243
SC0600_pM10	CP066747_pM10	98.176	2741	45	2	11547	14283	11712	14451	0.0	4780
SC0600_pM10	CP066747_pM10	91.210	2355	152	41	20193	22510	18461	20797	0.0	3151
SC0600_pM10	CP066747_pM10	89.577	614	62	2	18403	19015	17852	18464	0.0	778
SC0600_pM10	CP066747_pM10	95.489	399	14	4	11022	11418	11333	11729	0.0	634
SC0600_pM10	CP066747_pM10	82.699	289	30	16	18124	18398	21789	22071	8.68e-63	239
SC0600_pM10	CP132117_pM10	99.129	11028	80	8	1	11026	1	11014	0.0	19819
SC0600_pM10	CP132117_pM10	99.277	3734	20	4	22510	26239	20847	24577	0.0	6739
SC0600_pM10	CP132117_pM10	99.671	3347	11	0	26235	29581	24811	28157	0.0	6120
SC0600_pM10	CP132117_pM10	99.617	2875	11	0	14284	17158	14855	17729	0.0	5249
SC0600_pM10	CP132117_pM10	91.210	2355	152	41	20193	22510	18400	20736	0.0	3151
SC0600_pM10	CP132117_pM10	96.050	962	31	2	13322	14283	13436	14390	0.0	1559
SC0600_pM10	CP132117_pM10	92.616	623	19	7	11022	11620	11332	11951	0.0	870
SC0600_pM10	CP132117_pM10	90.789	608	50	1	12645	13252	12665	13266	0.0	808
SC0600_pM10	CP132117_pM10	89.577	614	62	2	18403	19015	17791	18403	0.0	778
SC0600_pM10	CP132117_pM10	82.292	288	33	17	18124	18398	21728	22010	4.04e-61	233
SC0600_pM10	CP044172_pM10	99.239	10519	68	5	1	10519	1	10507	0.0	18971
SC0600_pM10	CP044172_pM10	99.277	3734	20	4	22510	26239	17821	21551	0.0	6739
SC0600_pM10	CP044172_pM10	99.671	3347	11	0	26235	29581	21785	25131	0.0	6120
SC0600_pM10	CP044172_pM10	99.617	2875	11	0	14284	17158	11829	14703	0.0	5249
SC0600_pM10	CP044172_pM10	91.210	2355	152	41	20193	22510	15374	17710	0.0	3151
SC0600_pM10	CP044172_pM10	96.737	858	26	1	13426	14283	10509	11364	0.0	1428
SC0600_pM10	CP044172_pM10	89.577	614	62	2	18403	19015	14765	15377	0.0	778
SC0600_pM10	CP044172_pM10	82.292	288	33	17	18124	18398	18702	18984	4.04e-61	233
SC0600_pM10	CP132131_pM10	97.698	9427	157	45	20193	29581	22540	31944	0.0	16151
SC0600_pM10	CP132131_pM10	99.427	4714	13	8	6315	11026	6866	11567	0.0	8543
SC0600_pM10	CP132131_pM10	99.397	2984	18	0	14284	17267	17779	20762	0.0	5411
SC0600_pM10	CP132131_pM10	99.931	2881	2	0	1	2881	1	2881	0.0	5310
SC0600_pM10	CP132131_pM10	94.403	1608	86	4	17410	19015	20938	22543	0.0	2468
SC0600_pM10	CP132131_pM10	99.920	1256	0	1	2880	4135	4942	6196	0.0	2313
SC0600_pM10	CP132131_pM10	96.369	964	32	2	13322	14283	16352	17314	0.0	1583
SC0600_pM10	CP132131_pM10	91.887	604	43	1	12649	13252	15585	16182	0.0	839
SC0600_pM10	CP132131_pM10	96.386	498	13	5	11022	11516	11886	12381	0.0	815
SC0600_pM10	CP132131_pM10	83.215	423	59	12	19030	19446	20677	21093	1.76e-104	377
SC0600_pM10	CP132131_pM10	97.297	222	5	1	19400	19620	21460	21681	6.34e-104	375
SC0600_pM10	CP132131_pM10	82.639	288	32	16	23389	23671	21652	21926	8.68e-63	239
SC0600_pM10	CP132131_pM10	82.639	288	32	16	18124	18398	25752	26034	8.68e-63	239
SC0600_pM10	CP132131_pM10	90.230	174	16	1	11447	11620	14695	14867	6.76e-59	226
SC0600_pM10	CP132131_pM10	100.000	47	0	0	17932	17978	21047	21093	3.33e-17	87.9
SC0600_pM10	CP132131_pM10	100.000	47	0	0	17519	17565	21460	21506	3.33e-17	87.9
SC0600_pM10	CP132129_pM10	97.698	9427	157	45	20193	29581	22537	31941	0.0	16151
SC0600_pM10	CP132129_pM10	99.427	4714	13	8	6315	11026	6867	11568	0.0	8543
SC0600_pM10	CP132129_pM10	99.397	2984	18	0	14284	17267	17776	20759	0.0	5411
SC0600_pM10	CP132129_pM10	99.931	2881	2	0	1	2881	1	2881	0.0	5310
SC0600_pM10	CP132129_pM10	94.403	1608	86	4	17410	19015	20935	22540	0.0	2468
SC0600_pM10	CP132129_pM10	100.000	1256	0	0	2880	4135	4942	6197	0.0	2320
SC0600_pM10	CP132129_pM10	96.362	962	32	2	13322	14283	16353	17311	0.0	1580
SC0600_pM10	CP132129_pM10	91.887	604	43	1	12649	13252	15586	16183	0.0	839
SC0600_pM10	CP132129_pM10	96.386	498	13	5	11022	11516	11887	12382	0.0	815
SC0600_pM10	CP132129_pM10	83.215	423	59	12	19030	19446	20674	21090	1.76e-104	377
SC0600_pM10	CP132129_pM10	97.297	222	5	1	19400	19620	21457	21678	6.34e-104	375
SC0600_pM10	CP132129_pM10	82.639	288	32	16	23389	23671	21649	21923	8.68e-63	239
SC0600_pM10	CP132129_pM10	82.639	288	32	16	18124	18398	25749	26031	8.68e-63	239
SC0600_pM10	CP132129_pM10	90.230	174	16	1	11447	11620	14696	14868	6.76e-59	226
SC0600_pM10	CP132129_pM10	100.000	47	0	0	17932	17978	21044	21090	3.33e-17	87.9
SC0600_pM10	CP132129_pM10	100.000	47	0	0	17519	17565	21457	21503	3.33e-17	87.9
SC0600_pM10	CP132127_pM10	97.698	9427	157	45	20193	29581	22543	31947	0.0	16151
SC0600_pM10	CP132127_pM10	99.427	4714	13	8	6315	11026	6867	11568	0.0	8543
SC0600_pM10	CP132127_pM10	99.397	2984	18	0	14284	17267	17782	20765	0.0	5411
SC0600_pM10	CP132127_pM10	99.931	2881	2	0	1	2881	1	2881	0.0	5310
SC0600_pM10	CP132127_pM10	94.403	1608	86	4	17410	19015	20941	22546	0.0	2468
SC0600_pM10	CP132127_pM10	100.000	1256	0	0	2880	4135	4942	6197	0.0	2320
SC0600_pM10	CP132127_pM10	96.170	966	32	2	13322	14283	16353	17317	0.0	1574
SC0600_pM10	CP132127_pM10	91.887	604	43	1	12649	13252	15586	16183	0.0	839
SC0600_pM10	CP132127_pM10	96.386	498	13	5	11022	11516	11887	12382	0.0	815
SC0600_pM10	CP132127_pM10	83.215	423	59	12	19030	19446	20680	21096	1.76e-104	377
SC0600_pM10	CP132127_pM10	97.297	222	5	1	19400	19620	21463	21684	6.34e-104	375
SC0600_pM10	CP132127_pM10	82.639	288	32	16	23389	23671	21655	21929	8.68e-63	239
SC0600_pM10	CP132127_pM10	82.639	288	32	16	18124	18398	25755	26037	8.68e-63	239
SC0600_pM10	CP132127_pM10	90.230	174	16	1	11447	11620	14696	14868	6.76e-59	226
SC0600_pM10	CP132127_pM10	100.000	47	0	0	17932	17978	21050	21096	3.33e-17	87.9
SC0600_pM10	CP132127_pM10	100.000	47	0	0	17519	17565	21463	21509	3.33e-17	87.9
SC0600_pM10	CP132125_pM10	97.698	9427	157	45	20193	29581	22538	31942	0.0	16151
SC0600_pM10	CP132125_pM10	99.427	4714	13	8	6315	11026	6867	11568	0.0	8543
SC0600_pM10	CP132125_pM10	99.397	2984	18	0	14284	17267	17777	20760	0.0	5411
SC0600_pM10	CP132125_pM10	99.931	2881	2	0	1	2881	1	2881	0.0	5310
SC0600_pM10	CP132125_pM10	94.403	1608	86	4	17410	19015	20936	22541	0.0	2468
SC0600_pM10	CP132125_pM10	100.000	1256	0	0	2880	4135	4942	6197	0.0	2320
SC0600_pM10	CP132125_pM10	96.570	962	32	1	13322	14283	16352	17312	0.0	1592
SC0600_pM10	CP132125_pM10	91.887	604	43	1	12649	13252	15586	16183	0.0	839
SC0600_pM10	CP132125_pM10	96.386	498	13	5	11022	11516	11887	12382	0.0	815
SC0600_pM10	CP132125_pM10	83.215	423	59	12	19030	19446	20675	21091	1.76e-104	377
SC0600_pM10	CP132125_pM10	97.297	222	5	1	19400	19620	21458	21679	6.34e-104	375
SC0600_pM10	CP132125_pM10	82.639	288	32	16	23389	23671	21650	21924	8.68e-63	239
SC0600_pM10	CP132125_pM10	82.639	288	32	16	18124	18398	25750	26032	8.68e-63	239
SC0600_pM10	CP132125_pM10	90.230	174	16	1	11447	11620	14696	14868	6.76e-59	226
SC0600_pM10	CP132125_pM10	100.000	47	0	0	17932	17978	21045	21091	3.33e-17	87.9
SC0600_pM10	CP132125_pM10	100.000	47	0	0	17519	17565	21458	21504	3.33e-17	87.9
SC0600_pM10	CP092035_pM10	97.699	8256	157	27	21339	29581	22423	30658	0.0	14163
SC0600_pM10	CP092035_pM10	97.782	4735	99	6	14284	19015	16641	21372	0.0	8157
SC0600_pM10	CP092035_pM10	99.831	4135	7	0	1	4135	1	4135	0.0	7598
SC0600_pM10	CP092035_pM10	96.722	3295	90	11	7736	11026	7141	10421	0.0	5470
SC0600_pM10	CP092035_pM10	98.489	1390	21	0	6315	7704	4812	6201	0.0	2451
SC0600_pM10	CP092035_pM10	95.576	972	32	2	13322	14283	15206	16176	0.0	1546
SC0600_pM10	CP092035_pM10	99.713	696	1	1	20193	20888	21369	22063	0.0	1273
SC0600_pM10	CP092035_pM10	91.887	604	43	1	12649	13252	14439	15036	0.0	839
SC0600_pM10	CP092035_pM10	96.185	498	14	5	11022	11516	10740	11235	0.0	809
SC0600_pM10	CP092035_pM10	97.297	222	5	1	19400	19620	20289	20510	6.34e-104	375
SC0600_pM10	CP092035_pM10	94.231	156	9	0	19291	19446	19767	19922	8.68e-63	239
SC0600_pM10	CP092035_pM10	82.639	288	32	16	23389	23671	20481	20755	8.68e-63	239
SC0600_pM10	CP092035_pM10	82.639	288	32	16	18124	18398	24466	24748	8.68e-63	239
SC0600_pM10	CP092035_pM10	90.230	174	16	1	11447	11620	13549	13721	6.76e-59	226
SC0600_pM10	CP092035_pM10	95.506	89	4	0	19030	19118	19539	19627	7.00e-34	143
SC0600_pM10	CP092035_pM10	100.000	47	0	0	17932	17978	19876	19922	3.33e-17	87.9
SC0600_pM10	CP092035_pM10	100.000	47	0	0	17519	17565	20289	20335	3.33e-17	87.9
SC0600_pM10	CP125385_pM10	97.565	8255	158	34	21339	29581	22293	30516	0.0	14091
SC0600_pM10	CP125385_pM10	97.656	4735	105	6	14284	19015	16511	21242	0.0	8124
SC0600_pM10	CP125385_pM10	99.831	4135	7	0	1	4135	1	4135	0.0	7598
SC0600_pM10	CP125385_pM10	96.055	3295	88	19	7736	11026	7133	10389	0.0	5326
SC0600_pM10	CP125385_pM10	98.489	1390	21	0	6315	7704	4804	6193	0.0	2451
SC0600_pM10	CP125385_pM10	92.749	1655	85	15	12649	14283	14407	16046	0.0	2359
SC0600_pM10	CP125385_pM10	99.713	696	1	1	20193	20888	21239	21933	0.0	1273
SC0600_pM10	CP125385_pM10	96.386	498	13	5	11022	11516	10708	11203	0.0	815
SC0600_pM10	CP125385_pM10	97.297	222	5	1	19400	19620	20159	20380	6.34e-104	375
SC0600_pM10	CP125385_pM10	94.231	156	9	0	19291	19446	19637	19792	8.68e-63	239
SC0600_pM10	CP125385_pM10	82.639	288	32	16	23389	23671	20351	20625	8.68e-63	239
SC0600_pM10	CP125385_pM10	82.639	288	32	16	18124	18398	24324	24606	8.68e-63	239
SC0600_pM10	CP125385_pM10	90.230	174	16	1	11447	11620	13517	13689	6.76e-59	226
SC0600_pM10	CP125385_pM10	95.506	89	4	0	19030	19118	19409	19497	7.00e-34	143
SC0600_pM10	CP125385_pM10	100.000	47	0	0	17932	17978	19746	19792	3.33e-17	87.9
SC0600_pM10	CP125385_pM10	100.000	47	0	0	17519	17565	20159	20205	3.33e-17	87.9
