AP028347_pM04	AP028368_pM04	98.725	19298	210	22	24306	43592	27023	46295	0.0	34241
AP028347_pM04	AP028368_pM04	98.451	12200	161	20	2823	15012	2156	14337	0.0	21457
AP028347_pM04	AP028368_pM04	98.688	7011	87	3	17092	24101	18959	25965	0.0	12432
AP028347_pM04	AP028368_pM04	98.004	2154	43	0	1	2154	1	2154	0.0	3740
AP028347_pM04	AP028368_pM04	94.131	443	14	8	16167	16609	18499	18929	0.0	664
AP028347_pM04	AP028368_pM04	98.142	323	5	1	15854	16176	14799	15120	9.97e-160	562
AP028347_pM04	AP028368_pM04	97.030	101	3	0	9331	9431	8824	8924	7.06e-42	171
AP028347_pM04	AP028368_pM04	98.780	82	1	0	15632	15713	14776	14857	1.19e-34	147
AP028347_pM04	AP028368_pM04	83.333	108	10	6	9493	9599	8662	8762	1.57e-18	93.5
AP028347_pM04	CP017419_pM04	96.437	14987	431	53	28686	43592	27723	42686	0.0	24622
AP028347_pM04	CP017419_pM04	99.553	7152	32	0	7435	14586	7376	14527	0.0	13031
AP028347_pM04	CP017419_pM04	98.507	7032	98	4	17092	24120	16471	23498	0.0	12397
AP028347_pM04	CP017419_pM04	94.922	4569	221	11	2823	7385	2156	6719	0.0	7142
AP028347_pM04	CP017419_pM04	98.958	3072	31	1	24869	27939	24660	27731	0.0	5494
AP028347_pM04	CP017419_pM04	98.514	2154	32	0	1	2154	1	2154	0.0	3801
AP028347_pM04	CP017419_pM04	98.800	917	11	0	16168	17084	14693	15609	0.0	1633
AP028347_pM04	CP017419_pM04	96.629	89	3	0	30254	30342	39914	40002	3.31e-35	148
AP028347_pM04	CP017419_pM04	83.333	108	10	6	9493	9599	9272	9372	1.57e-18	93.5
AP028347_pM04	CP017419_pM04	83.333	108	10	6	9331	9431	9434	9540	1.57e-18	93.5
AP028347_pM04	CP043764_pM04	96.234	15001	443	67	28686	43592	26800	41772	0.0	24459
AP028347_pM04	CP043764_pM04	99.036	7053	58	7	17092	24138	14670	21718	0.0	12639
AP028347_pM04	CP043764_pM04	99.228	6479	46	4	7344	13820	6809	13285	0.0	11684
AP028347_pM04	CP043764_pM04	97.243	4571	109	13	2823	7384	2156	6718	0.0	7727
AP028347_pM04	CP043764_pM04	98.698	3072	38	2	24869	27939	23738	26808	0.0	5450
AP028347_pM04	CP043764_pM04	98.607	2154	30	0	1	2154	1	2154	0.0	3812
AP028347_pM04	CP043764_pM04	97.303	519	12	2	16566	17084	13292	13808	0.0	880
AP028347_pM04	CP043764_pM04	96.629	89	3	0	30254	30342	39000	39088	3.31e-35	148
AP028347_pM04	CP043764_pM04	83.333	108	10	6	9493	9599	8796	8896	1.57e-18	93.5
AP028347_pM04	CP043764_pM04	83.333	108	10	6	9331	9431	8958	9064	1.57e-18	93.5
AP028347_pM04	AY394560_pM04	95.861	15005	497	66	28686	43592	29729	44707	0.0	24155
AP028347_pM04	AY394560_pM04	97.582	12202	258	21	2823	15012	2156	14332	0.0	20864
AP028347_pM04	AY394560_pM04	99.315	7010	47	1	17092	24101	18040	25048	0.0	12678
AP028347_pM04	AY394560_pM04	95.608	3643	139	16	24306	27939	26107	29737	0.0	5821
AP028347_pM04	AY394560_pM04	98.654	2154	29	0	1	2154	1	2154	0.0	3818
AP028347_pM04	AY394560_pM04	97.303	519	12	2	16566	17084	16662	17178	0.0	880
AP028347_pM04	AY394560_pM04	98.118	425	5	3	15753	16176	14793	15215	0.0	737
AP028347_pM04	AY394560_pM04	97.802	182	4	0	15632	15813	14771	14952	3.08e-85	315
AP028347_pM04	AY394560_pM04	100.000	110	0	0	16168	16277	16561	16670	6.96e-52	204
AP028347_pM04	AY394560_pM04	95.506	89	4	0	30254	30342	41935	42023	1.54e-33	143
AP028347_pM04	AY394560_pM04	83.333	108	10	6	9493	9599	8662	8762	1.57e-18	93.5
AP028347_pM04	AY394560_pM04	83.333	108	10	6	9331	9431	8824	8930	1.57e-18	93.5
AP028347_pM04	AY394560_pM04	91.667	60	4	1	15854	15913	14794	14852	3.40e-15	82.4
AP028347_pM04	AY394560_pM04	91.667	60	4	1	15655	15713	14893	14952	3.40e-15	82.4
AP028347_pM04	CP048762_pM04	95.788	15005	508	66	28686	43592	33025	48003	0.0	24094
AP028347_pM04	CP048762_pM04	98.008	10846	162	21	2823	13657	2156	12958	0.0	18783
AP028347_pM04	CP048762_pM04	99.006	7447	67	2	16661	24101	20900	28345	0.0	13335
AP028347_pM04	CP048762_pM04	95.581	3643	139	17	24306	27939	29404	33033	0.0	5816
AP028347_pM04	CP048762_pM04	98.561	2154	31	0	1	2154	1	2154	0.0	3807
AP028347_pM04	CP048762_pM04	99.239	394	2	1	13562	13954	20235	20628	0.0	710
AP028347_pM04	CP048762_pM04	95.506	89	4	0	30254	30342	45231	45319	1.54e-33	143
AP028347_pM04	CP048762_pM04	83.333	108	10	6	9493	9599	8663	8763	1.57e-18	93.5
AP028347_pM04	CP048762_pM04	83.333	108	10	6	9331	9431	8825	8931	1.57e-18	93.5
AP028347_pM04	CP131443_pM04	95.403	14401	565	48	24306	38631	21212	35590	0.0	22836
AP028347_pM04	CP131443_pM04	98.973	7010	71	1	17092	24101	13146	20154	0.0	12545
AP028347_pM04	CP131443_pM04	98.783	4026	41	8	7344	11364	6805	10827	0.0	7156
AP028347_pM04	CP131443_pM04	90.588	4611	367	53	2816	7384	2128	6713	0.0	6048
AP028347_pM04	CP131443_pM04	89.167	4560	443	35	39048	43579	36120	40656	0.0	5637
AP028347_pM04	CP131443_pM04	99.520	2292	10	1	11522	13812	10828	13119	0.0	4170
AP028347_pM04	CP131443_pM04	88.858	2163	210	21	1	2150	1	2145	0.0	2630
AP028347_pM04	CP131443_pM04	83.333	108	10	6	9493	9599	8792	8892	1.57e-18	93.5
AP028347_pM04	CP131443_pM04	83.333	108	10	6	9331	9431	8954	9060	1.57e-18	93.5
AP028347_pM04	CP010073_pM04	96.483	13819	429	25	24850	38622	29409	43216	0.0	22774
AP028347_pM04	CP010073_pM04	98.948	7032	67	4	17092	24120	17608	24635	0.0	12569
AP028347_pM04	CP010073_pM04	99.768	4305	10	0	10030	14334	9178	13482	0.0	7895
AP028347_pM04	CP010073_pM04	90.501	4611	371	53	2816	7384	2128	6713	0.0	6026
AP028347_pM04	CP010073_pM04	89.086	4563	444	36	39048	43579	44303	48842	0.0	5618
AP028347_pM04	CP010073_pM04	98.115	2387	41	4	7344	9728	6805	9189	0.0	4156
AP028347_pM04	CP010073_pM04	88.766	2163	212	21	1	2150	1	2145	0.0	2619
AP028347_pM04	CP010073_pM04	98.800	917	11	0	16168	17084	15830	16746	0.0	1633
AP028347_pM04	CP010073_pM04	83.932	585	72	18	38055	38631	43203	43773	4.67e-153	540
AP028347_pM04	CP010073_pM04	98.413	63	1	0	24869	24931	25794	25856	4.34e-24	111
AP028347_pM04	CP010073_pM04	83.333	108	10	6	9331	9431	8954	9060	1.57e-18	93.5
AP028347_pM04	SC0947_pM04	96.598	13610	367	47	24850	38378	26669	40263	0.0	22480
AP028347_pM04	SC0947_pM04	98.958	7487	72	4	17092	24577	13235	20716	0.0	13389
AP028347_pM04	SC0947_pM04	97.041	6861	181	16	2823	9674	2156	9003	0.0	11526
AP028347_pM04	SC0947_pM04	97.243	5623	123	23	37987	43592	40671	46278	0.0	9496
AP028347_pM04	SC0947_pM04	98.514	2154	32	0	1	2154	1	2154	0.0	3801
AP028347_pM04	SC0947_pM04	98.904	365	4	0	24567	24931	22740	23104	0.0	652
AP028347_pM04	SC0947_pM04	91.624	394	30	3	37987	38378	40271	40663	1.30e-153	542
AP028347_pM04	SC0947_pM04	95.506	89	4	0	30254	30342	43506	43594	1.54e-33	143
AP028347_pM04	SC0947_pM04	83.333	108	10	6	9331	9431	8823	8929	1.57e-18	93.5
AP028347_pM04	CP172365_pM04	95.363	10028	365	56	28686	38631	28113	38122	0.0	15850
AP028347_pM04	CP172365_pM04	99.287	7154	31	19	7435	14586	7376	14511	0.0	12911
AP028347_pM04	CP172365_pM04	99.044	7011	57	9	17092	24101	16436	23437	0.0	12567
AP028347_pM04	CP172365_pM04	95.552	4564	169	21	39051	43592	38626	43177	0.0	7273
AP028347_pM04	CP172365_pM04	94.944	4569	220	11	2823	7385	2156	6719	0.0	7147
AP028347_pM04	CP172365_pM04	95.526	3643	139	19	24306	27939	24494	28121	0.0	5803
AP028347_pM04	CP172365_pM04	98.514	2154	32	0	1	2154	1	2154	0.0	3801
AP028347_pM04	CP172365_pM04	98.037	917	11	6	16168	17084	14673	15582	0.0	1587
AP028347_pM04	CP172365_pM04	96.629	89	3	0	30254	30342	40405	40493	3.31e-35	148
AP028347_pM04	CP172365_pM04	83.333	108	10	6	9493	9599	9272	9372	1.57e-18	93.5
AP028347_pM04	CP172365_pM04	83.333	108	10	6	9331	9431	9434	9540	1.57e-18	93.5
AP028347_pM04	CP001961_pM04	95.363	10029	363	58	28686	38631	28158	38167	0.0	15850
AP028347_pM04	CP001961_pM04	99.567	7152	31	0	7435	14586	7376	14527	0.0	13036
AP028347_pM04	CP001961_pM04	99.173	7010	57	1	17092	24101	16472	23480	0.0	12622
AP028347_pM04	CP001961_pM04	95.552	4564	169	21	39051	43592	38671	43222	0.0	7273
AP028347_pM04	CP001961_pM04	94.944	4569	220	11	2823	7385	2156	6719	0.0	7147
AP028347_pM04	CP001961_pM04	95.553	3643	139	18	24306	27939	24538	28166	0.0	5808
AP028347_pM04	CP001961_pM04	98.514	2154	32	0	1	2154	1	2154	0.0	3801
AP028347_pM04	CP001961_pM04	98.693	918	11	1	16168	17084	14693	15610	0.0	1628
AP028347_pM04	CP001961_pM04	96.629	89	3	0	30254	30342	40450	40538	3.31e-35	148
AP028347_pM04	CP001961_pM04	83.333	108	10	6	9493	9599	9272	9372	1.57e-18	93.5
AP028347_pM04	CP001961_pM04	83.333	108	10	6	9331	9431	9434	9540	1.57e-18	93.5
AP028368_pM04	CP131443_pM04	97.142	22495	548	39	18922	41334	13109	35590	0.0	37890
AP028368_pM04	CP131443_pM04	88.651	6776	648	83	1	6718	1	6713	0.0	8141
AP028368_pM04	CP131443_pM04	97.616	4027	77	15	6678	10689	6805	10827	0.0	6887
AP028368_pM04	CP131443_pM04	89.101	4560	446	35	41751	46282	36120	40656	0.0	5620
AP028368_pM04	CP131443_pM04	99.564	2292	9	1	10847	13137	10828	13119	0.0	4176
AP028368_pM04	CP131443_pM04	97.030	101	3	0	8824	8924	8792	8892	7.50e-42	171
AP028368_pM04	CP131443_pM04	83.333	108	10	6	8662	8762	8954	9060	1.67e-18	93.5
AP028368_pM04	AP028347_pM04	98.725	19298	210	22	27023	46295	24306	43592	0.0	34241
AP028368_pM04	AP028347_pM04	98.451	12200	161	20	2156	14337	2823	15012	0.0	21457
AP028368_pM04	AP028347_pM04	98.688	7011	87	3	18959	25965	17092	24101	0.0	12432
AP028368_pM04	AP028347_pM04	98.004	2154	43	0	1	2154	1	2154	0.0	3740
AP028368_pM04	AP028347_pM04	94.131	443	14	8	18499	18929	16167	16609	0.0	664
AP028368_pM04	AP028347_pM04	98.142	323	5	1	14799	15120	15854	16176	1.06e-159	562
AP028368_pM04	AP028347_pM04	97.030	101	3	0	8824	8924	9331	9431	7.50e-42	171
AP028368_pM04	AP028347_pM04	98.780	82	1	0	14776	14857	15632	15713	1.26e-34	147
AP028368_pM04	AP028347_pM04	83.333	108	10	6	8662	8762	9493	9599	1.67e-18	93.5
AP028368_pM04	AY394560_pM04	98.742	14867	162	13	1	14857	1	14852	0.0	26395
AP028368_pM04	AY394560_pM04	95.714	15002	515	61	31399	46295	29729	44707	0.0	24024
AP028368_pM04	AY394560_pM04	99.267	11738	77	7	18922	30653	18003	29737	0.0	21191
AP028368_pM04	AY394560_pM04	99.637	1651	5	1	14799	16448	14893	16543	0.0	3014
AP028368_pM04	AY394560_pM04	97.030	101	3	0	8824	8924	8662	8762	7.50e-42	171
AP028368_pM04	AY394560_pM04	94.737	95	4	1	32952	33045	41929	42023	1.26e-34	147
AP028368_pM04	AY394560_pM04	83.333	108	10	6	8662	8762	8824	8930	1.67e-18	93.5
AP028368_pM04	CP017419_pM04	96.216	14984	460	48	31399	46295	27723	42686	0.0	24430
AP028368_pM04	CP017419_pM04	99.035	7153	61	6	6766	13911	7376	14527	0.0	12820
AP028368_pM04	CP017419_pM04	98.010	7035	134	4	18922	25952	16434	23466	0.0	12211
AP028368_pM04	CP017419_pM04	96.815	6720	212	2	1	6719	1	6719	0.0	11223
AP028368_pM04	CP017419_pM04	99.153	3068	23	3	27587	30653	24666	27731	0.0	5518
AP028368_pM04	CP017419_pM04	94.168	463	15	8	18479	18929	14672	15134	0.0	695
AP028368_pM04	CP017419_pM04	100.000	148	0	0	16301	16448	14528	14675	5.55e-73	274
AP028368_pM04	CP017419_pM04	97.030	101	3	0	8824	8924	9272	9372	7.50e-42	171
AP028368_pM04	CP017419_pM04	95.789	95	3	1	32952	33045	39908	40002	2.72e-36	152
AP028368_pM04	CP017419_pM04	83.333	108	10	6	8662	8762	9434	9540	1.67e-18	93.5
AP028368_pM04	CP043764_pM04	96.006	14998	473	61	31399	46295	26800	41772	0.0	24262
AP028368_pM04	CP043764_pM04	98.216	7117	117	7	18922	26031	14633	21746	0.0	12430
AP028368_pM04	CP043764_pM04	98.765	6720	79	4	1	6718	1	6718	0.0	11947
AP028368_pM04	CP043764_pM04	99.213	6480	36	11	6678	13145	6809	13285	0.0	11670
AP028368_pM04	CP043764_pM04	98.761	3068	34	3	27587	30653	23744	26808	0.0	5452
AP028368_pM04	CP043764_pM04	97.030	101	3	0	8824	8924	8796	8896	7.50e-42	171
AP028368_pM04	CP043764_pM04	95.789	95	3	1	32952	33045	38994	39088	2.72e-36	152
AP028368_pM04	CP043764_pM04	83.333	108	10	6	8662	8762	8958	9064	1.67e-18	93.5
AP028368_pM04	CP048762_pM04	95.641	15002	526	61	31399	46295	33025	48003	0.0	23963
AP028368_pM04	CP048762_pM04	98.899	12991	101	13	1	12982	1	12958	0.0	23159
AP028368_pM04	CP048762_pM04	99.265	11700	78	5	18959	30653	21337	33033	0.0	21123
AP028368_pM04	CP048762_pM04	99.492	394	1	1	12887	13279	20235	20628	0.0	715
AP028368_pM04	CP048762_pM04	97.030	101	3	0	8824	8924	8663	8763	7.50e-42	171
AP028368_pM04	CP048762_pM04	94.737	95	4	1	32952	33045	45225	45319	1.26e-34	147
AP028368_pM04	CP048762_pM04	83.333	108	10	6	8662	8762	8825	8931	1.67e-18	93.5
AP028368_pM04	CP010073_pM04	96.026	13814	473	34	27571	41325	29420	43216	0.0	22399
AP028368_pM04	CP010073_pM04	98.422	7035	105	4	18922	25952	17571	24603	0.0	12371
AP028368_pM04	CP010073_pM04	88.592	6776	652	83	1	6718	1	6713	0.0	8118
AP028368_pM04	CP010073_pM04	99.791	4305	9	0	9355	13659	9178	13482	0.0	7901
AP028368_pM04	CP010073_pM04	89.020	4563	447	36	41751	46282	44303	48842	0.0	5602
AP028368_pM04	CP010073_pM04	96.106	2388	78	11	6678	9053	6805	9189	0.0	3880
AP028368_pM04	CP010073_pM04	100.000	648	0	0	15801	16448	15165	15812	0.0	1197
AP028368_pM04	CP010073_pM04	94.168	463	15	8	18479	18929	15809	16271	0.0	695
AP028368_pM04	CP010073_pM04	83.932	585	72	18	40758	41334	43203	43773	4.96e-153	540
AP028368_pM04	CP010073_pM04	92.079	101	8	0	8824	8924	8792	8892	1.63e-33	143
AP028368_pM04	CP010073_pM04	83.333	108	10	6	8662	8762	8954	9060	1.67e-18	93.5
AP028368_pM04	CP010073_pM04	94.828	58	2	1	27587	27644	25800	25856	2.16e-17	89.8
AP028368_pM04	SC0947_pM04	96.434	13600	380	46	27571	41081	26680	40263	0.0	22330
AP028368_pM04	SC0947_pM04	98.879	9007	89	10	1	8999	1	9003	0.0	16063
AP028368_pM04	SC0947_pM04	98.488	7012	98	4	18958	25965	13234	20241	0.0	12355
AP028368_pM04	SC0947_pM04	97.190	5623	126	23	40690	46295	40671	46278	0.0	9479
AP028368_pM04	SC0947_pM04	98.287	2043	34	1	16443	18484	9337	11379	0.0	3578
AP028368_pM04	SC0947_pM04	98.332	2038	34	0	16443	18480	22752	20715	0.0	3576
AP028368_pM04	SC0947_pM04	91.624	394	30	3	40690	41081	40271	40663	1.38e-153	542
AP028368_pM04	SC0947_pM04	93.838	357	12	7	18479	18825	12884	13240	1.07e-149	529
AP028368_pM04	SC0947_pM04	84.133	271	41	2	27023	27292	20445	20714	4.32e-69	261
AP028368_pM04	SC0947_pM04	93.043	115	7	1	16335	16448	12773	12887	9.70e-41	167
AP028368_pM04	SC0947_pM04	94.737	95	4	1	32952	33045	43500	43594	1.26e-34	147
AP028368_pM04	SC0947_pM04	91.089	101	9	0	8824	8924	8661	8761	7.60e-32	137
AP028368_pM04	SC0947_pM04	83.333	108	10	6	8662	8762	8823	8929	1.67e-18	93.5
AP028368_pM04	CP001961_pM04	99.105	11737	95	7	18922	30653	16435	28166	0.0	21084
AP028368_pM04	CP001961_pM04	95.541	10025	343	57	31399	41334	28158	38167	0.0	15941
AP028368_pM04	CP001961_pM04	99.049	7153	60	6	6766	13911	7376	14527	0.0	12826
AP028368_pM04	CP001961_pM04	96.830	6720	211	2	1	6719	1	6719	0.0	11228
AP028368_pM04	CP001961_pM04	95.486	4564	172	21	41754	46295	38671	43222	0.0	7256
AP028368_pM04	CP001961_pM04	93.966	464	15	9	18479	18929	14672	15135	0.0	689
AP028368_pM04	CP001961_pM04	100.000	148	0	0	16301	16448	14528	14675	5.55e-73	274
AP028368_pM04	CP001961_pM04	97.030	101	3	0	8824	8924	9272	9372	7.50e-42	171
AP028368_pM04	CP001961_pM04	95.789	95	3	1	32952	33045	40444	40538	2.72e-36	152
AP028368_pM04	CP001961_pM04	83.333	108	10	6	8662	8762	9434	9540	1.67e-18	93.5
AP028368_pM04	CP172365_pM04	99.029	11737	95	17	18922	30653	16399	28121	0.0	21025
AP028368_pM04	CP172365_pM04	95.521	10025	345	52	31399	41334	28113	38122	0.0	15930
AP028368_pM04	CP172365_pM04	98.770	7155	60	25	6766	13911	7376	14511	0.0	12700
AP028368_pM04	CP172365_pM04	96.830	6720	211	2	1	6719	1	6719	0.0	11228
AP028368_pM04	CP172365_pM04	95.486	4564	172	21	41754	46295	38626	43177	0.0	7256
AP028368_pM04	CP172365_pM04	92.873	463	14	14	18479	18929	14653	15108	0.0	654
AP028368_pM04	CP172365_pM04	97.973	148	0	3	16301	16448	14512	14656	7.24e-67	254
AP028368_pM04	CP172365_pM04	97.030	101	3	0	8824	8924	9272	9372	7.50e-42	171
AP028368_pM04	CP172365_pM04	95.789	95	3	1	32952	33045	40399	40493	2.72e-36	152
AP028368_pM04	CP172365_pM04	83.333	108	10	6	8662	8762	9434	9540	1.67e-18	93.5
AY394560_pM04	CP048762_pM04	99.839	26668	42	1	18040	44707	21337	48003	0.0	49007
AY394560_pM04	CP048762_pM04	98.776	12991	123	9	1	12988	1	12958	0.0	23076
AY394560_pM04	CP048762_pM04	96.698	424	14	0	16755	17178	20900	21323	0.0	706
AY394560_pM04	CP048762_pM04	96.701	394	1	2	12893	13274	20235	20628	0.0	645
AY394560_pM04	CP048762_pM04	93.506	77	5	0	41935	42011	34593	34669	3.44e-25	115
AY394560_pM04	CP048762_pM04	93.506	77	5	0	31297	31373	45231	45307	3.44e-25	115
AY394560_pM04	CP048762_pM04	83.333	108	10	6	8824	8930	8663	8763	1.61e-18	93.5
AY394560_pM04	CP048762_pM04	83.333	108	10	6	8662	8762	8825	8931	1.61e-18	93.5
AY394560_pM04	CP001961_pM04	98.935	23089	228	14	16662	39745	15092	38167	0.0	41258
AY394560_pM04	CP001961_pM04	97.861	7154	138	5	6766	13906	7376	14527	0.0	12349
AY394560_pM04	CP001961_pM04	97.470	6719	170	0	1	6719	1	6719	0.0	11466
AY394560_pM04	CP001961_pM04	97.496	4552	105	2	40165	44707	38671	43222	0.0	7766
AY394560_pM04	CP001961_pM04	100.000	275	0	0	16396	16670	14528	14802	1.35e-143	508
AY394560_pM04	CP001961_pM04	94.805	77	4	0	31297	31373	40450	40526	7.39e-27	121
AY394560_pM04	CP001961_pM04	93.506	77	5	0	41935	42011	29725	29801	3.44e-25	115
AY394560_pM04	CP001961_pM04	83.333	108	10	6	8824	8930	9272	9372	1.61e-18	93.5
AY394560_pM04	CP001961_pM04	83.333	108	10	6	8662	8762	9434	9540	1.61e-18	93.5
AY394560_pM04	CP172365_pM04	98.852	23089	229	29	16662	39745	15065	38122	0.0	41137
AY394560_pM04	CP172365_pM04	97.624	7154	139	25	6766	13906	7376	14511	0.0	12240
AY394560_pM04	CP172365_pM04	97.470	6719	170	0	1	6719	1	6719	0.0	11466
AY394560_pM04	CP172365_pM04	97.496	4552	105	2	40165	44707	38626	43177	0.0	7766
AY394560_pM04	CP172365_pM04	97.818	275	0	6	16396	16670	14512	14780	6.37e-132	470
AY394560_pM04	CP172365_pM04	94.805	77	4	0	31297	31373	40405	40481	7.39e-27	121
AY394560_pM04	CP172365_pM04	93.506	77	5	0	41935	42011	29681	29757	3.44e-25	115
AY394560_pM04	CP172365_pM04	83.333	108	10	6	8824	8930	9272	9372	1.61e-18	93.5
AY394560_pM04	CP172365_pM04	83.333	108	10	6	8662	8762	9434	9540	1.61e-18	93.5
AY394560_pM04	CP043764_pM04	98.830	18037	203	4	26671	44707	23744	41772	0.0	32132
AY394560_pM04	CP043764_pM04	99.281	8482	55	5	16638	25114	13266	21746	0.0	15320
AY394560_pM04	CP043764_pM04	99.464	6719	34	2	1	6718	1	6718	0.0	12207
AY394560_pM04	CP043764_pM04	97.871	6481	116	10	6678	13140	6809	13285	0.0	11184
AY394560_pM04	CP043764_pM04	94.805	77	4	0	31297	31373	39000	39076	7.39e-27	121
AY394560_pM04	CP043764_pM04	93.506	77	5	0	41935	42011	28368	28444	3.44e-25	115
AY394560_pM04	CP043764_pM04	83.333	108	10	6	8824	8930	8796	8896	1.61e-18	93.5
AY394560_pM04	CP043764_pM04	83.333	108	10	6	8662	8762	8958	9064	1.61e-18	93.5
AY394560_pM04	CP017419_pM04	98.453	18040	257	17	26671	44707	24666	42686	0.0	31748
AY394560_pM04	CP017419_pM04	99.093	8376	74	2	16662	25035	15091	23466	0.0	15045
AY394560_pM04	CP017419_pM04	97.847	7154	139	5	6766	13906	7376	14527	0.0	12344
AY394560_pM04	CP017419_pM04	97.455	6719	171	0	1	6719	1	6719	0.0	11461
AY394560_pM04	CP017419_pM04	100.000	275	0	0	16396	16670	14528	14802	1.35e-143	508
AY394560_pM04	CP017419_pM04	94.805	77	4	0	31297	31373	39914	39990	7.39e-27	121
AY394560_pM04	CP017419_pM04	93.506	77	5	0	41935	42011	29291	29367	3.44e-25	115
AY394560_pM04	CP017419_pM04	83.333	108	10	6	8824	8930	9272	9372	1.61e-18	93.5
AY394560_pM04	CP017419_pM04	83.333	108	10	6	8662	8762	9434	9540	1.61e-18	93.5
AY394560_pM04	AP028368_pM04	98.742	14867	162	13	1	14852	1	14857	0.0	26395
AY394560_pM04	AP028368_pM04	95.714	15002	515	61	29729	44707	31399	46295	0.0	24024
AY394560_pM04	AP028368_pM04	99.267	11738	77	7	18003	29737	18922	30653	0.0	21191
AY394560_pM04	AP028368_pM04	99.637	1651	5	1	14893	16543	14799	16448	0.0	3014
AY394560_pM04	AP028368_pM04	97.030	101	3	0	8662	8762	8824	8924	7.24e-42	171
AY394560_pM04	AP028368_pM04	94.737	95	4	1	41929	42023	32952	33045	1.22e-34	147
AY394560_pM04	AP028368_pM04	83.333	108	10	6	8824	8930	8662	8762	1.61e-18	93.5
AY394560_pM04	AP028347_pM04	95.861	15005	497	66	29729	44707	28686	43592	0.0	24155
AY394560_pM04	AP028347_pM04	97.582	12202	258	21	2156	14332	2823	15012	0.0	20864
AY394560_pM04	AP028347_pM04	99.315	7010	47	1	18040	25048	17092	24101	0.0	12678
AY394560_pM04	AP028347_pM04	95.608	3643	139	16	26107	29737	24306	27939	0.0	5821
AY394560_pM04	AP028347_pM04	98.654	2154	29	0	1	2154	1	2154	0.0	3818
AY394560_pM04	AP028347_pM04	97.303	519	12	2	16662	17178	16566	17084	0.0	880
AY394560_pM04	AP028347_pM04	98.118	425	5	3	14793	15215	15753	16176	0.0	737
AY394560_pM04	AP028347_pM04	97.802	182	4	0	14771	14952	15632	15813	3.16e-85	315
AY394560_pM04	AP028347_pM04	100.000	110	0	0	16561	16670	16168	16277	7.14e-52	204
AY394560_pM04	AP028347_pM04	95.506	89	4	0	41935	42023	30254	30342	1.58e-33	143
AY394560_pM04	AP028347_pM04	83.333	108	10	6	8824	8930	9331	9431	1.61e-18	93.5
AY394560_pM04	AP028347_pM04	83.333	108	10	6	8662	8762	9493	9599	1.61e-18	93.5
AY394560_pM04	AP028347_pM04	91.667	60	4	1	14893	14952	15655	15713	3.49e-15	82.4
AY394560_pM04	AP028347_pM04	91.667	60	4	1	14794	14852	15854	15913	3.49e-15	82.4
AY394560_pM04	CP131443_pM04	99.353	11744	73	3	17995	29737	13101	24842	0.0	21263
AY394560_pM04	CP131443_pM04	96.488	10024	323	20	29729	39745	25589	35590	0.0	16534
AY394560_pM04	CP131443_pM04	88.402	6777	663	84	1	6718	1	6713	0.0	8046
AY394560_pM04	CP131443_pM04	98.112	4026	65	9	6678	10695	6805	10827	0.0	7003
AY394560_pM04	CP131443_pM04	90.987	4549	382	19	40162	44694	36120	40656	0.0	6104
AY394560_pM04	CP131443_pM04	95.205	2294	94	6	10853	13132	10828	13119	0.0	3613
AY394560_pM04	CP131443_pM04	93.506	77	5	0	41935	42011	27158	27234	3.44e-25	115
AY394560_pM04	CP131443_pM04	83.333	108	10	6	8824	8930	8792	8892	1.61e-18	93.5
AY394560_pM04	CP131443_pM04	83.333	108	10	6	8662	8762	8954	9060	1.61e-18	93.5
AY394560_pM04	SC0947_pM04	98.393	9772	150	3	29729	39499	30505	40270	0.0	17169
AY394560_pM04	SC0947_pM04	99.556	9005	38	2	1	9005	1	9003	0.0	16406
AY394560_pM04	SC0947_pM04	99.016	7011	65	2	18039	25048	13234	20241	0.0	12562
AY394560_pM04	SC0947_pM04	98.630	5621	60	14	39091	44707	40671	46278	0.0	9937
AY394560_pM04	SC0947_pM04	98.962	3083	28	3	26655	29737	26680	29758	0.0	5513
AY394560_pM04	SC0947_pM04	87.136	412	38	14	39091	39499	40271	40670	6.42e-127	453
AY394560_pM04	SC0947_pM04	94.142	239	13	1	16430	16667	12773	13011	1.11e-99	363
AY394560_pM04	SC0947_pM04	84.133	271	41	2	26107	26376	20445	20714	4.18e-69	261
AY394560_pM04	SC0947_pM04	93.506	77	5	0	41935	42011	32074	32150	3.44e-25	115
AY394560_pM04	SC0947_pM04	93.506	77	5	0	31297	31373	43506	43582	3.44e-25	115
AY394560_pM04	SC0947_pM04	83.333	108	10	6	8662	8762	8823	8929	1.61e-18	93.5
AY394560_pM04	CP010073_pM04	95.879	10021	350	35	29729	39736	33246	43216	0.0	16159
AY394560_pM04	CP010073_pM04	99.499	8376	40	2	16662	25035	16228	24603	0.0	15234
AY394560_pM04	CP010073_pM04	88.343	6777	667	84	1	6718	1	6713	0.0	8024
AY394560_pM04	CP010073_pM04	97.376	4307	98	5	9361	13654	9178	13482	0.0	7313
AY394560_pM04	CP010073_pM04	90.861	4552	385	20	40162	44694	44303	48842	0.0	6072
AY394560_pM04	CP010073_pM04	97.309	3084	78	4	26655	29737	29420	32499	0.0	5230
AY394560_pM04	CP010073_pM04	96.942	2387	66	5	6678	9059	6805	9189	0.0	3997
AY394560_pM04	CP010073_pM04	100.000	775	0	0	15896	16670	15165	15939	0.0	1432
AY394560_pM04	CP010073_pM04	87.246	345	38	6	39404	39745	43432	43773	1.84e-107	388
AY394560_pM04	CP010073_pM04	94.737	95	4	1	41929	42023	34810	34903	1.22e-34	147
AY394560_pM04	CP010073_pM04	88.430	121	14	0	39160	39280	43203	43323	1.22e-34	147
AY394560_pM04	CP010073_pM04	83.333	108	10	6	8662	8762	8954	9060	1.61e-18	93.5
AY394560_pM04	CP010073_pM04	94.828	58	2	1	26671	26728	25800	25856	2.09e-17	89.8
CP001961_pM04	CP172365_pM04	99.864	43228	2	52	1	43222	1	43177	0.0	79447
CP001961_pM04	CP172365_pM04	94.805	77	4	0	40450	40526	29681	29757	7.15e-27	121
CP001961_pM04	CP172365_pM04	94.805	77	4	0	29725	29801	40405	40481	7.15e-27	121
CP001961_pM04	CP172365_pM04	83.333	108	10	6	9434	9540	9272	9372	1.56e-18	93.5
CP001961_pM04	CP172365_pM04	83.333	108	10	6	9272	9372	9434	9540	1.56e-18	93.5
CP001961_pM04	CP017419_pM04	99.744	23467	59	1	1	23467	1	23466	0.0	43002
CP001961_pM04	CP017419_pM04	98.432	13074	183	20	25101	38167	24666	37724	0.0	22988
CP001961_pM04	CP017419_pM04	97.496	4552	105	2	38671	43222	38144	42686	0.0	7766
CP001961_pM04	CP017419_pM04	94.805	77	4	0	40450	40526	29291	29367	7.15e-27	121
CP001961_pM04	CP017419_pM04	94.805	77	4	0	29725	29801	39914	39990	7.15e-27	121
CP001961_pM04	CP017419_pM04	83.333	108	10	6	9434	9540	9272	9372	1.56e-18	93.5
CP001961_pM04	CP017419_pM04	83.333	108	10	6	9272	9372	9434	9540	1.56e-18	93.5
CP001961_pM04	AY394560_pM04	98.935	23089	228	14	15092	38167	16662	39745	0.0	41258
CP001961_pM04	AY394560_pM04	97.861	7154	138	5	7376	14527	6766	13906	0.0	12349
CP001961_pM04	AY394560_pM04	97.470	6719	170	0	1	6719	1	6719	0.0	11466
CP001961_pM04	AY394560_pM04	97.496	4552	105	2	38671	43222	40165	44707	0.0	7766
CP001961_pM04	AY394560_pM04	100.000	275	0	0	14528	14802	16396	16670	1.31e-143	508
CP001961_pM04	AY394560_pM04	94.805	77	4	0	40450	40526	31297	31373	7.15e-27	121
CP001961_pM04	AY394560_pM04	93.506	77	5	0	29725	29801	41935	42011	3.33e-25	115
CP001961_pM04	AY394560_pM04	83.333	108	10	6	9434	9540	8662	8762	1.56e-18	93.5
CP001961_pM04	AY394560_pM04	83.333	108	10	6	9272	9372	8824	8930	1.56e-18	93.5
CP001961_pM04	CP048762_pM04	98.752	21708	256	11	16472	38167	21337	43041	0.0	38572
CP001961_pM04	CP048762_pM04	97.440	6719	172	0	1	6719	1	6719	0.0	11455
CP001961_pM04	CP048762_pM04	98.747	6224	46	4	7376	13598	6766	12958	0.0	11033
CP001961_pM04	CP048762_pM04	97.342	4552	112	2	38671	43222	43461	48003	0.0	7727
CP001961_pM04	CP048762_pM04	99.492	394	1	1	13503	13895	20235	20628	0.0	715
CP001961_pM04	CP048762_pM04	96.698	424	14	0	15187	15610	20900	21323	0.0	706
CP001961_pM04	CP048762_pM04	94.805	77	4	0	40450	40526	34593	34669	7.15e-27	121
CP001961_pM04	CP048762_pM04	93.506	77	5	0	29725	29801	45231	45307	3.33e-25	115
CP001961_pM04	CP048762_pM04	83.333	108	10	6	9434	9540	8663	8763	1.56e-18	93.5
CP001961_pM04	CP048762_pM04	83.333	108	10	6	9272	9372	8825	8931	1.56e-18	93.5
CP001961_pM04	CP043764_pM04	98.600	13071	175	8	25101	38167	23744	36810	0.0	23117
CP001961_pM04	CP043764_pM04	99.054	8458	74	5	15092	23546	13292	21746	0.0	15171
CP001961_pM04	CP043764_pM04	99.107	6386	57	0	7376	13761	6900	13285	0.0	11478
CP001961_pM04	CP043764_pM04	97.057	6727	196	2	1	6726	1	6726	0.0	11324
CP001961_pM04	CP043764_pM04	97.452	4552	107	2	38671	43222	37230	41772	0.0	7755
CP001961_pM04	CP043764_pM04	94.805	77	4	0	40450	40526	28368	28444	7.15e-27	121
CP001961_pM04	CP043764_pM04	94.805	77	4	0	29725	29801	39000	39076	7.15e-27	121
CP001961_pM04	CP043764_pM04	83.333	108	10	6	9434	9540	8796	8896	1.56e-18	93.5
CP001961_pM04	CP043764_pM04	83.333	108	10	6	9272	9372	8958	9064	1.56e-18	93.5
CP001961_pM04	CP131443_pM04	99.208	11743	89	4	16427	28166	13101	24842	0.0	21167
CP001961_pM04	CP131443_pM04	97.172	10325	268	21	28158	38474	25589	35897	0.0	17427
CP001961_pM04	CP131443_pM04	88.095	6787	681	91	1	6726	1	6721	0.0	7939
CP001961_pM04	CP131443_pM04	99.314	3933	23	4	7376	11305	6896	10827	0.0	7110
CP001961_pM04	CP131443_pM04	89.046	4592	463	24	38635	43209	36088	40656	0.0	5657
CP001961_pM04	CP131443_pM04	99.302	2292	15	1	11463	13753	10828	13119	0.0	4143
CP001961_pM04	CP131443_pM04	94.805	77	4	0	40450	40526	27158	27234	7.15e-27	121
CP001961_pM04	CP131443_pM04	83.333	108	10	6	9434	9540	8792	8892	1.56e-18	93.5
CP001961_pM04	CP131443_pM04	83.333	108	10	6	9272	9372	8954	9060	1.56e-18	93.5
CP001961_pM04	AP028368_pM04	99.105	11737	95	7	16435	28166	18922	30653	0.0	21084
CP001961_pM04	AP028368_pM04	95.541	10024	345	55	28158	38167	31399	41334	0.0	15941
CP001961_pM04	AP028368_pM04	99.049	7153	60	6	7376	14527	6766	13911	0.0	12826
CP001961_pM04	AP028368_pM04	96.830	6720	211	2	1	6719	1	6719	0.0	11228
CP001961_pM04	AP028368_pM04	95.486	4564	172	21	38671	43222	41754	46295	0.0	7256
CP001961_pM04	AP028368_pM04	93.966	464	15	9	14672	15135	18479	18929	0.0	689
CP001961_pM04	AP028368_pM04	100.000	148	0	0	14528	14675	16301	16448	5.19e-73	274
CP001961_pM04	AP028368_pM04	97.030	101	3	0	9272	9372	8824	8924	7.00e-42	171
CP001961_pM04	AP028368_pM04	95.789	95	3	1	40444	40538	32952	33045	2.54e-36	152
CP001961_pM04	AP028368_pM04	83.333	108	10	6	9434	9540	8662	8762	1.56e-18	93.5
CP001961_pM04	SC0947_pM04	98.690	9769	120	8	28158	37921	30505	40270	0.0	17324
CP001961_pM04	SC0947_pM04	98.945	7012	68	4	16471	23480	13234	20241	0.0	12534
CP001961_pM04	SC0947_pM04	97.395	6719	174	1	1	6719	1	6718	0.0	11437
CP001961_pM04	SC0947_pM04	97.496	4552	105	2	38671	43222	41736	46278	0.0	7766
CP001961_pM04	SC0947_pM04	98.930	3083	28	4	25085	28166	26680	29758	0.0	5505
CP001961_pM04	SC0947_pM04	97.411	2240	57	1	7376	9615	6765	9003	0.0	3814
CP001961_pM04	SC0947_pM04	87.102	659	67	15	37514	38167	40671	41316	0.0	730
CP001961_pM04	SC0947_pM04	95.043	464	22	1	14562	15024	12773	13236	0.0	728
CP001961_pM04	SC0947_pM04	83.293	413	51	16	37514	37921	40271	40670	2.99e-100	364
CP001961_pM04	SC0947_pM04	83.764	271	41	3	24538	24806	20445	20714	6.76e-67	254
CP001961_pM04	SC0947_pM04	94.805	77	4	0	40450	40526	32074	32150	7.15e-27	121
CP001961_pM04	SC0947_pM04	93.506	77	5	0	29725	29801	43506	43582	3.33e-25	115
CP001961_pM04	SC0947_pM04	83.333	108	10	6	9272	9372	8823	8929	1.56e-18	93.5
CP001961_pM04	CP010073_pM04	95.979	10023	329	48	28158	38158	33246	43216	0.0	16209
CP001961_pM04	CP010073_pM04	99.329	8940	59	1	14528	23467	15665	24603	0.0	16175
CP001961_pM04	CP010073_pM04	88.036	6787	685	91	1	6726	1	6721	0.0	7917
CP001961_pM04	CP010073_pM04	99.861	4305	6	0	9971	14275	9178	13482	0.0	7917
CP001961_pM04	CP010073_pM04	89.199	4592	459	23	38635	43209	44271	48842	0.0	5698
CP001961_pM04	CP010073_pM04	97.276	3084	78	5	25085	28166	29420	32499	0.0	5225
CP001961_pM04	CP010073_pM04	98.779	2294	28	0	7376	9669	6896	9189	0.0	4082
CP001961_pM04	CP010073_pM04	90.520	654	52	10	37826	38474	43432	44080	0.0	856
CP001961_pM04	CP010073_pM04	95.789	95	3	1	40444	40538	34810	34903	2.54e-36	152
CP001961_pM04	CP010073_pM04	90.385	104	8	2	37582	37684	43203	43305	2.55e-31	135
CP001961_pM04	CP010073_pM04	83.333	108	10	6	9272	9372	8954	9060	1.56e-18	93.5
CP001961_pM04	CP010073_pM04	94.828	58	2	1	25101	25158	25800	25856	2.02e-17	89.8
CP001961_pM04	AP028347_pM04	95.363	10028	365	56	28158	38167	28686	38631	0.0	15850
CP001961_pM04	AP028347_pM04	99.567	7152	31	0	7376	14527	7435	14586	0.0	13036
CP001961_pM04	AP028347_pM04	99.173	7010	57	1	16472	23480	17092	24101	0.0	12622
CP001961_pM04	AP028347_pM04	95.552	4564	169	21	38671	43222	39051	43592	0.0	7273
CP001961_pM04	AP028347_pM04	94.944	4569	220	11	2156	6719	2823	7385	0.0	7147
CP001961_pM04	AP028347_pM04	95.553	3643	139	18	24538	28166	24306	27939	0.0	5808
CP001961_pM04	AP028347_pM04	98.514	2154	32	0	1	2154	1	2154	0.0	3801
CP001961_pM04	AP028347_pM04	98.693	918	11	1	14693	15610	16168	17084	0.0	1628
CP001961_pM04	AP028347_pM04	96.629	89	3	0	40450	40538	30254	30342	3.28e-35	148
CP001961_pM04	AP028347_pM04	83.333	108	10	6	9434	9540	9331	9431	1.56e-18	93.5
CP001961_pM04	AP028347_pM04	83.333	108	10	6	9272	9372	9493	9599	1.56e-18	93.5
CP010073_pM04	SC0947_pM04	96.580	17249	493	58	25794	42972	23042	40263	0.0	28494
CP010073_pM04	SC0947_pM04	98.700	6999	87	2	17607	24604	13234	20229	0.0	12417
CP010073_pM04	SC0947_pM04	88.356	6776	667	83	1	6713	1	6717	0.0	8030
CP010073_pM04	SC0947_pM04	90.843	4554	382	24	44303	48842	41733	46265	0.0	6067
CP010073_pM04	SC0947_pM04	97.214	2333	57	6	6805	9135	6677	9003	0.0	3941
CP010073_pM04	SC0947_pM04	95.455	638	27	2	42580	43216	40671	41307	0.0	1016
CP010073_pM04	SC0947_pM04	95.043	464	22	1	15699	16161	12773	13236	0.0	728
CP010073_pM04	SC0947_pM04	93.401	394	24	2	42580	42972	40271	40663	8.58e-166	582
CP010073_pM04	SC0947_pM04	82.705	584	79	18	43204	43773	40741	41316	8.89e-141	499
CP010073_pM04	SC0947_pM04	76.358	313	58	9	43204	43505	40341	40648	7.97e-37	154
CP010073_pM04	SC0947_pM04	94.737	95	4	1	34810	34903	43500	43594	1.33e-34	147
CP010073_pM04	SC0947_pM04	87.500	120	15	0	43204	43323	39932	40051	2.23e-32	139
CP010073_pM04	SC0947_pM04	96.341	82	3	0	29409	29490	23023	23104	2.89e-31	135
CP010073_pM04	SC0947_pM04	98.413	63	1	0	25794	25856	26688	26750	4.87e-24	111
CP010073_pM04	CP131443_pM04	97.116	13835	348	27	29420	43216	21760	35581	0.0	23291
CP010073_pM04	CP131443_pM04	99.771	9189	21	0	1	9189	1	9189	0.0	16853
CP010073_pM04	CP131443_pM04	99.134	7041	61	0	17563	24603	13101	20141	0.0	12665
CP010073_pM04	CP131443_pM04	97.784	5685	99	21	43203	48872	35014	40686	0.0	9775
CP010073_pM04	CP131443_pM04	99.302	2292	15	1	10670	12960	10828	13119	0.0	4143
CP010073_pM04	CP131443_pM04	99.102	1337	9	3	9178	10512	9492	10827	0.0	2399
CP010073_pM04	CP131443_pM04	83.333	108	10	6	8954	9060	8792	8892	1.76e-18	93.5
CP010073_pM04	CP131443_pM04	94.828	58	2	1	25800	25856	21776	21833	2.28e-17	89.8
CP010073_pM04	AP028347_pM04	96.483	13819	429	25	29409	43216	24850	38622	0.0	22774
CP010073_pM04	AP028347_pM04	98.948	7032	67	4	17608	24635	17092	24120	0.0	12569
CP010073_pM04	AP028347_pM04	99.768	4305	10	0	9178	13482	10030	14334	0.0	7895
CP010073_pM04	AP028347_pM04	90.501	4611	371	53	2128	6713	2816	7384	0.0	6026
CP010073_pM04	AP028347_pM04	89.086	4563	444	36	44303	48842	39048	43579	0.0	5618
CP010073_pM04	AP028347_pM04	98.115	2387	41	4	6805	9189	7344	9728	0.0	4156
CP010073_pM04	AP028347_pM04	88.766	2163	212	21	1	2145	1	2150	0.0	2619
CP010073_pM04	AP028347_pM04	98.800	917	11	0	15830	16746	16168	17084	0.0	1633
CP010073_pM04	AP028347_pM04	83.932	585	72	18	43203	43773	38055	38631	5.24e-153	540
CP010073_pM04	AP028347_pM04	98.413	63	1	0	25794	25856	24869	24931	4.87e-24	111
CP010073_pM04	AP028347_pM04	83.333	108	10	6	8954	9060	9331	9431	1.76e-18	93.5
CP010073_pM04	AP028368_pM04	96.026	13814	473	34	29420	43216	27571	41325	0.0	22399
CP010073_pM04	AP028368_pM04	98.422	7035	105	4	17571	24603	18922	25952	0.0	12371
CP010073_pM04	AP028368_pM04	88.592	6776	652	83	1	6713	1	6718	0.0	8118
CP010073_pM04	AP028368_pM04	99.791	4305	9	0	9178	13482	9355	13659	0.0	7901
CP010073_pM04	AP028368_pM04	89.020	4563	447	36	44303	48842	41751	46282	0.0	5602
CP010073_pM04	AP028368_pM04	96.106	2388	78	11	6805	9189	6678	9053	0.0	3880
CP010073_pM04	AP028368_pM04	100.000	648	0	0	15165	15812	15801	16448	0.0	1197
CP010073_pM04	AP028368_pM04	94.168	463	15	8	15809	16271	18479	18929	0.0	695
CP010073_pM04	AP028368_pM04	83.932	585	72	18	43203	43773	40758	41334	5.24e-153	540
CP010073_pM04	AP028368_pM04	92.079	101	8	0	8792	8892	8824	8924	1.73e-33	143
CP010073_pM04	AP028368_pM04	83.333	108	10	6	8954	9060	8662	8762	1.76e-18	93.5
CP010073_pM04	AP028368_pM04	94.828	58	2	1	25800	25856	27587	27644	2.28e-17	89.8
CP010073_pM04	CP017419_pM04	98.646	10195	135	2	15665	25856	14528	24722	0.0	18059
CP010073_pM04	CP017419_pM04	96.912	10008	257	25	33246	43216	27723	37715	0.0	16722
CP010073_pM04	CP017419_pM04	88.052	6788	682	93	1	6721	1	6726	0.0	7923
CP010073_pM04	CP017419_pM04	99.861	4305	6	0	9178	13482	9971	14275	0.0	7917
CP010073_pM04	CP017419_pM04	90.815	4551	389	18	44303	48842	38141	42673	0.0	6061
CP010073_pM04	CP017419_pM04	97.397	3073	78	2	29428	32499	24660	27731	0.0	5230
CP010073_pM04	CP017419_pM04	98.736	2294	29	0	6896	9189	7376	9669	0.0	4076
CP010073_pM04	CP017419_pM04	82.705	584	79	18	43204	43773	37149	37724	8.89e-141	499
CP010073_pM04	CP017419_pM04	95.789	95	3	1	34810	34903	39908	40002	2.87e-36	152
CP010073_pM04	CP017419_pM04	83.333	108	10	6	8954	9060	9272	9372	1.76e-18	93.5
CP010073_pM04	CP043764_pM04	96.198	10022	310	39	33246	43216	26800	36801	0.0	16331
CP010073_pM04	CP043764_pM04	99.431	8443	44	4	16228	24670	13292	21730	0.0	15322
CP010073_pM04	CP043764_pM04	91.106	9253	699	87	1	9189	1	9193	0.0	12414
CP010073_pM04	CP043764_pM04	99.631	3791	14	0	9178	12968	9495	13285	0.0	6924
CP010073_pM04	CP043764_pM04	90.883	4552	384	20	44303	48842	37227	41759	0.0	6078
CP010073_pM04	CP043764_pM04	97.201	3073	83	3	29428	32499	23738	26808	0.0	5195
CP010073_pM04	CP043764_pM04	94.700	1151	56	4	24710	25856	22651	23800	0.0	1783
CP010073_pM04	CP043764_pM04	87.536	345	37	6	43432	43773	36469	36810	4.31e-109	394
CP010073_pM04	CP043764_pM04	95.789	95	3	1	34810	34903	38994	39088	2.87e-36	152
CP010073_pM04	CP043764_pM04	88.430	121	14	0	43203	43323	36225	36345	1.33e-34	147
CP010073_pM04	CP043764_pM04	83.333	108	10	6	8954	9060	8796	8896	1.76e-18	93.5
CP010073_pM04	CP172365_pM04	95.979	10023	329	48	33246	43216	28113	38113	0.0	16209
CP010073_pM04	CP172365_pM04	99.027	8940	59	24	15665	24603	14512	23424	0.0	16002
CP010073_pM04	CP172365_pM04	88.036	6787	685	91	1	6721	1	6726	0.0	7917
CP010073_pM04	CP172365_pM04	99.396	4307	6	19	9178	13482	9971	14259	0.0	7792
CP010073_pM04	CP172365_pM04	89.199	4592	459	23	44271	48842	38590	43164	0.0	5698
CP010073_pM04	CP172365_pM04	97.244	3084	77	7	29420	32499	25042	28121	0.0	5217
CP010073_pM04	CP172365_pM04	98.779	2294	28	0	6896	9189	7376	9669	0.0	4082
CP010073_pM04	CP172365_pM04	90.505	653	54	8	43432	44080	37781	38429	0.0	856
CP010073_pM04	CP172365_pM04	95.789	95	3	1	34810	34903	40399	40493	2.87e-36	152
CP010073_pM04	CP172365_pM04	90.385	104	8	2	43203	43305	37537	37639	2.89e-31	135
CP010073_pM04	CP172365_pM04	83.333	108	10	6	8954	9060	9272	9372	1.76e-18	93.5
CP010073_pM04	CP172365_pM04	94.828	58	2	1	25800	25856	25058	25115	2.28e-17	89.8
CP010073_pM04	CP001961_pM04	95.980	10024	327	50	33246	43216	28158	38158	0.0	16209
CP010073_pM04	CP001961_pM04	99.329	8940	59	1	15665	24603	14528	23467	0.0	16175
CP010073_pM04	CP001961_pM04	88.036	6787	685	91	1	6721	1	6726	0.0	7917
CP010073_pM04	CP001961_pM04	99.861	4305	6	0	9178	13482	9971	14275	0.0	7917
CP010073_pM04	CP001961_pM04	89.199	4592	459	23	44271	48842	38635	43209	0.0	5698
CP010073_pM04	CP001961_pM04	97.276	3084	78	5	29420	32499	25085	28166	0.0	5225
CP010073_pM04	CP001961_pM04	98.779	2294	28	0	6896	9189	7376	9669	0.0	4082
CP010073_pM04	CP001961_pM04	90.505	653	54	8	43432	44080	37826	38474	0.0	856
CP010073_pM04	CP001961_pM04	95.789	95	3	1	34810	34903	40444	40538	2.87e-36	152
CP010073_pM04	CP001961_pM04	90.385	104	8	2	43203	43305	37582	37684	2.89e-31	135
CP010073_pM04	CP001961_pM04	83.333	108	10	6	8954	9060	9272	9372	1.76e-18	93.5
CP010073_pM04	CP001961_pM04	94.828	58	2	1	25800	25856	25101	25158	2.28e-17	89.8
CP010073_pM04	CP048762_pM04	95.879	10022	348	37	33246	43216	33025	43032	0.0	16159
CP010073_pM04	CP048762_pM04	99.057	6996	66	0	17608	24603	21337	28332	0.0	12554
CP010073_pM04	CP048762_pM04	88.372	6777	665	84	1	6713	1	6718	0.0	8035
CP010073_pM04	CP048762_pM04	99.614	3628	14	0	9178	12805	9331	12958	0.0	6623
CP010073_pM04	CP048762_pM04	91.103	4552	374	20	44303	48842	43458	47990	0.0	6133
CP010073_pM04	CP048762_pM04	97.276	3084	78	5	29420	32499	29952	33033	0.0	5225
CP010073_pM04	CP048762_pM04	97.221	2339	57	6	6805	9140	6678	9011	0.0	3952
CP010073_pM04	CP048762_pM04	99.492	394	1	1	12710	13102	20235	20628	0.0	715
CP010073_pM04	CP048762_pM04	96.698	424	14	0	16323	16746	20900	21323	0.0	706
CP010073_pM04	CP048762_pM04	87.246	345	38	6	43432	43773	42700	43041	2.01e-107	388
CP010073_pM04	CP048762_pM04	88.430	121	14	0	43203	43323	42456	42576	1.33e-34	147
CP010073_pM04	CP048762_pM04	94.737	95	4	1	34810	34903	45225	45319	1.33e-34	147
CP010073_pM04	CP048762_pM04	83.333	108	10	6	8954	9060	8663	8763	1.76e-18	93.5
CP010073_pM04	CP048762_pM04	94.828	58	2	1	25800	25856	29968	30025	2.28e-17	89.8
CP010073_pM04	AY394560_pM04	95.879	10022	348	37	33246	43216	29729	39736	0.0	16159
CP010073_pM04	AY394560_pM04	99.499	8376	40	2	16228	24603	16662	25035	0.0	15234
CP010073_pM04	AY394560_pM04	88.343	6777	667	84	1	6713	1	6718	0.0	8024
CP010073_pM04	AY394560_pM04	97.376	4307	98	5	9178	13482	9361	13654	0.0	7313
CP010073_pM04	AY394560_pM04	90.861	4552	385	20	44303	48842	40162	44694	0.0	6072
CP010073_pM04	AY394560_pM04	97.309	3084	78	4	29420	32499	26655	29737	0.0	5230
CP010073_pM04	AY394560_pM04	96.942	2387	66	5	6805	9189	6678	9059	0.0	3997
CP010073_pM04	AY394560_pM04	100.000	775	0	0	15165	15939	15896	16670	0.0	1432
CP010073_pM04	AY394560_pM04	87.246	345	38	6	43432	43773	39404	39745	2.01e-107	388
CP010073_pM04	AY394560_pM04	88.430	121	14	0	43203	43323	39160	39280	1.33e-34	147
CP010073_pM04	AY394560_pM04	94.737	95	4	1	34810	34903	41929	42023	1.33e-34	147
CP010073_pM04	AY394560_pM04	83.333	108	10	6	8954	9060	8662	8762	1.76e-18	93.5
CP010073_pM04	AY394560_pM04	94.828	58	2	1	25800	25856	26671	26728	2.28e-17	89.8
CP017419_pM04	CP001961_pM04	99.744	23467	59	1	1	23466	1	23467	0.0	43002
CP017419_pM04	CP001961_pM04	98.432	13074	183	20	24666	37724	25101	38167	0.0	22988
CP017419_pM04	CP001961_pM04	97.496	4552	105	2	38144	42686	38671	43222	0.0	7766
CP017419_pM04	CP001961_pM04	94.805	77	4	0	39914	39990	29725	29801	7.06e-27	121
CP017419_pM04	CP001961_pM04	94.805	77	4	0	29291	29367	40450	40526	7.06e-27	121
CP017419_pM04	CP001961_pM04	83.333	108	10	6	9434	9540	9272	9372	1.54e-18	93.5
CP017419_pM04	CP001961_pM04	83.333	108	10	6	9272	9372	9434	9540	1.54e-18	93.5
CP017419_pM04	CP172365_pM04	99.544	23469	59	43	1	23466	1	23424	0.0	42703
CP017419_pM04	CP172365_pM04	98.417	13073	185	20	24666	37724	25058	38122	0.0	22975
CP017419_pM04	CP172365_pM04	97.496	4552	105	2	38144	42686	38626	43177	0.0	7766
CP017419_pM04	CP172365_pM04	94.805	77	4	0	39914	39990	29681	29757	7.06e-27	121
CP017419_pM04	CP172365_pM04	94.805	77	4	0	29291	29367	40405	40481	7.06e-27	121
CP017419_pM04	CP172365_pM04	83.333	108	10	6	9434	9540	9272	9372	1.54e-18	93.5
CP017419_pM04	CP172365_pM04	83.333	108	10	6	9272	9372	9434	9540	1.54e-18	93.5
CP017419_pM04	CP043764_pM04	98.808	19127	210	17	23573	42686	22651	41772	0.0	34042
CP017419_pM04	CP043764_pM04	99.029	8443	78	4	15091	23533	13292	21730	0.0	15134
CP017419_pM04	CP043764_pM04	99.092	6386	58	0	7376	13761	6900	13285	0.0	11472
CP017419_pM04	CP043764_pM04	97.042	6727	197	2	1	6726	1	6726	0.0	11319
CP017419_pM04	CP043764_pM04	94.805	77	4	0	39914	39990	28368	28444	7.06e-27	121
CP017419_pM04	CP043764_pM04	94.805	77	4	0	29291	29367	39000	39076	7.06e-27	121
CP017419_pM04	CP043764_pM04	83.333	108	10	6	9434	9540	8796	8896	1.54e-18	93.5
CP017419_pM04	CP043764_pM04	83.333	108	10	6	9272	9372	8958	9064	1.54e-18	93.5
CP017419_pM04	AY394560_pM04	98.453	18040	257	17	24666	42686	26671	44707	0.0	31748
CP017419_pM04	AY394560_pM04	99.093	8376	74	2	15091	23466	16662	25035	0.0	15045
CP017419_pM04	AY394560_pM04	97.847	7154	139	5	7376	14527	6766	13906	0.0	12344
CP017419_pM04	AY394560_pM04	97.455	6719	171	0	1	6719	1	6719	0.0	11461
CP017419_pM04	AY394560_pM04	100.000	275	0	0	14528	14802	16396	16670	1.29e-143	508
CP017419_pM04	AY394560_pM04	94.805	77	4	0	39914	39990	31297	31373	7.06e-27	121
CP017419_pM04	AY394560_pM04	93.506	77	5	0	29291	29367	41935	42011	3.28e-25	115
CP017419_pM04	AY394560_pM04	83.333	108	10	6	9434	9540	8662	8762	1.54e-18	93.5
CP017419_pM04	AY394560_pM04	83.333	108	10	6	9272	9372	8824	8930	1.54e-18	93.5
CP017419_pM04	CP048762_pM04	98.387	18040	268	18	24666	42686	29968	48003	0.0	31680
CP017419_pM04	CP048762_pM04	98.513	6996	104	0	16471	23466	21337	28332	0.0	12344
CP017419_pM04	CP048762_pM04	97.425	6719	173	0	1	6719	1	6719	0.0	11450
CP017419_pM04	CP048762_pM04	98.731	6224	47	4	7376	13598	6766	12958	0.0	11027
CP017419_pM04	CP048762_pM04	99.492	394	1	1	13503	13895	20235	20628	0.0	715
CP017419_pM04	CP048762_pM04	96.698	424	14	0	15186	15609	20900	21323	0.0	706
CP017419_pM04	CP048762_pM04	94.805	77	4	0	39914	39990	34593	34669	7.06e-27	121
CP017419_pM04	CP048762_pM04	93.506	77	5	0	29291	29367	45231	45307	3.28e-25	115
CP017419_pM04	CP048762_pM04	83.333	108	10	6	9434	9540	8663	8763	1.54e-18	93.5
CP017419_pM04	CP048762_pM04	83.333	108	10	6	9272	9372	8825	8931	1.54e-18	93.5
CP017419_pM04	AP028347_pM04	96.437	14987	431	53	27723	42686	28686	43592	0.0	24622
CP017419_pM04	AP028347_pM04	99.553	7152	32	0	7376	14527	7435	14586	0.0	13031
CP017419_pM04	AP028347_pM04	98.507	7032	98	4	16471	23498	17092	24120	0.0	12397
CP017419_pM04	AP028347_pM04	94.922	4569	221	11	2156	6719	2823	7385	0.0	7142
CP017419_pM04	AP028347_pM04	98.958	3072	31	1	24660	27731	24869	27939	0.0	5494
CP017419_pM04	AP028347_pM04	98.514	2154	32	0	1	2154	1	2154	0.0	3801
CP017419_pM04	AP028347_pM04	98.800	917	11	0	14693	15609	16168	17084	0.0	1633
CP017419_pM04	AP028347_pM04	96.629	89	3	0	39914	40002	30254	30342	3.24e-35	148
CP017419_pM04	AP028347_pM04	83.333	108	10	6	9434	9540	9331	9431	1.54e-18	93.5
CP017419_pM04	AP028347_pM04	83.333	108	10	6	9272	9372	9493	9599	1.54e-18	93.5
CP017419_pM04	AP028368_pM04	96.216	14984	460	48	27723	42686	31399	46295	0.0	24430
CP017419_pM04	AP028368_pM04	99.035	7153	61	6	7376	14527	6766	13911	0.0	12820
CP017419_pM04	AP028368_pM04	98.010	7035	134	4	16434	23466	18922	25952	0.0	12211
CP017419_pM04	AP028368_pM04	96.815	6720	212	2	1	6719	1	6719	0.0	11223
CP017419_pM04	AP028368_pM04	99.153	3068	23	3	24666	27731	27587	30653	0.0	5518
CP017419_pM04	AP028368_pM04	94.168	463	15	8	14672	15134	18479	18929	0.0	695
CP017419_pM04	AP028368_pM04	100.000	148	0	0	14528	14675	16301	16448	5.12e-73	274
CP017419_pM04	AP028368_pM04	97.030	101	3	0	9272	9372	8824	8924	6.91e-42	171
CP017419_pM04	AP028368_pM04	95.789	95	3	1	39908	40002	32952	33045	2.50e-36	152
CP017419_pM04	AP028368_pM04	83.333	108	10	6	9434	9540	8662	8762	1.54e-18	93.5
CP017419_pM04	CP010073_pM04	98.646	10195	135	2	14528	24722	15665	25856	0.0	18059
CP017419_pM04	CP010073_pM04	96.912	10008	257	25	27723	37715	33246	43216	0.0	16722
CP017419_pM04	CP010073_pM04	88.052	6788	682	93	1	6726	1	6721	0.0	7923
CP017419_pM04	CP010073_pM04	99.861	4305	6	0	9971	14275	9178	13482	0.0	7917
CP017419_pM04	CP010073_pM04	90.815	4551	389	18	38141	42673	44303	48842	0.0	6061
CP017419_pM04	CP010073_pM04	97.397	3073	78	2	24660	27731	29428	32499	0.0	5230
CP017419_pM04	CP010073_pM04	98.736	2294	29	0	7376	9669	6896	9189	0.0	4076
CP017419_pM04	CP010073_pM04	82.705	584	79	18	37149	37724	43204	43773	7.76e-141	499
CP017419_pM04	CP010073_pM04	95.789	95	3	1	39908	40002	34810	34903	2.50e-36	152
CP017419_pM04	CP010073_pM04	83.333	108	10	6	9272	9372	8954	9060	1.54e-18	93.5
CP017419_pM04	SC0947_pM04	99.252	9762	57	15	27723	37471	30505	40263	0.0	17608
CP017419_pM04	SC0947_pM04	98.529	7000	97	4	16470	23467	13234	20229	0.0	12351
CP017419_pM04	SC0947_pM04	97.381	6719	175	1	1	6719	1	6718	0.0	11431
CP017419_pM04	SC0947_pM04	99.429	5608	32	0	37079	42686	40671	46278	0.0	10179
CP017419_pM04	SC0947_pM04	98.893	3072	33	1	24660	27731	26688	29758	0.0	5483
CP017419_pM04	SC0947_pM04	97.366	2240	58	1	7376	9615	6765	9003	0.0	3808
CP017419_pM04	SC0947_pM04	95.043	464	22	1	14562	15024	12773	13236	0.0	728
CP017419_pM04	SC0947_pM04	98.219	393	7	0	37079	37471	40271	40663	0.0	688
CP017419_pM04	SC0947_pM04	94.805	77	4	0	39914	39990	32074	32150	7.06e-27	121
CP017419_pM04	SC0947_pM04	93.506	77	5	0	29291	29367	43506	43582	3.28e-25	115
CP017419_pM04	SC0947_pM04	98.413	63	1	0	24660	24722	23042	23104	4.25e-24	111
CP017419_pM04	SC0947_pM04	83.333	108	10	6	9272	9372	8823	8929	1.54e-18	93.5
CP017419_pM04	CP131443_pM04	97.272	10007	263	10	27723	37724	25589	35590	0.0	16958
CP017419_pM04	CP131443_pM04	99.276	7041	51	0	16426	23466	13101	20141	0.0	12720
CP017419_pM04	CP131443_pM04	88.111	6788	678	93	1	6726	1	6721	0.0	7945
CP017419_pM04	CP131443_pM04	99.288	3933	24	4	7376	11305	6896	10827	0.0	7105
CP017419_pM04	CP131443_pM04	90.853	4548	390	17	38141	42673	36120	40656	0.0	6071
CP017419_pM04	CP131443_pM04	97.686	3068	68	3	24666	27731	21776	24842	0.0	5269
CP017419_pM04	CP131443_pM04	99.302	2292	15	1	11463	13753	10828	13119	0.0	4143
CP017419_pM04	CP131443_pM04	94.805	77	4	0	39914	39990	27158	27234	7.06e-27	121
CP017419_pM04	CP131443_pM04	83.333	108	10	6	9434	9540	8792	8892	1.54e-18	93.5
CP017419_pM04	CP131443_pM04	83.333	108	10	6	9272	9372	8954	9060	1.54e-18	93.5
CP043764_pM04	CP017419_pM04	98.808	19127	210	17	22651	41772	23573	42686	0.0	34042
CP043764_pM04	CP017419_pM04	99.029	8443	78	4	13292	21730	15091	23533	0.0	15134
CP043764_pM04	CP017419_pM04	99.092	6386	58	0	6900	13285	7376	13761	0.0	11472
CP043764_pM04	CP017419_pM04	97.042	6727	197	2	1	6726	1	6726	0.0	11319
CP043764_pM04	CP017419_pM04	94.805	77	4	0	39000	39076	29291	29367	6.91e-27	121
CP043764_pM04	CP017419_pM04	94.805	77	4	0	28368	28444	39914	39990	6.91e-27	121
CP043764_pM04	CP017419_pM04	83.333	108	10	6	8958	9064	9272	9372	1.51e-18	93.5
CP043764_pM04	CP017419_pM04	83.333	108	10	6	8796	8896	9434	9540	1.51e-18	93.5
CP043764_pM04	AY394560_pM04	98.830	18037	203	4	23744	41772	26671	44707	0.0	32132
CP043764_pM04	AY394560_pM04	99.281	8482	55	5	13266	21746	16638	25114	0.0	15320
CP043764_pM04	AY394560_pM04	99.464	6719	34	2	1	6718	1	6718	0.0	12207
CP043764_pM04	AY394560_pM04	97.871	6481	116	10	6809	13285	6678	13140	0.0	11184
CP043764_pM04	AY394560_pM04	94.805	77	4	0	39000	39076	31297	31373	6.91e-27	121
CP043764_pM04	AY394560_pM04	93.506	77	5	0	28368	28444	41935	42011	3.21e-25	115
CP043764_pM04	AY394560_pM04	83.333	108	10	6	8958	9064	8662	8762	1.51e-18	93.5
CP043764_pM04	AY394560_pM04	83.333	108	10	6	8796	8896	8824	8930	1.51e-18	93.5
CP043764_pM04	CP048762_pM04	98.775	18036	214	3	23744	41772	29968	48003	0.0	32075
CP043764_pM04	CP048762_pM04	98.785	7078	82	3	14670	21746	21337	28411	0.0	12591
CP043764_pM04	CP048762_pM04	99.434	6719	36	2	1	6718	1	6718	0.0	12196
CP043764_pM04	CP048762_pM04	98.702	6317	43	9	6809	13122	6678	12958	0.0	11175
CP043764_pM04	CP048762_pM04	96.698	424	14	0	13385	13808	20900	21323	0.0	706
CP043764_pM04	CP048762_pM04	100.000	259	0	0	13027	13285	20235	20493	9.90e-135	479
CP043764_pM04	CP048762_pM04	94.805	77	4	0	39000	39076	34593	34669	6.91e-27	121
CP043764_pM04	CP048762_pM04	93.506	77	5	0	28368	28444	45231	45307	3.21e-25	115
CP043764_pM04	CP048762_pM04	83.333	108	10	6	8958	9064	8663	8763	1.51e-18	93.5
CP043764_pM04	CP048762_pM04	83.333	108	10	6	8796	8896	8825	8931	1.51e-18	93.5
CP043764_pM04	AP028347_pM04	96.233	15000	445	65	26800	41772	28686	43592	0.0	24459
CP043764_pM04	AP028347_pM04	99.036	7053	58	7	14670	21718	17092	24138	0.0	12639
CP043764_pM04	AP028347_pM04	99.228	6479	46	4	6809	13285	7344	13820	0.0	11684
CP043764_pM04	AP028347_pM04	97.243	4571	109	13	2156	6718	2823	7384	0.0	7727
CP043764_pM04	AP028347_pM04	98.698	3072	38	2	23738	26808	24869	27939	0.0	5450
CP043764_pM04	AP028347_pM04	98.607	2154	30	0	1	2154	1	2154	0.0	3812
CP043764_pM04	AP028347_pM04	97.303	519	12	2	13292	13808	16566	17084	0.0	880
CP043764_pM04	AP028347_pM04	96.629	89	3	0	39000	39088	30254	30342	3.17e-35	148
CP043764_pM04	AP028347_pM04	83.333	108	10	6	8958	9064	9331	9431	1.51e-18	93.5
CP043764_pM04	AP028347_pM04	83.333	108	10	6	8796	8896	9493	9599	1.51e-18	93.5
CP043764_pM04	AP028368_pM04	96.006	14997	475	59	26800	41772	31399	46295	0.0	24262
CP043764_pM04	AP028368_pM04	98.216	7117	117	7	14633	21746	18922	26031	0.0	12430
CP043764_pM04	AP028368_pM04	98.765	6720	79	4	1	6718	1	6718	0.0	11947
CP043764_pM04	AP028368_pM04	99.213	6480	36	11	6809	13285	6678	13145	0.0	11670
CP043764_pM04	AP028368_pM04	98.761	3068	34	3	23744	26808	27587	30653	0.0	5452
CP043764_pM04	AP028368_pM04	97.030	101	3	0	8796	8896	8824	8924	6.76e-42	171
CP043764_pM04	AP028368_pM04	95.789	95	3	1	38994	39088	32952	33045	2.45e-36	152
CP043764_pM04	AP028368_pM04	83.333	108	10	6	8958	9064	8662	8762	1.51e-18	93.5
CP043764_pM04	CP001961_pM04	98.600	13071	175	8	23744	36810	25101	38167	0.0	23117
CP043764_pM04	CP001961_pM04	99.054	8458	74	5	13292	21746	15092	23546	0.0	15171
CP043764_pM04	CP001961_pM04	99.107	6386	57	0	6900	13285	7376	13761	0.0	11478
CP043764_pM04	CP001961_pM04	97.057	6727	196	2	1	6726	1	6726	0.0	11324
CP043764_pM04	CP001961_pM04	97.452	4552	107	2	37230	41772	38671	43222	0.0	7755
CP043764_pM04	CP001961_pM04	94.805	77	4	0	39000	39076	29725	29801	6.91e-27	121
CP043764_pM04	CP001961_pM04	94.805	77	4	0	28368	28444	40450	40526	6.91e-27	121
CP043764_pM04	CP001961_pM04	83.333	108	10	6	8958	9064	9272	9372	1.51e-18	93.5
CP043764_pM04	CP001961_pM04	83.333	108	10	6	8796	8896	9434	9540	1.51e-18	93.5
CP043764_pM04	CP172365_pM04	98.569	13071	177	10	23744	36810	25058	38122	0.0	23093
CP043764_pM04	CP172365_pM04	98.841	8459	74	20	13292	21746	15065	23503	0.0	15056
CP043764_pM04	CP172365_pM04	98.998	6387	57	6	6900	13285	7376	13756	0.0	11433
CP043764_pM04	CP172365_pM04	97.057	6727	196	2	1	6726	1	6726	0.0	11324
CP043764_pM04	CP172365_pM04	97.452	4552	107	2	37230	41772	38626	43177	0.0	7755
CP043764_pM04	CP172365_pM04	94.805	77	4	0	39000	39076	29681	29757	6.91e-27	121
CP043764_pM04	CP172365_pM04	94.805	77	4	0	28368	28444	40405	40481	6.91e-27	121
CP043764_pM04	CP172365_pM04	83.333	108	10	6	8958	9064	9272	9372	1.51e-18	93.5
CP043764_pM04	CP172365_pM04	83.333	108	10	6	8796	8896	9434	9540	1.51e-18	93.5
CP043764_pM04	SC0947_pM04	99.498	9766	48	1	26800	36564	30505	40270	0.0	17762
CP043764_pM04	SC0947_pM04	98.843	6999	77	2	14669	21666	13234	20229	0.0	12473
CP043764_pM04	SC0947_pM04	99.449	6719	34	3	1	6718	1	6717	0.0	12200
CP043764_pM04	SC0947_pM04	98.506	5621	67	14	36156	41772	40671	46278	0.0	9899
CP043764_pM04	SC0947_pM04	98.796	3072	35	2	23738	26808	26688	29758	0.0	5467
CP043764_pM04	SC0947_pM04	97.943	2333	40	6	6809	9139	6677	9003	0.0	4036
CP043764_pM04	SC0947_pM04	87.136	412	38	14	36156	36564	40271	40670	6.00e-127	453
CP043764_pM04	SC0947_pM04	94.805	77	4	0	39000	39076	32074	32150	6.91e-27	121
CP043764_pM04	SC0947_pM04	93.506	77	5	0	28368	28444	43506	43582	3.21e-25	115
CP043764_pM04	SC0947_pM04	83.333	108	10	6	8796	8896	8823	8929	1.51e-18	93.5
CP043764_pM04	CP131443_pM04	96.926	10018	285	18	26800	36810	25589	35590	0.0	16772
CP043764_pM04	CP131443_pM04	92.453	10892	694	91	1	10829	1	10827	0.0	15442
CP043764_pM04	CP131443_pM04	99.059	7123	63	3	14625	21746	13101	20220	0.0	12779
CP043764_pM04	CP131443_pM04	90.921	4549	385	19	37227	41759	36120	40656	0.0	6087
CP043764_pM04	CP131443_pM04	97.653	3068	68	4	23744	26808	21776	24842	0.0	5264
CP043764_pM04	CP131443_pM04	99.346	2292	14	1	10987	13277	10828	13119	0.0	4148
CP043764_pM04	CP131443_pM04	94.805	77	4	0	39000	39076	27158	27234	6.91e-27	121
CP043764_pM04	CP131443_pM04	83.333	108	10	6	8958	9064	8792	8892	1.51e-18	93.5
CP043764_pM04	CP131443_pM04	83.333	108	10	6	8796	8896	8954	9060	1.51e-18	93.5
CP043764_pM04	CP010073_pM04	96.198	10021	312	37	26800	36801	33246	43216	0.0	16331
CP043764_pM04	CP010073_pM04	99.431	8443	44	4	13292	21730	16228	24670	0.0	15322
CP043764_pM04	CP010073_pM04	91.106	9253	699	87	1	9193	1	9189	0.0	12414
CP043764_pM04	CP010073_pM04	99.631	3791	14	0	9495	13285	9178	12968	0.0	6924
CP043764_pM04	CP010073_pM04	90.883	4552	384	20	37227	41759	44303	48842	0.0	6078
CP043764_pM04	CP010073_pM04	97.201	3073	83	3	23738	26808	29428	32499	0.0	5195
CP043764_pM04	CP010073_pM04	94.700	1151	56	4	22651	23800	24710	25856	0.0	1783
CP043764_pM04	CP010073_pM04	87.536	345	37	6	36469	36810	43432	43773	3.69e-109	394
CP043764_pM04	CP010073_pM04	95.789	95	3	1	38994	39088	34810	34903	2.45e-36	152
CP043764_pM04	CP010073_pM04	88.430	121	14	0	36225	36345	43203	43323	1.14e-34	147
CP043764_pM04	CP010073_pM04	83.333	108	10	6	8796	8896	8954	9060	1.51e-18	93.5
CP048762_pM04	AY394560_pM04	99.839	26668	42	1	21337	48003	18040	44707	0.0	49007
CP048762_pM04	AY394560_pM04	98.776	12991	123	9	1	12958	1	12988	0.0	23076
CP048762_pM04	AY394560_pM04	96.698	424	14	0	20900	21323	16755	17178	0.0	706
CP048762_pM04	AY394560_pM04	96.701	394	1	2	20235	20628	12893	13274	0.0	645
CP048762_pM04	AY394560_pM04	93.506	77	5	0	45231	45307	31297	31373	3.69e-25	115
CP048762_pM04	AY394560_pM04	93.506	77	5	0	34593	34669	41935	42011	3.69e-25	115
CP048762_pM04	AY394560_pM04	83.333	108	10	6	8825	8931	8662	8762	1.73e-18	93.5
CP048762_pM04	AY394560_pM04	83.333	108	10	6	8663	8763	8824	8930	1.73e-18	93.5
CP048762_pM04	CP001961_pM04	98.752	21708	256	11	21337	43041	16472	38167	0.0	38572
CP048762_pM04	CP001961_pM04	97.440	6719	172	0	1	6719	1	6719	0.0	11455
CP048762_pM04	CP001961_pM04	98.747	6224	46	4	6766	12958	7376	13598	0.0	11033
CP048762_pM04	CP001961_pM04	97.342	4552	112	2	43461	48003	38671	43222	0.0	7727
CP048762_pM04	CP001961_pM04	99.492	394	1	1	20235	20628	13503	13895	0.0	715
CP048762_pM04	CP001961_pM04	96.698	424	14	0	20900	21323	15187	15610	0.0	706
CP048762_pM04	CP001961_pM04	94.805	77	4	0	34593	34669	40450	40526	7.94e-27	121
CP048762_pM04	CP001961_pM04	93.506	77	5	0	45231	45307	29725	29801	3.69e-25	115
CP048762_pM04	CP001961_pM04	83.333	108	10	6	8825	8931	9272	9372	1.73e-18	93.5
CP048762_pM04	CP001961_pM04	83.333	108	10	6	8663	8763	9434	9540	1.73e-18	93.5
CP048762_pM04	CP172365_pM04	98.696	21709	257	21	21337	43041	16436	38122	0.0	38498
CP048762_pM04	CP172365_pM04	97.440	6719	172	0	1	6719	1	6719	0.0	11455
CP048762_pM04	CP172365_pM04	98.731	6224	46	5	6766	12958	7376	13597	0.0	11025
CP048762_pM04	CP172365_pM04	97.342	4552	112	2	43461	48003	38626	43177	0.0	7727
CP048762_pM04	CP172365_pM04	96.462	424	14	1	20900	21323	15160	15582	0.0	699
CP048762_pM04	CP172365_pM04	98.182	385	0	6	20235	20618	13502	13880	0.0	665
CP048762_pM04	CP172365_pM04	94.805	77	4	0	34593	34669	40405	40481	7.94e-27	121
CP048762_pM04	CP172365_pM04	93.506	77	5	0	45231	45307	29681	29757	3.69e-25	115
CP048762_pM04	CP172365_pM04	83.333	108	10	6	8825	8931	9272	9372	1.73e-18	93.5
CP048762_pM04	CP172365_pM04	83.333	108	10	6	8663	8763	9434	9540	1.73e-18	93.5
CP048762_pM04	CP043764_pM04	98.775	18036	214	3	29968	48003	23744	41772	0.0	32075
CP048762_pM04	CP043764_pM04	98.785	7078	82	3	21337	28411	14670	21746	0.0	12591
CP048762_pM04	CP043764_pM04	99.434	6719	36	2	1	6718	1	6718	0.0	12196
CP048762_pM04	CP043764_pM04	98.702	6317	43	9	6678	12958	6809	13122	0.0	11175
CP048762_pM04	CP043764_pM04	96.698	424	14	0	20900	21323	13385	13808	0.0	706
CP048762_pM04	CP043764_pM04	100.000	259	0	0	20235	20493	13027	13285	1.14e-134	479
CP048762_pM04	CP043764_pM04	94.805	77	4	0	34593	34669	39000	39076	7.94e-27	121
CP048762_pM04	CP043764_pM04	93.506	77	5	0	45231	45307	28368	28444	3.69e-25	115
CP048762_pM04	CP043764_pM04	83.333	108	10	6	8825	8931	8796	8896	1.73e-18	93.5
CP048762_pM04	CP043764_pM04	83.333	108	10	6	8663	8763	8958	9064	1.73e-18	93.5
CP048762_pM04	CP017419_pM04	98.387	18040	268	18	29968	48003	24666	42686	0.0	31680
CP048762_pM04	CP017419_pM04	98.513	6996	104	0	21337	28332	16471	23466	0.0	12344
CP048762_pM04	CP017419_pM04	97.425	6719	173	0	1	6719	1	6719	0.0	11450
CP048762_pM04	CP017419_pM04	98.731	6224	47	4	6766	12958	7376	13598	0.0	11027
CP048762_pM04	CP017419_pM04	99.492	394	1	1	20235	20628	13503	13895	0.0	715
CP048762_pM04	CP017419_pM04	96.698	424	14	0	20900	21323	15186	15609	0.0	706
CP048762_pM04	CP017419_pM04	94.805	77	4	0	34593	34669	39914	39990	7.94e-27	121
CP048762_pM04	CP017419_pM04	93.506	77	5	0	45231	45307	29291	29367	3.69e-25	115
CP048762_pM04	CP017419_pM04	83.333	108	10	6	8825	8931	9272	9372	1.73e-18	93.5
CP048762_pM04	CP017419_pM04	83.333	108	10	6	8663	8763	9434	9540	1.73e-18	93.5
CP048762_pM04	AP028347_pM04	95.788	15005	508	66	33025	48003	28686	43592	0.0	24094
CP048762_pM04	AP028347_pM04	98.008	10846	162	21	2156	12958	2823	13657	0.0	18783
CP048762_pM04	AP028347_pM04	99.006	7447	67	2	20900	28345	16661	24101	0.0	13335
CP048762_pM04	AP028347_pM04	95.581	3643	139	17	29404	33033	24306	27939	0.0	5816
CP048762_pM04	AP028347_pM04	98.561	2154	31	0	1	2154	1	2154	0.0	3807
CP048762_pM04	AP028347_pM04	99.239	394	2	1	20235	20628	13562	13954	0.0	710
CP048762_pM04	AP028347_pM04	95.506	89	4	0	45231	45319	30254	30342	1.69e-33	143
CP048762_pM04	AP028347_pM04	83.333	108	10	6	8825	8931	9331	9431	1.73e-18	93.5
CP048762_pM04	AP028347_pM04	83.333	108	10	6	8663	8763	9493	9599	1.73e-18	93.5
CP048762_pM04	AP028368_pM04	95.641	15002	526	61	33025	48003	31399	46295	0.0	23963
CP048762_pM04	AP028368_pM04	98.899	12991	101	13	1	12958	1	12982	0.0	23159
CP048762_pM04	AP028368_pM04	99.265	11700	78	5	21337	33033	18959	30653	0.0	21123
CP048762_pM04	AP028368_pM04	99.492	394	1	1	20235	20628	12887	13279	0.0	715
CP048762_pM04	AP028368_pM04	97.030	101	3	0	8663	8763	8824	8924	7.77e-42	171
CP048762_pM04	AP028368_pM04	94.737	95	4	1	45225	45319	32952	33045	1.31e-34	147
CP048762_pM04	AP028368_pM04	83.333	108	10	6	8825	8931	8662	8762	1.73e-18	93.5
CP048762_pM04	CP131443_pM04	99.077	11699	104	4	21337	33033	13146	24842	0.0	21003
CP048762_pM04	CP131443_pM04	96.488	10024	323	20	33025	43041	25589	35590	0.0	16534
CP048762_pM04	CP131443_pM04	88.431	6777	661	84	1	6718	1	6713	0.0	8058
CP048762_pM04	CP131443_pM04	97.467	4027	59	14	6678	10665	6805	10827	0.0	6831
CP048762_pM04	CP131443_pM04	91.053	4549	379	19	43458	47990	36120	40656	0.0	6120
CP048762_pM04	CP131443_pM04	99.532	2136	10	0	10823	12958	10828	12963	0.0	3890
CP048762_pM04	CP131443_pM04	99.206	252	1	1	20235	20485	12868	13119	6.89e-127	453
CP048762_pM04	CP131443_pM04	93.506	77	5	0	45231	45307	27158	27234	3.69e-25	115
CP048762_pM04	CP131443_pM04	83.333	108	10	6	8825	8931	8792	8892	1.73e-18	93.5
CP048762_pM04	CP131443_pM04	83.333	108	10	6	8663	8763	8954	9060	1.73e-18	93.5
CP048762_pM04	SC0947_pM04	98.393	9772	150	3	33025	42795	30505	40270	0.0	17169
CP048762_pM04	SC0947_pM04	99.247	9032	61	7	1	9030	1	9027	0.0	16295
CP048762_pM04	SC0947_pM04	99.401	7010	38	2	21337	28345	13235	20241	0.0	12709
CP048762_pM04	SC0947_pM04	98.434	5621	71	14	42387	48003	40671	46278	0.0	9877
CP048762_pM04	SC0947_pM04	98.930	3083	28	4	29952	33033	26680	29758	0.0	5505
CP048762_pM04	SC0947_pM04	87.136	412	38	14	42387	42795	40271	40670	6.89e-127	453
CP048762_pM04	SC0947_pM04	84.133	271	41	2	29404	29673	20445	20714	4.48e-69	261
CP048762_pM04	SC0947_pM04	93.506	77	5	0	45231	45307	32074	32150	3.69e-25	115
CP048762_pM04	SC0947_pM04	93.506	77	5	0	34593	34669	43506	43582	3.69e-25	115
CP048762_pM04	SC0947_pM04	83.333	108	10	6	8663	8763	8823	8929	1.73e-18	93.5
CP048762_pM04	CP010073_pM04	95.879	10021	350	35	33025	43032	33246	43216	0.0	16159
CP048762_pM04	CP010073_pM04	99.057	6996	66	0	21337	28332	17608	24603	0.0	12554
CP048762_pM04	CP010073_pM04	88.372	6777	665	84	1	6718	1	6713	0.0	8035
CP048762_pM04	CP010073_pM04	99.614	3628	14	0	9331	12958	9178	12805	0.0	6623
CP048762_pM04	CP010073_pM04	91.103	4552	374	20	43458	47990	44303	48842	0.0	6133
CP048762_pM04	CP010073_pM04	97.276	3084	78	5	29952	33033	29420	32499	0.0	5225
CP048762_pM04	CP010073_pM04	97.221	2339	57	6	6678	9011	6805	9140	0.0	3952
CP048762_pM04	CP010073_pM04	99.492	394	1	1	20235	20628	12710	13102	0.0	715
CP048762_pM04	CP010073_pM04	96.698	424	14	0	20900	21323	16323	16746	0.0	706
CP048762_pM04	CP010073_pM04	87.246	345	38	6	42700	43041	43432	43773	1.97e-107	388
CP048762_pM04	CP010073_pM04	94.737	95	4	1	45225	45319	34810	34903	1.31e-34	147
CP048762_pM04	CP010073_pM04	88.430	121	14	0	42456	42576	43203	43323	1.31e-34	147
CP048762_pM04	CP010073_pM04	83.333	108	10	6	8663	8763	8954	9060	1.73e-18	93.5
CP048762_pM04	CP010073_pM04	94.828	58	2	1	29968	30025	25800	25856	2.24e-17	89.8
CP131443_pM04	AP028368_pM04	97.142	22495	548	39	13109	35590	18922	41334	0.0	37890
CP131443_pM04	AP028368_pM04	88.651	6776	648	83	1	6713	1	6718	0.0	8141
CP131443_pM04	AP028368_pM04	97.616	4027	77	15	6805	10827	6678	10689	0.0	6887
CP131443_pM04	AP028368_pM04	89.101	4560	446	35	36120	40656	41751	46282	0.0	5620
CP131443_pM04	AP028368_pM04	99.564	2292	9	1	10828	13119	10847	13137	0.0	4176
CP131443_pM04	AP028368_pM04	97.030	101	3	0	8792	8892	8824	8924	6.59e-42	171
CP131443_pM04	AP028368_pM04	83.333	108	10	6	8954	9060	8662	8762	1.47e-18	93.5
CP131443_pM04	CP010073_pM04	97.116	13835	348	27	21760	35581	29420	43216	0.0	23291
CP131443_pM04	CP010073_pM04	99.771	9189	21	0	1	9189	1	9189	0.0	16853
CP131443_pM04	CP010073_pM04	99.134	7041	61	0	13101	20141	17563	24603	0.0	12665
CP131443_pM04	CP010073_pM04	97.784	5685	99	22	35014	40686	43203	48872	0.0	9775
CP131443_pM04	CP010073_pM04	99.302	2292	15	1	10828	13119	10670	12960	0.0	4143
CP131443_pM04	CP010073_pM04	99.102	1337	9	3	9492	10827	9178	10512	0.0	2399
CP131443_pM04	CP010073_pM04	83.333	108	10	6	8792	8892	8954	9060	1.47e-18	93.5
CP131443_pM04	CP010073_pM04	94.828	58	2	1	21776	21833	25800	25856	1.90e-17	89.8
CP131443_pM04	SC0947_pM04	97.337	13595	334	22	21760	35337	26680	40263	0.0	23075
CP131443_pM04	SC0947_pM04	98.759	7011	83	2	13145	20154	13234	20241	0.0	12462
CP131443_pM04	SC0947_pM04	88.417	6777	661	87	1	6713	1	6717	0.0	8052
CP131443_pM04	SC0947_pM04	90.925	4551	381	23	36120	40656	41733	46265	0.0	6087
CP131443_pM04	SC0947_pM04	97.214	2333	57	6	6805	9135	6677	9003	0.0	3941
CP131443_pM04	SC0947_pM04	93.673	648	36	5	34946	35590	40671	41316	0.0	965
CP131443_pM04	SC0947_pM04	90.127	395	34	5	34946	35337	40271	40663	1.23e-143	508
CP131443_pM04	SC0947_pM04	84.133	271	41	2	21212	21481	20445	20714	3.80e-69	261
CP131443_pM04	SC0947_pM04	93.506	77	5	0	27158	27234	43506	43582	3.13e-25	115
CP131443_pM04	SC0947_pM04	83.333	108	10	6	8792	8892	8823	8929	1.47e-18	93.5
CP131443_pM04	AP028347_pM04	95.403	14401	565	48	21212	35590	24306	38631	0.0	22836
CP131443_pM04	AP028347_pM04	98.973	7010	71	1	13146	20154	17092	24101	0.0	12545
CP131443_pM04	AP028347_pM04	98.783	4026	41	8	6805	10827	7344	11364	0.0	7156
CP131443_pM04	AP028347_pM04	90.588	4611	367	53	2128	6713	2816	7384	0.0	6048
CP131443_pM04	AP028347_pM04	89.167	4560	443	35	36120	40656	39048	43579	0.0	5637
CP131443_pM04	AP028347_pM04	99.520	2292	10	1	10828	13119	11522	13812	0.0	4170
CP131443_pM04	AP028347_pM04	88.858	2163	210	21	1	2145	1	2150	0.0	2630
CP131443_pM04	AP028347_pM04	83.333	108	10	6	8954	9060	9331	9431	1.47e-18	93.5
CP131443_pM04	AP028347_pM04	83.333	108	10	6	8792	8892	9493	9599	1.47e-18	93.5
CP131443_pM04	AY394560_pM04	99.353	11744	73	3	13101	24842	17995	29737	0.0	21263
CP131443_pM04	AY394560_pM04	96.489	10025	321	22	25589	35590	29729	39745	0.0	16534
CP131443_pM04	AY394560_pM04	88.402	6777	663	84	1	6713	1	6718	0.0	8046
CP131443_pM04	AY394560_pM04	98.112	4026	65	9	6805	10827	6678	10695	0.0	7003
CP131443_pM04	AY394560_pM04	90.987	4549	382	19	36120	40656	40162	44694	0.0	6104
CP131443_pM04	AY394560_pM04	95.205	2294	94	6	10828	13119	10853	13132	0.0	3613
CP131443_pM04	AY394560_pM04	93.506	77	5	0	27158	27234	41935	42011	3.13e-25	115
CP131443_pM04	AY394560_pM04	83.333	108	10	6	8954	9060	8662	8762	1.47e-18	93.5
CP131443_pM04	AY394560_pM04	83.333	108	10	6	8792	8892	8824	8930	1.47e-18	93.5
CP131443_pM04	CP001961_pM04	99.208	11743	89	4	13101	24842	16427	28166	0.0	21167
CP131443_pM04	CP001961_pM04	97.172	10326	266	23	25589	35897	28158	38474	0.0	17427
CP131443_pM04	CP001961_pM04	88.095	6787	681	91	1	6721	1	6726	0.0	7939
CP131443_pM04	CP001961_pM04	99.314	3933	23	4	6896	10827	7376	11305	0.0	7110
CP131443_pM04	CP001961_pM04	89.046	4592	463	24	36088	40656	38635	43209	0.0	5657
CP131443_pM04	CP001961_pM04	99.302	2292	15	1	10828	13119	11463	13753	0.0	4143
CP131443_pM04	CP001961_pM04	94.805	77	4	0	27158	27234	40450	40526	6.73e-27	121
CP131443_pM04	CP001961_pM04	83.333	108	10	6	8954	9060	9272	9372	1.47e-18	93.5
CP131443_pM04	CP001961_pM04	83.333	108	10	6	8792	8892	9434	9540	1.47e-18	93.5
CP131443_pM04	CP172365_pM04	99.123	11744	88	14	13101	24842	16391	28121	0.0	21102
CP131443_pM04	CP172365_pM04	97.182	10325	267	21	25589	35897	28113	38429	0.0	17433
CP131443_pM04	CP172365_pM04	88.095	6787	681	91	1	6721	1	6726	0.0	7939
CP131443_pM04	CP172365_pM04	99.288	3933	23	4	6896	10827	7376	11304	0.0	7103
CP131443_pM04	CP172365_pM04	89.046	4592	463	24	36088	40656	38590	43164	0.0	5657
CP131443_pM04	CP172365_pM04	99.041	2293	15	6	10828	13119	11462	13748	0.0	4106
CP131443_pM04	CP172365_pM04	94.805	77	4	0	27158	27234	40405	40481	6.73e-27	121
CP131443_pM04	CP172365_pM04	83.333	108	10	6	8954	9060	9272	9372	1.47e-18	93.5
CP131443_pM04	CP172365_pM04	83.333	108	10	6	8792	8892	9434	9540	1.47e-18	93.5
CP131443_pM04	CP048762_pM04	99.077	11699	104	4	13146	24842	21337	33033	0.0	21003
CP131443_pM04	CP048762_pM04	96.489	10025	321	22	25589	35590	33025	43041	0.0	16534
CP131443_pM04	CP048762_pM04	88.431	6777	661	84	1	6713	1	6718	0.0	8058
CP131443_pM04	CP048762_pM04	97.467	4027	59	14	6805	10827	6678	10665	0.0	6831
CP131443_pM04	CP048762_pM04	91.053	4549	379	19	36120	40656	43458	47990	0.0	6120
CP131443_pM04	CP048762_pM04	99.532	2136	10	0	10828	12963	10823	12958	0.0	3890
CP131443_pM04	CP048762_pM04	99.206	252	1	1	12868	13119	20235	20485	5.84e-127	453
CP131443_pM04	CP048762_pM04	93.506	77	5	0	27158	27234	45231	45307	3.13e-25	115
CP131443_pM04	CP048762_pM04	83.333	108	10	6	8954	9060	8663	8763	1.47e-18	93.5
CP131443_pM04	CP048762_pM04	83.333	108	10	6	8792	8892	8825	8931	1.47e-18	93.5
CP131443_pM04	CP017419_pM04	97.272	10007	263	10	25589	35590	27723	37724	0.0	16958
CP131443_pM04	CP017419_pM04	99.276	7041	51	0	13101	20141	16426	23466	0.0	12720
CP131443_pM04	CP017419_pM04	88.111	6788	678	93	1	6721	1	6726	0.0	7945
CP131443_pM04	CP017419_pM04	99.288	3933	24	4	6896	10827	7376	11305	0.0	7105
CP131443_pM04	CP017419_pM04	90.853	4548	390	17	36120	40656	38141	42673	0.0	6071
CP131443_pM04	CP017419_pM04	97.686	3068	68	3	21776	24842	24666	27731	0.0	5269
CP131443_pM04	CP017419_pM04	99.302	2292	15	1	10828	13119	11463	13753	0.0	4143
CP131443_pM04	CP017419_pM04	94.805	77	4	0	27158	27234	39914	39990	6.73e-27	121
CP131443_pM04	CP017419_pM04	83.333	108	10	6	8954	9060	9272	9372	1.47e-18	93.5
CP131443_pM04	CP017419_pM04	83.333	108	10	6	8792	8892	9434	9540	1.47e-18	93.5
CP131443_pM04	CP043764_pM04	96.926	10019	283	20	25589	35590	26800	36810	0.0	16772
CP131443_pM04	CP043764_pM04	92.453	10892	694	91	1	10827	1	10829	0.0	15442
CP131443_pM04	CP043764_pM04	99.059	7123	63	3	13101	20220	14625	21746	0.0	12779
CP131443_pM04	CP043764_pM04	90.921	4549	385	19	36120	40656	37227	41759	0.0	6087
CP131443_pM04	CP043764_pM04	97.653	3068	68	4	21776	24842	23744	26808	0.0	5264
CP131443_pM04	CP043764_pM04	99.346	2292	14	1	10828	13119	10987	13277	0.0	4148
CP131443_pM04	CP043764_pM04	94.805	77	4	0	27158	27234	39000	39076	6.73e-27	121
CP131443_pM04	CP043764_pM04	83.333	108	10	6	8954	9060	8796	8896	1.47e-18	93.5
CP131443_pM04	CP043764_pM04	83.333	108	10	6	8792	8892	8958	9064	1.47e-18	93.5
CP172365_pM04	CP001961_pM04	99.864	43228	2	52	1	43177	1	43222	0.0	79447
CP172365_pM04	CP001961_pM04	94.805	77	4	0	40405	40481	29725	29801	7.14e-27	121
CP172365_pM04	CP001961_pM04	94.805	77	4	0	29681	29757	40450	40526	7.14e-27	121
CP172365_pM04	CP001961_pM04	83.333	108	10	6	9434	9540	9272	9372	1.56e-18	93.5
CP172365_pM04	CP001961_pM04	83.333	108	10	6	9272	9372	9434	9540	1.56e-18	93.5
CP172365_pM04	CP017419_pM04	99.544	23469	59	43	1	23424	1	23466	0.0	42703
CP172365_pM04	CP017419_pM04	98.417	13073	185	20	25058	38122	24666	37724	0.0	22975
CP172365_pM04	CP017419_pM04	97.496	4552	105	2	38626	43177	38144	42686	0.0	7766
CP172365_pM04	CP017419_pM04	94.805	77	4	0	40405	40481	29291	29367	7.14e-27	121
CP172365_pM04	CP017419_pM04	94.805	77	4	0	29681	29757	39914	39990	7.14e-27	121
CP172365_pM04	CP017419_pM04	83.333	108	10	6	9434	9540	9272	9372	1.56e-18	93.5
CP172365_pM04	CP017419_pM04	83.333	108	10	6	9272	9372	9434	9540	1.56e-18	93.5
CP172365_pM04	AY394560_pM04	98.852	23089	229	29	15065	38122	16662	39745	0.0	41137
CP172365_pM04	AY394560_pM04	97.624	7154	139	25	7376	14511	6766	13906	0.0	12240
CP172365_pM04	AY394560_pM04	97.470	6719	170	0	1	6719	1	6719	0.0	11466
CP172365_pM04	AY394560_pM04	97.496	4552	105	2	38626	43177	40165	44707	0.0	7766
CP172365_pM04	AY394560_pM04	97.818	275	0	6	14512	14780	16396	16670	6.16e-132	470
CP172365_pM04	AY394560_pM04	94.805	77	4	0	40405	40481	31297	31373	7.14e-27	121
CP172365_pM04	AY394560_pM04	93.506	77	5	0	29681	29757	41935	42011	3.32e-25	115
CP172365_pM04	AY394560_pM04	83.333	108	10	6	9434	9540	8662	8762	1.56e-18	93.5
CP172365_pM04	AY394560_pM04	83.333	108	10	6	9272	9372	8824	8930	1.56e-18	93.5
CP172365_pM04	CP048762_pM04	98.696	21709	257	21	16436	38122	21337	43041	0.0	38498
CP172365_pM04	CP048762_pM04	97.440	6719	172	0	1	6719	1	6719	0.0	11455
CP172365_pM04	CP048762_pM04	98.731	6224	46	5	7376	13597	6766	12958	0.0	11025
CP172365_pM04	CP048762_pM04	97.342	4552	112	2	38626	43177	43461	48003	0.0	7727
CP172365_pM04	CP048762_pM04	96.462	424	14	1	15160	15582	20900	21323	0.0	699
CP172365_pM04	CP048762_pM04	98.182	385	0	6	13502	13880	20235	20618	0.0	665
CP172365_pM04	CP048762_pM04	94.805	77	4	0	40405	40481	34593	34669	7.14e-27	121
CP172365_pM04	CP048762_pM04	93.506	77	5	0	29681	29757	45231	45307	3.32e-25	115
CP172365_pM04	CP048762_pM04	83.333	108	10	6	9434	9540	8663	8763	1.56e-18	93.5
CP172365_pM04	CP048762_pM04	83.333	108	10	6	9272	9372	8825	8931	1.56e-18	93.5
CP172365_pM04	CP043764_pM04	98.569	13071	177	10	25058	38122	23744	36810	0.0	23093
CP172365_pM04	CP043764_pM04	98.841	8459	74	20	15065	23503	13292	21746	0.0	15056
CP172365_pM04	CP043764_pM04	98.998	6387	57	6	7376	13756	6900	13285	0.0	11433
CP172365_pM04	CP043764_pM04	97.057	6727	196	2	1	6726	1	6726	0.0	11324
CP172365_pM04	CP043764_pM04	97.452	4552	107	2	38626	43177	37230	41772	0.0	7755
CP172365_pM04	CP043764_pM04	94.805	77	4	0	40405	40481	28368	28444	7.14e-27	121
CP172365_pM04	CP043764_pM04	94.805	77	4	0	29681	29757	39000	39076	7.14e-27	121
CP172365_pM04	CP043764_pM04	83.333	108	10	6	9434	9540	8796	8896	1.56e-18	93.5
CP172365_pM04	CP043764_pM04	83.333	108	10	6	9272	9372	8958	9064	1.56e-18	93.5
CP172365_pM04	CP131443_pM04	99.123	11744	88	14	16391	28121	13101	24842	0.0	21102
CP172365_pM04	CP131443_pM04	97.181	10324	269	19	28113	38429	25589	35897	0.0	17433
CP172365_pM04	CP131443_pM04	88.095	6787	681	91	1	6726	1	6721	0.0	7939
CP172365_pM04	CP131443_pM04	99.288	3933	23	4	7376	11304	6896	10827	0.0	7103
CP172365_pM04	CP131443_pM04	89.046	4592	463	24	38590	43164	36088	40656	0.0	5657
CP172365_pM04	CP131443_pM04	99.041	2293	15	6	11462	13748	10828	13119	0.0	4106
CP172365_pM04	CP131443_pM04	94.805	77	4	0	40405	40481	27158	27234	7.14e-27	121
CP172365_pM04	CP131443_pM04	83.333	108	10	6	9434	9540	8792	8892	1.56e-18	93.5
CP172365_pM04	CP131443_pM04	83.333	108	10	6	9272	9372	8954	9060	1.56e-18	93.5
CP172365_pM04	AP028368_pM04	99.029	11737	95	17	16399	28121	18922	30653	0.0	21025
CP172365_pM04	AP028368_pM04	95.521	10024	347	50	28113	38122	31399	41334	0.0	15930
CP172365_pM04	AP028368_pM04	98.770	7155	60	25	7376	14511	6766	13911	0.0	12700
CP172365_pM04	AP028368_pM04	96.830	6720	211	2	1	6719	1	6719	0.0	11228
CP172365_pM04	AP028368_pM04	95.486	4564	172	21	38626	43177	41754	46295	0.0	7256
CP172365_pM04	AP028368_pM04	92.873	463	14	14	14653	15108	18479	18929	0.0	654
CP172365_pM04	AP028368_pM04	97.973	148	0	3	14512	14656	16301	16448	6.75e-67	254
CP172365_pM04	AP028368_pM04	97.030	101	3	0	9272	9372	8824	8924	6.99e-42	171
CP172365_pM04	AP028368_pM04	95.789	95	3	1	40399	40493	32952	33045	2.53e-36	152
CP172365_pM04	AP028368_pM04	83.333	108	10	6	9434	9540	8662	8762	1.56e-18	93.5
CP172365_pM04	SC0947_pM04	98.690	9768	122	6	28113	37876	30505	40270	0.0	17324
CP172365_pM04	SC0947_pM04	98.816	7013	68	12	16435	23437	13234	20241	0.0	12477
CP172365_pM04	SC0947_pM04	97.395	6719	174	1	1	6719	1	6718	0.0	11437
CP172365_pM04	SC0947_pM04	97.496	4552	105	2	38626	43177	41736	46278	0.0	7766
CP172365_pM04	SC0947_pM04	98.865	3083	28	6	25042	28121	26680	29758	0.0	5493
CP172365_pM04	SC0947_pM04	97.411	2240	57	1	7376	9615	6765	9003	0.0	3814
CP172365_pM04	SC0947_pM04	87.102	659	67	15	37469	38122	40671	41316	0.0	730
CP172365_pM04	SC0947_pM04	83.293	413	51	16	37469	37876	40271	40670	2.99e-100	364
CP172365_pM04	SC0947_pM04	84.133	271	41	2	24494	24763	20445	20714	4.03e-69	261
CP172365_pM04	SC0947_pM04	94.805	77	4	0	40405	40481	32074	32150	7.14e-27	121
CP172365_pM04	SC0947_pM04	93.506	77	5	0	29681	29757	43506	43582	3.32e-25	115
CP172365_pM04	SC0947_pM04	83.333	108	10	6	9272	9372	8823	8929	1.56e-18	93.5
CP172365_pM04	CP010073_pM04	95.979	10022	331	46	28113	38113	33246	43216	0.0	16209
CP172365_pM04	CP010073_pM04	99.027	8940	59	24	14512	23424	15665	24603	0.0	16002
CP172365_pM04	CP010073_pM04	88.036	6787	685	91	1	6726	1	6721	0.0	7917
CP172365_pM04	CP010073_pM04	99.396	4307	6	19	9971	14259	9178	13482	0.0	7792
CP172365_pM04	CP010073_pM04	89.199	4592	459	23	38590	43164	44271	48842	0.0	5698
CP172365_pM04	CP010073_pM04	97.244	3084	77	7	25042	28121	29420	32499	0.0	5217
CP172365_pM04	CP010073_pM04	98.779	2294	28	0	7376	9669	6896	9189	0.0	4082
CP172365_pM04	CP010073_pM04	90.520	654	52	10	37781	38429	43432	44080	0.0	856
CP172365_pM04	CP010073_pM04	95.789	95	3	1	40399	40493	34810	34903	2.53e-36	152
CP172365_pM04	CP010073_pM04	90.385	104	8	2	37537	37639	43203	43305	2.55e-31	135
CP172365_pM04	CP010073_pM04	83.333	108	10	6	9272	9372	8954	9060	1.56e-18	93.5
CP172365_pM04	CP010073_pM04	94.828	58	2	1	25058	25115	25800	25856	2.01e-17	89.8
CP172365_pM04	AP028347_pM04	95.363	10027	367	54	28113	38122	28686	38631	0.0	15850
CP172365_pM04	AP028347_pM04	99.287	7154	31	19	7376	14511	7435	14586	0.0	12911
CP172365_pM04	AP028347_pM04	99.044	7011	57	9	16436	23437	17092	24101	0.0	12567
CP172365_pM04	AP028347_pM04	95.552	4564	169	21	38626	43177	39051	43592	0.0	7273
CP172365_pM04	AP028347_pM04	94.944	4569	220	11	2156	6719	2823	7385	0.0	7147
CP172365_pM04	AP028347_pM04	95.526	3643	139	19	24494	28121	24306	27939	0.0	5803
CP172365_pM04	AP028347_pM04	98.514	2154	32	0	1	2154	1	2154	0.0	3801
CP172365_pM04	AP028347_pM04	98.037	917	11	6	14673	15582	16168	17084	0.0	1587
CP172365_pM04	AP028347_pM04	96.629	89	3	0	40405	40493	30254	30342	3.28e-35	148
CP172365_pM04	AP028347_pM04	83.333	108	10	6	9434	9540	9331	9431	1.56e-18	93.5
CP172365_pM04	AP028347_pM04	83.333	108	10	6	9272	9372	9493	9599	1.56e-18	93.5
SC0947_pM04	CP010073_pM04	96.579	17247	497	54	23042	40263	25794	42972	0.0	28494
SC0947_pM04	CP010073_pM04	98.700	6999	87	2	13234	20229	17607	24604	0.0	12417
SC0947_pM04	CP010073_pM04	88.356	6776	667	83	1	6717	1	6713	0.0	8030
SC0947_pM04	CP010073_pM04	90.843	4554	382	24	41733	46265	44303	48842	0.0	6067
SC0947_pM04	CP010073_pM04	97.214	2333	57	6	6677	9003	6805	9135	0.0	3941
SC0947_pM04	CP010073_pM04	95.455	638	27	2	40671	41307	42580	43216	0.0	1016
SC0947_pM04	CP010073_pM04	95.043	464	22	1	12773	13236	15699	16161	0.0	728
SC0947_pM04	CP010073_pM04	93.401	394	24	2	40271	40663	42580	42972	8.12e-166	582
SC0947_pM04	CP010073_pM04	82.705	584	79	18	40741	41316	43204	43773	8.41e-141	499
SC0947_pM04	CP010073_pM04	76.358	313	58	9	40341	40648	43204	43505	7.55e-37	154
SC0947_pM04	CP010073_pM04	94.737	95	4	1	43500	43594	34810	34903	1.26e-34	147
SC0947_pM04	CP010073_pM04	87.500	120	15	0	39932	40051	43204	43323	2.11e-32	139
SC0947_pM04	CP010073_pM04	96.341	82	3	0	23023	23104	29409	29490	2.73e-31	135
SC0947_pM04	CP010073_pM04	98.413	63	1	0	26688	26750	25794	25856	4.61e-24	111
SC0947_pM04	CP131443_pM04	97.337	13594	336	20	26680	40263	21760	35337	0.0	23075
SC0947_pM04	CP131443_pM04	98.759	7011	83	2	13234	20241	13145	20154	0.0	12462
SC0947_pM04	CP131443_pM04	88.417	6777	661	87	1	6717	1	6713	0.0	8052
SC0947_pM04	CP131443_pM04	90.925	4551	381	23	41733	46265	36120	40656	0.0	6087
SC0947_pM04	CP131443_pM04	97.214	2333	57	6	6677	9003	6805	9135	0.0	3941
SC0947_pM04	CP131443_pM04	93.673	648	36	5	40671	41316	34946	35590	0.0	965
SC0947_pM04	CP131443_pM04	90.127	395	34	5	40271	40663	34946	35337	1.40e-143	508
SC0947_pM04	CP131443_pM04	84.133	271	41	2	20445	20714	21212	21481	4.32e-69	261
SC0947_pM04	CP131443_pM04	93.506	77	5	0	43506	43582	27158	27234	3.56e-25	115
SC0947_pM04	CP131443_pM04	83.333	108	10	6	8823	8929	8792	8892	1.67e-18	93.5
SC0947_pM04	AP028347_pM04	96.598	13609	369	45	26669	40263	24850	38378	0.0	22480
SC0947_pM04	AP028347_pM04	98.958	7487	72	4	13235	20716	17092	24577	0.0	13389
SC0947_pM04	AP028347_pM04	97.041	6861	181	16	2156	9003	2823	9674	0.0	11526
SC0947_pM04	AP028347_pM04	97.243	5623	123	23	40671	46278	37987	43592	0.0	9496
SC0947_pM04	AP028347_pM04	98.514	2154	32	0	1	2154	1	2154	0.0	3801
SC0947_pM04	AP028347_pM04	98.904	365	4	0	22740	23104	24567	24931	0.0	652
SC0947_pM04	AP028347_pM04	96.096	333	13	0	12904	13236	16167	16499	3.83e-154	544
SC0947_pM04	AP028347_pM04	91.624	394	30	3	40271	40663	37987	38378	1.38e-153	542
SC0947_pM04	AP028347_pM04	95.506	89	4	0	43506	43594	30254	30342	1.63e-33	143
SC0947_pM04	AP028347_pM04	83.333	108	10	6	8823	8929	9331	9431	1.67e-18	93.5
SC0947_pM04	AP028368_pM04	96.434	13599	382	44	26680	40263	27571	41081	0.0	22330
SC0947_pM04	AP028368_pM04	98.879	9007	89	10	1	9003	1	8999	0.0	16063
SC0947_pM04	AP028368_pM04	98.488	7012	98	4	13234	20241	18958	25965	0.0	12355
SC0947_pM04	AP028368_pM04	97.190	5623	126	23	40671	46278	40690	46295	0.0	9479
SC0947_pM04	AP028368_pM04	98.287	2043	34	1	9337	11379	16443	18484	0.0	3578
SC0947_pM04	AP028368_pM04	98.332	2038	34	0	20715	22752	18480	16443	0.0	3576
SC0947_pM04	AP028368_pM04	91.624	394	30	3	40271	40663	40690	41081	1.38e-153	542
SC0947_pM04	AP028368_pM04	93.838	357	12	7	12884	13240	18479	18825	1.07e-149	529
SC0947_pM04	AP028368_pM04	84.133	271	41	2	20445	20714	27023	27292	4.32e-69	261
SC0947_pM04	AP028368_pM04	94.737	95	4	1	43500	43594	32952	33045	1.26e-34	147
SC0947_pM04	AP028368_pM04	91.089	101	9	0	8661	8761	8824	8924	7.60e-32	137
SC0947_pM04	AP028368_pM04	83.333	108	10	6	8823	8929	8662	8762	1.67e-18	93.5
SC0947_pM04	CP043764_pM04	99.498	9766	48	1	30505	40270	26800	36564	0.0	17762
SC0947_pM04	CP043764_pM04	98.843	6999	77	2	13234	20229	14669	21666	0.0	12473
SC0947_pM04	CP043764_pM04	99.449	6719	34	3	1	6717	1	6718	0.0	12200
SC0947_pM04	CP043764_pM04	98.506	5621	67	14	40671	46278	36156	41772	0.0	9899
SC0947_pM04	CP043764_pM04	98.796	3072	35	2	26688	29758	23738	26808	0.0	5467
SC0947_pM04	CP043764_pM04	97.943	2333	40	6	6677	9003	6809	9139	0.0	4036
SC0947_pM04	CP043764_pM04	87.136	412	38	14	40271	40670	36156	36564	6.64e-127	453
SC0947_pM04	CP043764_pM04	94.805	77	4	0	32074	32150	39000	39076	7.65e-27	121
SC0947_pM04	CP043764_pM04	93.506	77	5	0	43506	43582	28368	28444	3.56e-25	115
SC0947_pM04	CP043764_pM04	98.413	63	1	0	23042	23104	23738	23800	4.61e-24	111
SC0947_pM04	CP043764_pM04	83.333	108	10	6	8823	8929	8796	8896	1.67e-18	93.5
SC0947_pM04	CP017419_pM04	99.252	9762	57	15	30505	40263	27723	37471	0.0	17608
SC0947_pM04	CP017419_pM04	98.529	7000	97	4	13234	20229	16470	23467	0.0	12351
SC0947_pM04	CP017419_pM04	97.381	6719	175	1	1	6718	1	6719	0.0	11431
SC0947_pM04	CP017419_pM04	99.429	5608	32	0	40671	46278	37079	42686	0.0	10179
SC0947_pM04	CP017419_pM04	98.893	3072	33	1	26688	29758	24660	27731	0.0	5483
SC0947_pM04	CP017419_pM04	97.366	2240	58	1	6765	9003	7376	9615	0.0	3808
SC0947_pM04	CP017419_pM04	95.043	464	22	1	12773	13236	14562	15024	0.0	728
SC0947_pM04	CP017419_pM04	98.219	393	7	0	40271	40663	37079	37471	0.0	688
SC0947_pM04	CP017419_pM04	94.805	77	4	0	32074	32150	39914	39990	7.65e-27	121
SC0947_pM04	CP017419_pM04	93.506	77	5	0	43506	43582	29291	29367	3.56e-25	115
SC0947_pM04	CP017419_pM04	98.413	63	1	0	23042	23104	24660	24722	4.61e-24	111
SC0947_pM04	CP017419_pM04	83.333	108	10	6	8823	8929	9272	9372	1.67e-18	93.5
SC0947_pM04	CP172365_pM04	98.690	9768	122	6	30505	40270	28113	37876	0.0	17324
SC0947_pM04	CP172365_pM04	98.816	7013	68	12	13234	20241	16435	23437	0.0	12477
SC0947_pM04	CP172365_pM04	97.395	6719	174	1	1	6718	1	6719	0.0	11437
SC0947_pM04	CP172365_pM04	97.496	4552	105	2	41736	46278	38626	43177	0.0	7766
SC0947_pM04	CP172365_pM04	98.865	3083	28	6	26680	29758	25042	28121	0.0	5493
SC0947_pM04	CP172365_pM04	97.411	2240	57	1	6765	9003	7376	9615	0.0	3814
SC0947_pM04	CP172365_pM04	87.082	658	69	13	40671	41316	37469	38122	0.0	730
SC0947_pM04	CP172365_pM04	93.319	464	22	8	12773	13236	14545	14999	0.0	676
SC0947_pM04	CP172365_pM04	83.293	413	51	16	40271	40670	37469	37876	3.20e-100	364
SC0947_pM04	CP172365_pM04	84.133	271	41	2	20445	20714	24494	24763	4.32e-69	261
SC0947_pM04	CP172365_pM04	94.805	77	4	0	32074	32150	40405	40481	7.65e-27	121
SC0947_pM04	CP172365_pM04	93.506	77	5	0	43506	43582	29681	29757	3.56e-25	115
SC0947_pM04	CP172365_pM04	83.333	108	10	6	8823	8929	9272	9372	1.67e-18	93.5
SC0947_pM04	CP001961_pM04	98.690	9769	120	8	30505	40270	28158	37921	0.0	17324
SC0947_pM04	CP001961_pM04	98.945	7012	68	4	13234	20241	16471	23480	0.0	12534
SC0947_pM04	CP001961_pM04	97.395	6719	174	1	1	6718	1	6719	0.0	11437
SC0947_pM04	CP001961_pM04	97.496	4552	105	2	41736	46278	38671	43222	0.0	7766
SC0947_pM04	CP001961_pM04	98.930	3083	28	4	26680	29758	25085	28166	0.0	5505
SC0947_pM04	CP001961_pM04	97.411	2240	57	1	6765	9003	7376	9615	0.0	3814
SC0947_pM04	CP001961_pM04	87.082	658	69	13	40671	41316	37514	38167	0.0	730
SC0947_pM04	CP001961_pM04	95.043	464	22	1	12773	13236	14562	15024	0.0	728
SC0947_pM04	CP001961_pM04	83.293	413	51	16	40271	40670	37514	37921	3.20e-100	364
SC0947_pM04	CP001961_pM04	83.764	271	41	3	20445	20714	24538	24806	7.23e-67	254
SC0947_pM04	CP001961_pM04	94.805	77	4	0	32074	32150	40450	40526	7.65e-27	121
SC0947_pM04	CP001961_pM04	93.506	77	5	0	43506	43582	29725	29801	3.56e-25	115
SC0947_pM04	CP001961_pM04	83.333	108	10	6	8823	8929	9272	9372	1.67e-18	93.5
SC0947_pM04	CP048762_pM04	98.393	9772	150	3	30505	40270	33025	42795	0.0	17169
SC0947_pM04	CP048762_pM04	99.247	9032	61	7	1	9027	1	9030	0.0	16295
SC0947_pM04	CP048762_pM04	99.401	7010	38	2	13235	20241	21337	28345	0.0	12709
SC0947_pM04	CP048762_pM04	98.434	5621	71	14	40671	46278	42387	48003	0.0	9877
SC0947_pM04	CP048762_pM04	98.930	3083	28	4	26680	29758	29952	33033	0.0	5505
SC0947_pM04	CP048762_pM04	87.136	412	38	14	40271	40670	42387	42795	6.64e-127	453
SC0947_pM04	CP048762_pM04	84.133	271	41	2	20445	20714	29404	29673	4.32e-69	261
SC0947_pM04	CP048762_pM04	93.506	77	5	0	43506	43582	34593	34669	3.56e-25	115
SC0947_pM04	CP048762_pM04	93.506	77	5	0	32074	32150	45231	45307	3.56e-25	115
SC0947_pM04	CP048762_pM04	83.333	108	10	6	8823	8929	8663	8763	1.67e-18	93.5
SC0947_pM04	AY394560_pM04	98.393	9772	150	3	30505	40270	29729	39499	0.0	17169
SC0947_pM04	AY394560_pM04	99.556	9005	38	2	1	9003	1	9005	0.0	16406
SC0947_pM04	AY394560_pM04	99.016	7011	65	2	13234	20241	18039	25048	0.0	12562
SC0947_pM04	AY394560_pM04	98.630	5621	60	14	40671	46278	39091	44707	0.0	9937
SC0947_pM04	AY394560_pM04	98.962	3083	28	3	26680	29758	26655	29737	0.0	5513
SC0947_pM04	AY394560_pM04	87.136	412	38	14	40271	40670	39091	39499	6.64e-127	453
SC0947_pM04	AY394560_pM04	84.133	271	41	2	20445	20714	26107	26376	4.32e-69	261
SC0947_pM04	AY394560_pM04	93.506	77	5	0	43506	43582	31297	31373	3.56e-25	115
SC0947_pM04	AY394560_pM04	93.506	77	5	0	32074	32150	41935	42011	3.56e-25	115
SC0947_pM04	AY394560_pM04	83.333	108	10	6	8823	8929	8662	8762	1.67e-18	93.5
