ID,Length
IncFIB|cluster_0,93847
IncFIB|cluster_1,93702
IncFIB|cluster_1,93674
IncFIB|cluster_1,93711
IncFIB|cluster_1,93727
IncFIB|cluster_1,93817
IncFIB|cluster_1,93698
IncFIB|cluster_1,93698
IncFIB|cluster_1,93693
IncFIB|cluster_1,93828
IncFIB|cluster_1,93705
IncFIB|cluster_1,93704
IncFIB|cluster_1,93719
IncFIB|cluster_1,93699
IncFIB|cluster_1,93715
IncFIB|cluster_1,93710
IncFIB|cluster_1,93687
IncFIB|cluster_1,93704
IncFIB|cluster_1,93695
IncFIB|cluster_1,93694
IncFIB|cluster_1,93701
IncFIB|cluster_1,93703
IncFIB|cluster_1,93700
IncFIB|cluster_1,93702
IncFIB|cluster_1,93703
IncFIB|cluster_1,93695
IncFIB|cluster_1,93711
IncFIB|cluster_1,93695
IncFIB|cluster_1,93692
IncFIB|cluster_1,93694
IncFIB|cluster_1,93700
IncFIB|cluster_1,93710
IncFIB|cluster_1,93711
IncFIB|cluster_1,93666
IncFIB|cluster_1,93701
IncFIB|cluster_1,93707
IncFIB|cluster_1,93696
IncFIB|cluster_1,93383
IncFIB|cluster_1,93709
IncFIB|cluster_1,93675
IncFIB|cluster_1,93707
IncFIB|cluster_1,93680
IncFIB|cluster_1,93700
IncFIB|cluster_1,93700
IncFIB|cluster_1,93696
IncFIB|cluster_1,93693
IncFIB|cluster_1,93699
IncFIB|cluster_1,93703
IncFIB|cluster_1,93705
IncFIB|cluster_1,93702
IncFIB|cluster_1,93702
IncFIB|cluster_1,93697
IncFIB|cluster_1,93699
IncFIB|cluster_1,93701
IncFIB|cluster_1,93699
IncFIB|cluster_1,93687
IncFIB|cluster_1,93706
IncFIB|cluster_1,93703
IncFIB|cluster_1,93699
IncFIB|cluster_1,93709
IncFIB|cluster_1,93728
IncFIB|cluster_1,93693
IncFIB|cluster_1,93706
IncFIB|cluster_1,93710
IncFIB|cluster_1,93706
IncFIB|cluster_1,93699
IncFIB|cluster_1,93695
IncFIB|cluster_1,93697
IncFIB|cluster_1,93706
IncFIB|cluster_1,93711
IncFIB|cluster_1,93683
IncFIB|cluster_1,93709
IncFIB|cluster_1,93694
IncFIB|cluster_1,93698
IncFIB|cluster_1,93710
IncFIB|cluster_1,93709
IncFIB|cluster_1,93709
IncFIB|cluster_1,93694
IncFIB|cluster_1,93693
IncFIB|cluster_1,92818
IncFIB|cluster_1,93705
IncFIB|cluster_1,93704
IncFIB|cluster_1,93701
IncFIB|cluster_1,93702
IncFIB|cluster_1,93701
IncFIB|cluster_1,93696
IncFIB|cluster_1,93708
IncFIB|cluster_1,93698
IncFIB|cluster_1,93698
IncFIB|cluster_1,93712
IncFIB|cluster_1,93694
IncFIB|cluster_1,93666
IncFIB|cluster_1,93698
IncFIB|cluster_1,93703
IncFIB|cluster_1,93709
IncFIB|cluster_1,93704
IncFIB|cluster_1,93698
IncFIB|cluster_1,93708
IncFIB|cluster_1,93710
IncFIB|cluster_1,93712
IncFIB|cluster_1,93695
IncFIB|cluster_1,93707
IncFIB|cluster_1,93707
IncFIB|cluster_1,93695
IncFIB|cluster_1,93709
IncFIB|cluster_1,93690
IncFIB|cluster_1,93693
IncFIB|cluster_1,93711
IncFIB|cluster_1,93702
IncFIB|cluster_1,93702
IncFIB|cluster_1,93702
IncFIB|cluster_1,93705
IncFIB|cluster_1,93706
IncFIB|cluster_1,93709
IncFIB|cluster_1,93704
IncFIB|cluster_1,93695
IncFIB|cluster_1,93699
IncFIB|cluster_1,93684
IncFIB|cluster_1,93698
IncFIB|cluster_1,93699
IncFIB|cluster_1,93699
IncFIB|cluster_1,93706
IncFIB|cluster_1,93703
IncFIB|cluster_1,93699
IncFIB|cluster_1,93712
IncFIB|cluster_1,93702
IncFIB|cluster_1,93710
IncFIB|cluster_1,93713
IncFIB|cluster_1,93707
IncFIB|cluster_1,93695
IncFIB|cluster_1,93706
IncFIB|cluster_1,93691
IncFIB|cluster_1,93710
IncFIB|cluster_1,93710
IncFIB|cluster_1,93708
IncFIB|cluster_1,93704
IncFIB|cluster_1,93697
IncFIB|cluster_1,93697
IncFIB|cluster_1,93694
IncFIB|cluster_1,93719
IncFIB|cluster_1,93703
IncFIB|cluster_1,93696
IncFIB|cluster_1,93707
IncFIB|cluster_1,93713
IncFIB|cluster_1,93709
IncFIB|cluster_1,93711
IncFIB|cluster_1,93701
IncFIB|cluster_1,93704
IncFIB|cluster_1,93714
IncFIB|cluster_1,93705
IncFIB|cluster_1,93695
IncFIB|cluster_1,93706
IncFIB|cluster_1,93702
IncFIB|cluster_1,93703
IncFIB|cluster_1,93698
IncFIB|cluster_1,93700
IncFIB|cluster_1,93701
IncFIB|cluster_1,93681
IncFIB|cluster_1,93695
IncFIB|cluster_1,93701
IncFIB|cluster_1,93701
IncFIB|cluster_1,93701
IncFIB|cluster_1,93683
IncFIB|cluster_1,93687
IncFIB|cluster_1,93697
IncFIB|cluster_1,93707
IncFIB|cluster_1,93707
IncFIB|cluster_1,93708
IncFIB|cluster_1,93705
IncFIB|cluster_1,93698
IncFIB|cluster_1,93694
IncFIB|cluster_1,93710
IncFIB|cluster_1,93711
IncFIB|cluster_1,93701
IncFIB|cluster_1,93712
IncFIB|cluster_1,93714
IncFIB|cluster_1,93708
IncFIB|cluster_1,93710
IncFIB|cluster_1,93734
IncFIB|cluster_1,93699
IncFIB|cluster_1,93699
IncFIB|cluster_1,93710
IncFIB|cluster_1,93696
IncFIB|cluster_1,93694
IncFIB|cluster_1,93672
IncFIB|cluster_1,93709
IncFIB|cluster_1,93700
IncFIB|cluster_1,93698
IncFIB|cluster_1,93714
IncFIB|cluster_1,93698
IncFIB|cluster_1,93709
IncFIB|cluster_1,93705
IncFIB|cluster_1,93703
IncFIB|cluster_1,93690
IncFIB|cluster_1,93661
IncFIB|cluster_1,93695
IncFIB|cluster_1,93706
IncFIB|cluster_1,93713
IncFIB|cluster_1,93709
IncFIB|cluster_1,93695
IncFIB|cluster_1,93694
IncFIB|cluster_1,93699
IncFIB|cluster_1,93681
IncFIB|cluster_1,93677
IncFIB|cluster_1,93701
IncFIB|cluster_1,93704
IncFIB|cluster_1,93695
IncFIB|cluster_1,93710
IncFIB|cluster_1,93694
IncFIB|cluster_1,93691
IncFIB|cluster_1,93702
IncFIB|cluster_1,93697
IncFIB|cluster_1,93703
IncFIB|cluster_1,93696
IncFIB|cluster_1,93706
IncFIB|cluster_1,93708
IncFIB|cluster_1,93705
IncFIB|cluster_1,93685
IncFIB|cluster_1,93692
IncFIB|cluster_1,93709
IncFIB|cluster_1,93686
IncFIB|cluster_1,93702
IncFIB|cluster_1,93696
IncFIB|cluster_1,93711
IncFIB|cluster_1,93715
IncFIB|cluster_1,93713
IncFIB|cluster_1,93693
IncFIB|cluster_1,93706
IncFIB|cluster_1,93710
IncFIB|cluster_1,93704
IncFIB|cluster_1,93693
IncFIB|cluster_1,93687
IncFIB|cluster_1,93698
IncFIB|cluster_1,93696
IncFIB|cluster_1,93690
IncFIB|cluster_1,93699
IncFIB|cluster_1,93701
IncFIB|cluster_1,93703
IncFIB|cluster_1,93695
IncFIB|cluster_1,93696
IncFIB|cluster_1,93628
IncFIB|cluster_1,93704
IncFIB|cluster_1,93694
IncFIB|cluster_1,93696
IncFIB|cluster_1,93701
IncFIB|cluster_1,93688
IncFIB|cluster_1,93706
IncFIB|cluster_1,93697
IncFIB|cluster_1,93723
IncFIB|cluster_1,93683
IncFIB|cluster_1,93718
IncFIB|cluster_1,93700
IncFIB|cluster_1,93712
IncFIB|cluster_1,93715
IncFIB|cluster_1,93717
IncFIB|cluster_1,93707
IncFIB|cluster_1,93694
IncFIB|cluster_1,93695
IncFIB|cluster_1,93702
IncFIB|cluster_1,93703
IncFIB|cluster_1,93699
IncFIB|cluster_1,93693
IncFIB|cluster_1,93719
IncFIB|cluster_1,93725
IncFIB|cluster_1,93698
IncFIB|cluster_1,93691
IncFIB|cluster_1,93694
IncFIB|cluster_1,93719
IncFIB|cluster_1,93682
IncFIB|cluster_1,93704
IncFIB|cluster_1,93695
IncFIB|cluster_1,93710
IncFIB|cluster_1,93712
IncFIB|cluster_1,93710
IncFIB|cluster_1,93698
IncFIB|cluster_1,93719
IncFIB|cluster_1,93699
IncFIB|cluster_1,93712
IncFIB|cluster_1,93707
IncFIB|cluster_1,93698
IncFIB|cluster_1,93707
IncFIB|cluster_1,93702
IncFIB|cluster_1,93707
IncFIB|cluster_1,93708
IncFIB|cluster_1,93704
IncFIB|cluster_1,93062
IncFIB|cluster_1,93699
IncFIB|cluster_1,93709
IncFIB|cluster_1,93708
IncFIB|cluster_1,93698
IncFIB|cluster_1,93701
IncFIB|cluster_1,93710
IncFIB|cluster_1,93709
IncFIB|cluster_1,93709
IncFIB|cluster_1,93706
IncFIB|cluster_1,93708
IncFIB|cluster_1,93698
IncFIB|cluster_1,93703
IncFIB|cluster_1,93701
IncFIB|cluster_1,93686
IncFIB|cluster_1,93715
IncFIB|cluster_10,93273
IncFIB|cluster_11,93055
IncFIB|cluster_12,92919
IncFIB|cluster_13,92548
IncFIB|cluster_14,86820
IncFIB|cluster_2,93779
IncFIB|cluster_2,93689
IncFIB|cluster_2,93701
IncFIB|cluster_2,93691
IncFIB|cluster_2,93690
IncFIB|cluster_2,93688
IncFIB|cluster_2,93690
IncFIB|cluster_2,93688
IncFIB|cluster_2,93689
IncFIB|cluster_2,93806
IncFIB|cluster_2,93688
IncFIB|cluster_2,93684
IncFIB|cluster_2,93046
IncFIB|cluster_2,93798
IncFIB|cluster_2,93688
IncFIB|cluster_3,93720
IncFIB|cluster_3,93686
IncFIB|cluster_3,93686
IncFIB|cluster_3,93681
IncFIB|cluster_3,93689
IncFIB|cluster_3,93688
IncFIB|cluster_3,93685
IncFIB|cluster_3,93688
IncFIB|cluster_3,93686
IncFIB|cluster_3,93678
IncFIB|cluster_3,93688
IncFIB|cluster_3,93693
IncFIB|cluster_3,93690
IncFIB|cluster_3,93666
IncFIB|cluster_3,93692
IncFIB|cluster_3,93703
IncFIB|cluster_3,93689
IncFIB|cluster_4,93685
IncFIB|cluster_4,93687
IncFIB|cluster_4,93694
IncFIB|cluster_4,93672
IncFIB|cluster_5,93684
IncFIB|cluster_5,93655
IncFIB|cluster_6,93651
IncFIB|cluster_7,93647
IncFIB|cluster_8,93402
IncFIB|cluster_9,93363
IncHI2A|cluster_0,271169
IncI|cluster_0,121987
IncI|cluster_1,106191
IncI|cluster_1,106162
IncI|cluster_10,87623
IncI|cluster_11,87507
IncI|cluster_12,87060
IncI|cluster_13,86870
IncI|cluster_14,84830
IncI|cluster_2,106163
IncI|cluster_3,98009
IncI|cluster_4,95518
IncI|cluster_5,91679
IncI|cluster_6,90963
IncI|cluster_7,89695
IncI|cluster_8,88055
IncI|cluster_9,87778
IncK2/Z|cluster_0,87656
IncK2/Z|cluster_1,88935
IncN|cluster_0,42913
IncN|cluster_0,42907
IncN|cluster_0,42911
IncN|cluster_0,42893
IncN|cluster_0,42911
IncN|cluster_0,42925
IncN|cluster_0,42910
IncN|cluster_0,42920
IncN|cluster_0,42883
IncN|cluster_0,42913
IncN|cluster_0,41312
IncN|cluster_0,42910
IncN|cluster_1,42906
IncN|cluster_2,41571
IncN|cluster_3,34290
IncX1|cluster_0,32599
IncX1|cluster_0,32593
IncX1|cluster_0,32593
IncX4|cluster_0,35219
IncX4|cluster_1,33558
rep_1760|cluster_0,40638
rep_1760|cluster_1,45154
