AP025988_pTET	CP017861_pTET	98.928	22847	217	6	1	22844	1	22822	0.0	40808
AP025988_pTET	CP017861_pTET	99.432	20257	112	3	25434	45689	22823	43077	0.0	36767
AP025988_pTET	CP017861_pTET	96.471	85	1	2	40628	40710	5539	5623	2.05e-32	139
AP025988_pTET	CP017861_pTET	96.471	85	1	2	5539	5623	38016	38098	2.05e-32	139
AP025988_pTET	CP017861_pTET	83.333	108	10	6	17751	17857	17567	17667	1.62e-18	93.5
AP025988_pTET	CP017861_pTET	83.333	108	10	6	17589	17689	17729	17835	1.62e-18	93.5
AP025988_pTET	OQ553941_pTET	99.030	19685	177	7	25997	45680	24783	44454	0.0	35281
AP025988_pTET	OQ553941_pTET	94.447	15090	759	61	1	15043	1	15058	0.0	23150
AP025988_pTET	OQ553941_pTET	99.666	5981	20	0	17751	23731	17128	23108	0.0	10935
AP025988_pTET	OQ553941_pTET	98.204	2004	28	6	15693	17689	15232	17234	0.0	3494
AP025988_pTET	OQ553941_pTET	99.816	1633	3	0	24074	25706	23157	24789	0.0	3000
AP025988_pTET	OQ553941_pTET	96.471	85	1	2	40628	40710	5539	5623	2.05e-32	139
AP025988_pTET	OQ553941_pTET	96.471	85	1	2	5539	5623	39411	39493	2.05e-32	139
AP025988_pTET	OQ553941_pTET	100.000	52	0	0	23951	24002	23109	23160	1.25e-19	97.1
AP025988_pTET	OQ553941_pTET	100.000	40	0	0	23751	23790	23109	23148	5.87e-13	75.0
AP025988_pTET	OQ553941_pTET	100.000	40	0	0	23851	23890	23109	23148	5.87e-13	75.0
AP025988_pTET	CP011017_pTET	99.030	19685	178	6	25997	45680	25139	44811	0.0	35281
AP025988_pTET	CP011017_pTET	94.453	15090	758	61	1	15043	1	15058	0.0	23156
AP025988_pTET	CP011017_pTET	99.524	8198	39	0	15693	23890	15232	23429	0.0	14923
AP025988_pTET	CP011017_pTET	99.627	1876	6	1	23831	25706	23271	25145	0.0	3424
AP025988_pTET	CP011017_pTET	96.471	85	1	2	40628	40710	5539	5623	2.05e-32	139
AP025988_pTET	CP011017_pTET	96.471	85	1	2	5539	5623	39768	39850	2.05e-32	139
AP025988_pTET	CP011017_pTET	83.333	108	10	6	17751	17857	17128	17228	1.62e-18	93.5
AP025988_pTET	CP011017_pTET	83.333	108	10	6	17589	17689	17290	17396	1.62e-18	93.5
AP025988_pTET	CP011017_pTET	91.667	60	4	1	23931	23990	23271	23329	3.51e-15	82.4
AP025988_pTET	CP011017_pTET	91.667	60	4	1	23732	23790	23370	23429	3.51e-15	82.4
AP025988_pTET	ON101335_pTET	99.025	19685	178	7	25997	45680	24977	44648	0.0	35275
AP025988_pTET	ON101335_pTET	94.453	15090	758	61	1	15043	1	15058	0.0	23156
AP025988_pTET	ON101335_pTET	99.691	6140	19	0	17751	23890	17128	23267	0.0	11234
AP025988_pTET	ON101335_pTET	98.204	2004	28	6	15693	17689	15232	17234	0.0	3494
AP025988_pTET	ON101335_pTET	99.574	1876	7	1	23831	25706	23109	24983	0.0	3419
AP025988_pTET	ON101335_pTET	96.471	85	1	2	40628	40710	5539	5623	2.05e-32	139
AP025988_pTET	ON101335_pTET	96.471	85	1	2	5539	5623	39605	39687	2.05e-32	139
AP025988_pTET	ON101335_pTET	91.667	60	4	1	23931	23990	23109	23167	3.51e-15	82.4
AP025988_pTET	ON101335_pTET	91.667	60	4	1	23732	23790	23208	23267	3.51e-15	82.4
AP025988_pTET	CP172365_pTET	97.545	19101	400	51	3775	22844	3867	22929	0.0	32611
AP025988_pTET	CP172365_pTET	99.612	15214	27	28	25434	40646	22930	38112	0.0	27739
AP025988_pTET	CP172365_pTET	97.665	4967	114	2	40724	45689	38212	43177	0.0	8528
AP025988_pTET	CP172365_pTET	94.804	3368	157	16	1	3355	1	3363	0.0	5234
AP025988_pTET	CP172365_pTET	83.333	108	10	6	17751	17857	17690	17790	1.62e-18	93.5
AP025988_pTET	CP172365_pTET	83.333	108	10	6	17589	17689	17852	17958	1.62e-18	93.5
AP025988_pTET	AY394560_pTET	99.768	14651	31	3	25997	40646	24988	39636	0.0	26864
AP025988_pTET	AY394560_pTET	95.541	15071	611	49	1	15036	1	15045	0.0	24051
AP025988_pTET	AY394560_pTET	98.146	8200	137	5	15693	23890	15092	23278	0.0	14286
AP025988_pTET	AY394560_pTET	97.200	4965	135	3	40719	45680	39729	44692	0.0	8395
AP025988_pTET	AY394560_pTET	99.627	1878	6	1	23831	25708	23120	24996	0.0	3428
AP025988_pTET	AY394560_pTET	83.333	108	10	6	17751	17857	16988	17088	1.62e-18	93.5
AP025988_pTET	AY394560_pTET	83.333	108	10	6	17589	17689	17150	17256	1.62e-18	93.5
AP025988_pTET	AY394560_pTET	91.667	60	4	1	23931	23990	23120	23178	3.51e-15	82.4
AP025988_pTET	AY394560_pTET	91.667	60	4	1	23732	23790	23219	23278	3.51e-15	82.4
AP025988_pTET	CP030889_pTET	99.761	14652	31	4	25997	40646	22548	37197	0.0	26860
AP025988_pTET	CP030889_pTET	94.543	9162	406	91	5889	15036	4785	13866	0.0	14063
AP025988_pTET	CP030889_pTET	98.028	7199	138	4	15693	22889	13913	21109	0.0	12504
AP025988_pTET	CP030889_pTET	97.200	4965	135	3	40719	45680	37290	42253	0.0	8395
AP025988_pTET	CP030889_pTET	95.289	4840	161	63	1	4829	1	4784	0.0	7613
AP025988_pTET	CP030889_pTET	99.725	1454	4	0	24255	25708	21103	22556	0.0	2663
AP025988_pTET	CP030889_pTET	83.333	108	10	6	17751	17857	15809	15909	1.62e-18	93.5
AP025988_pTET	CP030889_pTET	83.333	108	10	6	17589	17689	15971	16077	1.62e-18	93.5
AP025988_pTET	AP028406_pTET	99.680	13754	43	1	26894	40646	21420	35173	0.0	25154
AP025988_pTET	AP028406_pTET	95.481	15071	620	49	1	15036	1	15045	0.0	24002
AP025988_pTET	AP028406_pTET	97.714	6344	140	5	15693	22034	15092	21432	0.0	10907
AP025988_pTET	AP028406_pTET	97.587	4974	115	4	40719	45689	35266	40237	0.0	8516
AP025988_pTET	AP028406_pTET	83.333	108	10	6	17751	17857	16988	17088	1.62e-18	93.5
AP025988_pTET	AP028406_pTET	83.333	108	10	6	17589	17689	17150	17256	1.62e-18	93.5
AP025988_pTET	SC1704_pTET	95.756	15056	588	33	1	15036	1	15025	0.0	24216
AP025988_pTET	SC1704_pTET	99.540	13271	61	0	27376	40646	18417	31687	0.0	24170
AP025988_pTET	SC1704_pTET	97.702	4918	102	4	40773	45689	35270	40177	0.0	8445
AP025988_pTET	SC1704_pTET	99.825	2864	5	0	19595	22458	34698	31835	0.0	5262
AP025988_pTET	SC1704_pTET	97.470	2253	57	0	15693	17945	15072	17324	0.0	3845
AP025988_pTET	SC1704_pTET	94.612	464	24	1	25468	25930	17956	18419	0.0	717
AP025988_pTET	SC1704_pTET	95.263	190	8	1	19425	19614	17335	17523	8.90e-81	300
AP025988_pTET	SC1704_pTET	83.333	108	10	6	17589	17689	17130	17236	1.62e-18	93.5
AP025988_pTET	CP048762_pTET	99.540	13271	59	2	27377	40646	29663	42932	0.0	24168
AP025988_pTET	CP048762_pTET	95.475	15071	621	49	1	15036	1	15045	0.0	23996
AP025988_pTET	CP048762_pTET	98.731	6224	47	4	15693	21915	15092	21284	0.0	11027
AP025988_pTET	CP048762_pTET	97.200	4965	135	3	40719	45680	43025	47988	0.0	8395
AP025988_pTET	CP048762_pTET	99.492	394	1	1	21820	22212	28561	28954	0.0	715
AP025988_pTET	CP048762_pTET	96.462	424	15	0	26092	26515	29226	29649	0.0	701
AP025988_pTET	CP048762_pTET	83.333	108	10	6	17751	17857	16989	17089	1.62e-18	93.5
AP025988_pTET	CP048762_pTET	83.333	108	10	6	17589	17689	17151	17257	1.62e-18	93.5
AP028406_pTET	AY394560_pTET	99.874	21404	26	1	1	21403	1	21404	0.0	39375
AP028406_pTET	AY394560_pTET	99.793	18810	38	1	21420	40228	25883	44692	0.0	34518
AP028406_pTET	AY394560_pTET	93.506	77	5	0	35160	35236	5554	5630	3.05e-25	115
AP028406_pTET	AY394560_pTET	93.506	77	5	0	5554	5630	39623	39699	3.05e-25	115
AP028406_pTET	AY394560_pTET	83.333	108	10	6	17150	17256	16988	17088	1.43e-18	93.5
AP028406_pTET	AY394560_pTET	83.333	108	10	6	16988	17088	17150	17256	1.43e-18	93.5
AP028406_pTET	CP048762_pTET	99.095	21317	156	10	1	21313	1	21284	0.0	38261
AP028406_pTET	CP048762_pTET	99.738	18327	46	2	21903	40228	29663	47988	0.0	33576
AP028406_pTET	CP048762_pTET	100.000	215	0	0	21218	21432	28561	28775	2.70e-110	398
AP028406_pTET	CP048762_pTET	93.506	77	5	0	35160	35236	5554	5630	3.05e-25	115
AP028406_pTET	CP048762_pTET	93.506	77	5	0	5554	5630	42919	42995	3.05e-25	115
AP028406_pTET	CP048762_pTET	83.333	108	10	6	17150	17256	16989	17089	1.43e-18	93.5
AP028406_pTET	CP048762_pTET	83.333	108	10	6	16988	17088	17151	17257	1.43e-18	93.5
AP028406_pTET	CP030889_pTET	99.777	18811	40	2	21420	40228	23443	42253	0.0	34503
AP028406_pTET	CP030889_pTET	99.350	15540	25	76	5899	21432	4785	20254	0.0	28068
AP028406_pTET	CP030889_pTET	98.389	4841	18	58	1	4838	1	4784	0.0	8453
AP028406_pTET	CP030889_pTET	93.506	77	5	0	5554	5630	37184	37260	3.05e-25	115
AP028406_pTET	CP030889_pTET	83.333	108	10	6	17150	17256	15809	15909	1.43e-18	93.5
AP028406_pTET	CP030889_pTET	83.333	108	10	6	16988	17088	15971	16077	1.43e-18	93.5
AP028406_pTET	CP172365_pTET	99.522	18820	72	17	21420	40237	24374	43177	0.0	34239
AP028406_pTET	CP172365_pTET	97.347	11271	290	2	3784	15045	3867	15137	0.0	19149
AP028406_pTET	CP172365_pTET	97.667	6345	138	10	15092	21432	15794	22132	0.0	10888
AP028406_pTET	CP172365_pTET	95.692	3366	140	5	1	3364	1	3363	0.0	5408
AP028406_pTET	CP172365_pTET	94.805	77	4	0	35160	35236	5646	5722	6.55e-27	121
AP028406_pTET	CP172365_pTET	93.506	77	5	0	5554	5630	38099	38175	3.05e-25	115
AP028406_pTET	CP172365_pTET	83.333	108	10	6	17150	17256	17690	17790	1.43e-18	93.5
AP028406_pTET	CP172365_pTET	83.333	108	10	6	16988	17088	17852	17958	1.43e-18	93.5
AP028406_pTET	SC1704_pTET	98.807	17348	179	15	1	17344	1	17324	0.0	30864
AP028406_pTET	SC1704_pTET	99.814	13424	24	1	21902	35325	18417	31839	0.0	24650
AP028406_pTET	SC1704_pTET	99.207	4917	29	3	35322	40237	35270	40177	0.0	8855
AP028406_pTET	SC1704_pTET	95.782	2442	98	5	18994	21432	34698	32259	0.0	3934
AP028406_pTET	SC1704_pTET	95.263	190	8	1	18824	19013	17335	17523	7.83e-81	300
AP028406_pTET	SC1704_pTET	93.506	77	5	0	35160	35236	5545	5621	3.05e-25	115
AP028406_pTET	SC1704_pTET	93.506	77	5	0	5554	5630	31674	31750	3.05e-25	115
AP028406_pTET	SC1704_pTET	83.333	108	10	6	16988	17088	17130	17236	1.43e-18	93.5
AP028406_pTET	OQ553941_pTET	99.847	13754	19	2	21420	35173	25678	39429	0.0	25281
AP028406_pTET	OQ553941_pTET	95.597	15104	551	89	1	15044	1	15050	0.0	24103
AP028406_pTET	OQ553941_pTET	99.033	4964	36	4	35266	40228	39502	44454	0.0	8890
AP028406_pTET	OQ553941_pTET	97.597	4286	98	5	17150	21432	17128	21411	0.0	7339
AP028406_pTET	OQ553941_pTET	96.662	2097	55	11	15004	17088	15141	17234	0.0	3470
AP028406_pTET	ON101335_pTET	99.847	13754	19	2	21420	35173	25872	39623	0.0	25281
AP028406_pTET	ON101335_pTET	95.604	15104	550	89	1	15044	1	15050	0.0	24109
AP028406_pTET	ON101335_pTET	99.013	4964	37	4	35266	40228	39696	44648	0.0	8885
AP028406_pTET	ON101335_pTET	97.573	4286	99	5	17150	21432	17128	21411	0.0	7334
AP028406_pTET	ON101335_pTET	96.662	2097	55	11	15004	17088	15141	17234	0.0	3470
AP028406_pTET	CP011017_pTET	99.847	13754	20	1	21420	35173	26034	39786	0.0	25281
AP028406_pTET	CP011017_pTET	95.604	15104	550	89	1	15044	1	15050	0.0	24109
AP028406_pTET	CP011017_pTET	97.608	6437	142	10	15004	21432	15141	21573	0.0	11023
AP028406_pTET	CP011017_pTET	99.033	4964	36	4	35266	40228	39859	44811	0.0	8890
AP028406_pTET	CP011017_pTET	83.333	108	10	6	17150	17256	17128	17228	1.43e-18	93.5
AP028406_pTET	CP011017_pTET	83.333	108	10	6	16988	17088	17290	17396	1.43e-18	93.5
AP028406_pTET	AP025988_pTET	99.680	13754	43	1	21420	35173	26894	40646	0.0	25154
AP028406_pTET	AP025988_pTET	95.481	15071	620	49	1	15045	1	15036	0.0	24002
AP028406_pTET	AP025988_pTET	97.714	6344	140	5	15092	21432	15693	22034	0.0	10907
AP028406_pTET	AP025988_pTET	97.587	4974	115	4	35266	40237	40719	45689	0.0	8516
AP028406_pTET	AP025988_pTET	83.333	108	10	6	17150	17256	17589	17689	1.43e-18	93.5
AP028406_pTET	AP025988_pTET	83.333	108	10	6	16988	17088	17751	17857	1.43e-18	93.5
AP028406_pTET	CP017861_pTET	99.666	13754	44	2	21420	35173	24283	38034	0.0	25143
AP028406_pTET	CP017861_pTET	96.343	15067	476	45	1	15045	1	15014	0.0	24701
AP028406_pTET	CP017861_pTET	97.746	6344	138	5	15092	21432	15671	22012	0.0	10918
AP028406_pTET	CP017861_pTET	99.336	4973	30	2	35266	40237	38107	43077	0.0	8997
AP028406_pTET	CP017861_pTET	83.333	108	10	6	17150	17256	17567	17667	1.43e-18	93.5
AP028406_pTET	CP017861_pTET	83.333	108	10	6	16988	17088	17729	17835	1.43e-18	93.5
AY394560_pTET	CP011017_pTET	99.262	24651	159	11	15004	39636	15141	39786	0.0	44492
AY394560_pTET	CP011017_pTET	95.730	15104	531	89	1	15044	1	15050	0.0	24214
AY394560_pTET	CP011017_pTET	99.538	4979	12	3	39729	44707	39859	44826	0.0	9057
AY394560_pTET	CP011017_pTET	83.333	108	10	6	17150	17256	17128	17228	1.59e-18	93.5
AY394560_pTET	CP011017_pTET	83.333	108	10	6	16988	17088	17290	17396	1.59e-18	93.5
AY394560_pTET	CP011017_pTET	91.667	60	4	1	23219	23278	23271	23329	3.43e-15	82.4
AY394560_pTET	CP011017_pTET	91.667	60	4	1	23120	23178	23370	23429	3.43e-15	82.4
AY394560_pTET	ON101335_pTET	99.418	22500	114	7	17150	39636	17128	39623	0.0	40808
AY394560_pTET	ON101335_pTET	95.730	15104	531	89	1	15044	1	15050	0.0	24214
AY394560_pTET	ON101335_pTET	99.518	4979	13	3	39729	44707	39696	44663	0.0	9051
AY394560_pTET	ON101335_pTET	96.662	2097	55	11	15004	17088	15141	17234	0.0	3470
AY394560_pTET	ON101335_pTET	91.667	60	4	1	23219	23278	23109	23167	3.43e-15	82.4
AY394560_pTET	ON101335_pTET	91.667	60	4	1	23120	23178	23208	23267	3.43e-15	82.4
AY394560_pTET	AP028406_pTET	99.874	21404	26	1	1	21404	1	21403	0.0	39375
AY394560_pTET	AP028406_pTET	99.793	18810	38	1	25883	44692	21420	40228	0.0	34518
AY394560_pTET	AP028406_pTET	93.506	77	5	0	39623	39699	5554	5630	3.38e-25	115
AY394560_pTET	AP028406_pTET	93.506	77	5	0	5554	5630	35160	35236	3.38e-25	115
AY394560_pTET	AP028406_pTET	83.333	108	10	6	17150	17256	16988	17088	1.59e-18	93.5
AY394560_pTET	AP028406_pTET	83.333	108	10	6	16988	17088	17150	17256	1.59e-18	93.5
AY394560_pTET	CP030889_pTET	99.976	21166	4	1	23543	44707	21103	42268	0.0	39057
AY394560_pTET	CP030889_pTET	99.414	16395	10	76	5899	22277	4785	21109	0.0	29665
AY394560_pTET	CP030889_pTET	98.471	4841	14	58	1	4838	1	4784	0.0	8475
AY394560_pTET	CP030889_pTET	93.506	77	5	0	5554	5630	37184	37260	3.38e-25	115
AY394560_pTET	CP030889_pTET	83.333	108	10	6	17150	17256	15809	15909	1.59e-18	93.5
AY394560_pTET	CP030889_pTET	83.333	108	10	6	16988	17088	15971	16077	1.59e-18	93.5
AY394560_pTET	CP048762_pTET	99.203	21317	134	9	1	21314	1	21284	0.0	38391
AY394560_pTET	CP048762_pTET	99.826	18342	31	1	26366	44707	29663	48003	0.0	33693
AY394560_pTET	CP048762_pTET	96.698	424	14	0	25081	25504	29226	29649	0.0	706
AY394560_pTET	CP048762_pTET	96.701	394	1	2	21219	21600	28561	28954	0.0	645
AY394560_pTET	CP048762_pTET	93.506	77	5	0	39623	39699	5554	5630	3.38e-25	115
AY394560_pTET	CP048762_pTET	93.506	77	5	0	5554	5630	42919	42995	3.38e-25	115
AY394560_pTET	CP048762_pTET	83.333	108	10	6	17150	17256	16989	17089	1.59e-18	93.5
AY394560_pTET	CP048762_pTET	83.333	108	10	6	16988	17088	17151	17257	1.59e-18	93.5
AY394560_pTET	CP172365_pTET	99.457	19708	82	22	24988	44692	23483	43168	0.0	35778
AY394560_pTET	CP172365_pTET	97.480	11271	275	2	3784	15045	3867	15137	0.0	19232
AY394560_pTET	CP172365_pTET	97.624	7154	139	25	15092	22232	15794	22929	0.0	12240
AY394560_pTET	CP172365_pTET	95.573	3366	144	5	1	3364	1	3363	0.0	5385
AY394560_pTET	CP172365_pTET	97.818	275	0	6	24722	24996	22930	23198	6.27e-132	470
AY394560_pTET	CP172365_pTET	94.805	77	4	0	39623	39699	5646	5722	7.27e-27	121
AY394560_pTET	CP172365_pTET	93.506	77	5	0	5554	5630	38099	38175	3.38e-25	115
AY394560_pTET	CP172365_pTET	83.333	108	10	6	17150	17256	17690	17790	1.59e-18	93.5
AY394560_pTET	CP172365_pTET	83.333	108	10	6	16988	17088	17852	17958	1.59e-18	93.5
AY394560_pTET	SC1704_pTET	98.870	17348	168	15	1	17344	1	17324	0.0	30925
AY394560_pTET	SC1704_pTET	99.747	13424	33	1	26365	39788	18417	31839	0.0	24600
AY394560_pTET	SC1704_pTET	98.778	4908	51	2	39785	44692	35270	40168	0.0	8722
AY394560_pTET	SC1704_pTET	96.162	2866	95	5	18994	21846	34698	31835	0.0	4669
AY394560_pTET	SC1704_pTET	94.142	239	13	1	24756	24993	17956	18194	1.09e-99	363
AY394560_pTET	SC1704_pTET	95.263	190	8	1	18824	19013	17335	17523	8.70e-81	300
AY394560_pTET	SC1704_pTET	93.506	77	5	0	39623	39699	5545	5621	3.38e-25	115
AY394560_pTET	SC1704_pTET	93.506	77	5	0	5554	5630	31674	31750	3.38e-25	115
AY394560_pTET	SC1704_pTET	83.333	108	10	6	16988	17088	17130	17236	1.59e-18	93.5
AY394560_pTET	OQ553941_pTET	99.859	16275	21	2	23362	39636	23157	39429	0.0	29926
AY394560_pTET	OQ553941_pTET	95.723	15104	532	89	1	15044	1	15050	0.0	24208
AY394560_pTET	OQ553941_pTET	98.212	5983	92	5	17150	23119	17128	23108	0.0	10442
AY394560_pTET	OQ553941_pTET	99.538	4979	12	3	39729	44707	39502	44469	0.0	9057
AY394560_pTET	OQ553941_pTET	96.662	2097	55	11	15004	17088	15141	17234	0.0	3470
AY394560_pTET	OQ553941_pTET	100.000	52	0	0	23239	23290	23109	23160	1.23e-19	97.1
AY394560_pTET	OQ553941_pTET	100.000	40	0	0	23139	23178	23109	23148	5.74e-13	75.0
AY394560_pTET	AP025988_pTET	99.768	14651	31	3	24988	39636	25997	40646	0.0	26864
AY394560_pTET	AP025988_pTET	95.541	15071	611	49	1	15045	1	15036	0.0	24051
AY394560_pTET	AP025988_pTET	98.146	8200	137	5	15092	23278	15693	23890	0.0	14286
AY394560_pTET	AP025988_pTET	97.200	4965	135	3	39729	44692	40719	45680	0.0	8395
AY394560_pTET	AP025988_pTET	99.627	1878	6	1	23120	24996	23831	25708	0.0	3428
AY394560_pTET	AP025988_pTET	83.333	108	10	6	17150	17256	17589	17689	1.59e-18	93.5
AY394560_pTET	AP025988_pTET	83.333	108	10	6	16988	17088	17751	17857	1.59e-18	93.5
AY394560_pTET	AP025988_pTET	91.667	60	4	1	23219	23278	23732	23790	3.43e-15	82.4
AY394560_pTET	AP025988_pTET	91.667	60	4	1	23120	23178	23931	23990	3.43e-15	82.4
AY394560_pTET	CP017861_pTET	99.761	14651	31	4	24988	39636	23386	38034	0.0	26858
AY394560_pTET	CP017861_pTET	96.416	15067	465	45	1	15045	1	15014	0.0	24762
AY394560_pTET	CP017861_pTET	97.861	7154	138	5	15092	22232	15671	22822	0.0	12349
AY394560_pTET	CP017861_pTET	98.952	4964	50	1	39729	44692	38107	43068	0.0	8877
AY394560_pTET	CP017861_pTET	100.000	275	0	0	24722	24996	22823	23097	1.33e-143	508
AY394560_pTET	CP017861_pTET	83.333	108	10	6	17150	17256	17567	17667	1.59e-18	93.5
AY394560_pTET	CP017861_pTET	83.333	108	10	6	16988	17088	17729	17835	1.59e-18	93.5
CP011017_pTET	ON101335_pTET	99.975	27537	6	1	17290	44826	17128	44663	0.0	50811
CP011017_pTET	ON101335_pTET	99.890	17235	11	6	1	17228	1	17234	0.0	31715
CP011017_pTET	ON101335_pTET	96.471	85	1	2	39768	39850	5539	5623	2.01e-32	139
CP011017_pTET	ON101335_pTET	96.471	85	1	2	5539	5623	39605	39687	2.01e-32	139
CP011017_pTET	ON101335_pTET	91.667	60	4	1	23370	23429	23109	23167	3.44e-15	82.4
CP011017_pTET	ON101335_pTET	91.667	60	4	1	23271	23329	23208	23267	3.44e-15	82.4
CP011017_pTET	AY394560_pTET	99.262	24651	159	11	15141	39786	15004	39636	0.0	44492
CP011017_pTET	AY394560_pTET	95.730	15104	531	89	1	15050	1	15044	0.0	24214
CP011017_pTET	AY394560_pTET	99.538	4979	12	3	39859	44826	39729	44707	0.0	9057
CP011017_pTET	AY394560_pTET	83.333	108	10	6	17290	17396	16988	17088	1.59e-18	93.5
CP011017_pTET	AY394560_pTET	83.333	108	10	6	17128	17228	17150	17256	1.59e-18	93.5
CP011017_pTET	AY394560_pTET	91.667	60	4	1	23370	23429	23120	23178	3.44e-15	82.4
CP011017_pTET	AY394560_pTET	91.667	60	4	1	23271	23329	23219	23278	3.44e-15	82.4
CP011017_pTET	OQ553941_pTET	99.986	21314	2	1	23513	44826	23157	44469	0.0	39342
CP011017_pTET	OQ553941_pTET	99.884	17235	12	6	1	17228	1	17234	0.0	31709
CP011017_pTET	OQ553941_pTET	99.967	5981	2	0	17290	23270	17128	23108	0.0	11034
CP011017_pTET	OQ553941_pTET	96.471	85	1	2	39768	39850	5539	5623	2.01e-32	139
CP011017_pTET	OQ553941_pTET	96.471	85	1	2	5539	5623	39411	39493	2.01e-32	139
CP011017_pTET	OQ553941_pTET	100.000	52	0	0	23390	23441	23109	23160	1.23e-19	97.1
CP011017_pTET	OQ553941_pTET	100.000	40	0	0	23290	23329	23109	23148	5.76e-13	75.0
CP011017_pTET	CP017861_pTET	99.451	19684	96	5	25139	44811	23386	43068	0.0	35741
CP011017_pTET	CP017861_pTET	95.215	15088	625	61	1	15058	1	15021	0.0	23773
CP011017_pTET	CP017861_pTET	99.609	7152	28	0	15232	22383	15671	22822	0.0	13053
CP011017_pTET	CP017861_pTET	100.000	273	0	0	24873	25145	22823	23095	1.72e-142	505
CP011017_pTET	CP017861_pTET	96.471	85	1	2	39768	39850	5539	5623	2.01e-32	139
CP011017_pTET	CP017861_pTET	96.471	85	1	2	5539	5623	38016	38098	2.01e-32	139
CP011017_pTET	CP017861_pTET	83.333	108	10	6	17290	17396	17567	17667	1.59e-18	93.5
CP011017_pTET	CP017861_pTET	83.333	108	10	6	17128	17228	17729	17835	1.59e-18	93.5
CP011017_pTET	AP025988_pTET	99.030	19685	178	6	25139	44811	25997	45680	0.0	35281
CP011017_pTET	AP025988_pTET	94.453	15090	758	61	1	15058	1	15043	0.0	23156
CP011017_pTET	AP025988_pTET	99.524	8198	39	0	15232	23429	15693	23890	0.0	14923
CP011017_pTET	AP025988_pTET	99.627	1876	6	1	23271	25145	23831	25706	0.0	3424
CP011017_pTET	AP025988_pTET	96.471	85	1	2	39768	39850	5539	5623	2.01e-32	139
CP011017_pTET	AP025988_pTET	96.471	85	1	2	5539	5623	40628	40710	2.01e-32	139
CP011017_pTET	AP025988_pTET	83.333	108	10	6	17290	17396	17589	17689	1.59e-18	93.5
CP011017_pTET	AP025988_pTET	83.333	108	10	6	17128	17228	17751	17857	1.59e-18	93.5
CP011017_pTET	AP025988_pTET	91.667	60	4	1	23370	23429	23732	23790	3.44e-15	82.4
CP011017_pTET	AP025988_pTET	91.667	60	4	1	23271	23329	23931	23990	3.44e-15	82.4
CP011017_pTET	CP030889_pTET	99.845	16095	23	2	23694	39786	21103	37197	0.0	29582
CP011017_pTET	CP030889_pTET	94.334	9195	374	132	5889	15050	4785	13865	0.0	13958
CP011017_pTET	CP030889_pTET	97.902	7292	142	9	15141	22428	13825	21109	0.0	12608
CP011017_pTET	CP030889_pTET	99.538	4979	12	3	39859	44826	37290	42268	0.0	9057
CP011017_pTET	CP030889_pTET	96.095	4840	122	63	1	4829	1	4784	0.0	7829
CP011017_pTET	CP030889_pTET	83.333	108	10	6	17290	17396	15809	15909	1.59e-18	93.5
CP011017_pTET	CP030889_pTET	83.333	108	10	6	17128	17228	15971	16077	1.59e-18	93.5
CP011017_pTET	CP172365_pTET	99.543	14651	43	21	25139	39786	23483	38112	0.0	26663
CP011017_pTET	CP172365_pTET	93.982	11332	580	73	3775	15058	3867	15144	0.0	17054
CP011017_pTET	CP172365_pTET	99.329	7154	28	19	15232	22383	15794	22929	0.0	12927
CP011017_pTET	CP172365_pTET	98.709	4957	55	2	39864	44811	38212	43168	0.0	8791
CP011017_pTET	CP172365_pTET	93.616	3368	197	16	1	3355	1	3363	0.0	5012
CP011017_pTET	CP172365_pTET	97.802	273	0	6	24873	25145	22930	23196	8.13e-131	466
CP011017_pTET	CP172365_pTET	83.333	108	10	6	17290	17396	17690	17790	1.59e-18	93.5
CP011017_pTET	CP172365_pTET	83.333	108	10	6	17128	17228	17852	17958	1.59e-18	93.5
CP011017_pTET	AP028406_pTET	99.847	13754	20	1	26034	39786	21420	35173	0.0	25281
CP011017_pTET	AP028406_pTET	95.604	15104	550	89	1	15050	1	15044	0.0	24109
CP011017_pTET	AP028406_pTET	97.608	6437	142	10	15141	21573	15004	21432	0.0	11023
CP011017_pTET	AP028406_pTET	99.033	4964	36	4	39859	44811	35266	40228	0.0	8890
CP011017_pTET	AP028406_pTET	83.333	108	10	6	17290	17396	16988	17088	1.59e-18	93.5
CP011017_pTET	AP028406_pTET	83.333	108	10	6	17128	17228	17150	17256	1.59e-18	93.5
CP011017_pTET	SC1704_pTET	96.587	15089	411	72	1	15050	1	15024	0.0	24916
CP011017_pTET	SC1704_pTET	99.751	13271	33	0	26516	39786	18417	31687	0.0	24325
CP011017_pTET	SC1704_pTET	99.081	4899	45	0	39913	44811	35270	40168	0.0	8798
CP011017_pTET	SC1704_pTET	99.546	2864	13	0	19134	21997	34698	31835	0.0	5217
CP011017_pTET	SC1704_pTET	96.888	2346	66	5	15141	17484	14984	17324	0.0	3921
CP011017_pTET	SC1704_pTET	94.142	239	13	1	24907	25144	17956	18194	1.10e-99	363
CP011017_pTET	SC1704_pTET	95.263	190	8	1	18964	19153	17335	17523	8.73e-81	300
CP011017_pTET	SC1704_pTET	83.333	108	10	6	17128	17228	17130	17236	1.59e-18	93.5
CP011017_pTET	CP048762_pTET	99.706	13271	37	2	26517	39786	29663	42932	0.0	24290
CP011017_pTET	CP048762_pTET	95.644	15104	544	89	1	15050	1	15044	0.0	24142
CP011017_pTET	CP048762_pTET	98.639	6317	47	9	15141	21454	15004	21284	0.0	11153
CP011017_pTET	CP048762_pTET	99.538	4979	12	3	39859	44826	43025	48003	0.0	9057
CP011017_pTET	CP048762_pTET	99.492	394	1	1	21359	21751	28561	28954	0.0	715
CP011017_pTET	CP048762_pTET	96.698	424	14	0	25232	25655	29226	29649	0.0	706
CP011017_pTET	CP048762_pTET	83.333	108	10	6	17290	17396	16989	17089	1.59e-18	93.5
CP011017_pTET	CP048762_pTET	83.333	108	10	6	17128	17228	17151	17257	1.59e-18	93.5
CP017861_pTET	CP172365_pTET	99.009	34311	224	76	3775	38034	3867	38112	0.0	61370
CP017861_pTET	CP172365_pTET	99.356	4966	32	0	38112	43077	38212	43177	0.0	8994
CP017861_pTET	CP172365_pTET	94.804	3368	157	16	1	3355	1	3363	0.0	5234
CP017861_pTET	CP172365_pTET	83.333	108	10	6	17729	17835	17690	17790	1.53e-18	93.5
CP017861_pTET	CP172365_pTET	83.333	108	10	6	17567	17667	17852	17958	1.53e-18	93.5
CP017861_pTET	AP025988_pTET	98.928	22847	217	6	1	22822	1	22844	0.0	40808
CP017861_pTET	AP025988_pTET	99.432	20257	112	3	22823	43077	25434	45689	0.0	36767
CP017861_pTET	AP025988_pTET	96.471	85	1	2	38016	38098	5539	5623	1.93e-32	139
CP017861_pTET	AP025988_pTET	96.471	85	1	2	5539	5623	40628	40710	1.93e-32	139
CP017861_pTET	AP025988_pTET	83.333	108	10	6	17729	17835	17589	17689	1.53e-18	93.5
CP017861_pTET	AP025988_pTET	83.333	108	10	6	17567	17667	17751	17857	1.53e-18	93.5
CP017861_pTET	OQ553941_pTET	99.461	19683	95	4	23386	43068	24783	44454	0.0	35750
CP017861_pTET	OQ553941_pTET	95.208	15088	626	61	1	15021	1	15058	0.0	23767
CP017861_pTET	OQ553941_pTET	99.784	5094	11	0	17729	22822	17128	22221	0.0	9347
CP017861_pTET	OQ553941_pTET	98.204	2004	28	6	15671	17667	15232	17234	0.0	3494
CP017861_pTET	OQ553941_pTET	100.000	273	0	0	22823	23095	24517	24789	1.66e-142	505
CP017861_pTET	OQ553941_pTET	96.471	85	1	2	38016	38098	5539	5623	1.93e-32	139
CP017861_pTET	OQ553941_pTET	96.471	85	1	2	5539	5623	39411	39493	1.93e-32	139
CP017861_pTET	ON101335_pTET	99.456	19683	96	4	23386	43068	24977	44648	0.0	35744
CP017861_pTET	ON101335_pTET	95.215	15088	625	61	1	15021	1	15058	0.0	23773
CP017861_pTET	ON101335_pTET	99.804	5094	10	0	17729	22822	17128	22221	0.0	9352
CP017861_pTET	ON101335_pTET	98.204	2004	28	6	15671	17667	15232	17234	0.0	3494
CP017861_pTET	ON101335_pTET	100.000	273	0	0	22823	23095	24711	24983	1.66e-142	505
CP017861_pTET	ON101335_pTET	96.471	85	1	2	38016	38098	5539	5623	1.93e-32	139
CP017861_pTET	ON101335_pTET	96.471	85	1	2	5539	5623	39605	39687	1.93e-32	139
CP017861_pTET	CP011017_pTET	99.451	19684	96	5	23386	43068	25139	44811	0.0	35741
CP017861_pTET	CP011017_pTET	95.215	15088	625	61	1	15021	1	15058	0.0	23773
CP017861_pTET	CP011017_pTET	99.609	7152	28	0	15671	22822	15232	22383	0.0	13053
CP017861_pTET	CP011017_pTET	100.000	273	0	0	22823	23095	24873	25145	1.66e-142	505
CP017861_pTET	CP011017_pTET	96.471	85	1	2	38016	38098	5539	5623	1.93e-32	139
CP017861_pTET	CP011017_pTET	96.471	85	1	2	5539	5623	39768	39850	1.93e-32	139
CP017861_pTET	CP011017_pTET	83.333	108	10	6	17729	17835	17128	17228	1.53e-18	93.5
CP017861_pTET	CP011017_pTET	83.333	108	10	6	17567	17667	17290	17396	1.53e-18	93.5
CP017861_pTET	AY394560_pTET	99.761	14651	31	4	23386	38034	24988	39636	0.0	26858
CP017861_pTET	AY394560_pTET	96.416	15067	465	45	1	15014	1	15045	0.0	24762
CP017861_pTET	AY394560_pTET	97.861	7154	138	5	15671	22822	15092	22232	0.0	12349
CP017861_pTET	AY394560_pTET	98.952	4964	50	1	38107	43068	39729	44692	0.0	8877
CP017861_pTET	AY394560_pTET	100.000	275	0	0	22823	23097	24722	24996	1.28e-143	508
CP017861_pTET	AY394560_pTET	83.333	108	10	6	17729	17835	16988	17088	1.53e-18	93.5
CP017861_pTET	AY394560_pTET	83.333	108	10	6	17567	17667	17150	17256	1.53e-18	93.5
CP017861_pTET	CP030889_pTET	99.741	14652	33	5	23386	38034	22548	37197	0.0	26842
CP017861_pTET	CP030889_pTET	96.003	9156	262	87	5889	15014	4785	13866	0.0	14785
CP017861_pTET	CP030889_pTET	98.001	7154	139	4	15671	22822	13913	21064	0.0	12416
CP017861_pTET	CP030889_pTET	98.952	4964	50	1	38107	43068	37290	42253	0.0	8877
CP017861_pTET	CP030889_pTET	95.289	4840	161	63	1	4829	1	4784	0.0	7613
CP017861_pTET	CP030889_pTET	100.000	275	0	0	22823	23097	22282	22556	1.28e-143	508
CP017861_pTET	CP030889_pTET	83.333	108	10	6	17729	17835	15809	15909	1.53e-18	93.5
CP017861_pTET	CP030889_pTET	83.333	108	10	6	17567	17667	15971	16077	1.53e-18	93.5
CP017861_pTET	AP028406_pTET	99.666	13754	44	2	24283	38034	21420	35173	0.0	25143
CP017861_pTET	AP028406_pTET	96.343	15067	476	45	1	15014	1	15045	0.0	24701
CP017861_pTET	AP028406_pTET	97.746	6344	138	5	15671	22012	15092	21432	0.0	10918
CP017861_pTET	AP028406_pTET	99.336	4973	30	2	38107	43077	35266	40237	0.0	8997
CP017861_pTET	AP028406_pTET	83.333	108	10	6	17729	17835	16988	17088	1.53e-18	93.5
CP017861_pTET	AP028406_pTET	83.333	108	10	6	17567	17667	17150	17256	1.53e-18	93.5
CP017861_pTET	SC1704_pTET	96.645	15052	440	28	1	15014	1	15025	0.0	24938
CP017861_pTET	SC1704_pTET	99.518	13271	63	1	24765	38034	18417	31687	0.0	24151
CP017861_pTET	SC1704_pTET	99.431	4917	19	2	38161	43077	35270	40177	0.0	8916
CP017861_pTET	SC1704_pTET	99.511	2864	14	0	19573	22436	34698	31835	0.0	5212
CP017861_pTET	SC1704_pTET	97.470	2253	57	0	15671	17923	15072	17324	0.0	3845
CP017861_pTET	SC1704_pTET	94.612	464	24	1	22857	23319	17956	18419	0.0	717
CP017861_pTET	SC1704_pTET	95.263	190	8	1	19403	19592	17335	17523	8.39e-81	300
CP017861_pTET	SC1704_pTET	83.333	108	10	6	17567	17667	17130	17236	1.53e-18	93.5
CP017861_pTET	CP048762_pTET	96.330	15067	478	45	1	15014	1	15045	0.0	24690
CP017861_pTET	CP048762_pTET	99.548	13270	59	1	24766	38034	29663	42932	0.0	24171
CP017861_pTET	CP048762_pTET	98.747	6224	46	4	15671	21893	15092	21284	0.0	11033
CP017861_pTET	CP048762_pTET	98.952	4964	50	1	38107	43068	43025	47988	0.0	8877
CP017861_pTET	CP048762_pTET	99.492	394	1	1	21798	22190	28561	28954	0.0	715
CP017861_pTET	CP048762_pTET	96.698	424	14	0	23481	23904	29226	29649	0.0	706
CP017861_pTET	CP048762_pTET	83.333	108	10	6	17729	17835	16989	17089	1.53e-18	93.5
CP017861_pTET	CP048762_pTET	83.333	108	10	6	17567	17667	17151	17257	1.53e-18	93.5
CP030889_pTET	AY394560_pTET	99.976	21166	4	1	21103	42268	23543	44707	0.0	39057
CP030889_pTET	AY394560_pTET	99.414	16395	10	76	4785	21109	5899	22277	0.0	29665
CP030889_pTET	AY394560_pTET	98.471	4841	14	58	1	4784	1	4838	0.0	8475
CP030889_pTET	AY394560_pTET	93.506	77	5	0	37184	37260	5554	5630	3.20e-25	115
CP030889_pTET	AY394560_pTET	83.333	108	10	6	15971	16077	16988	17088	1.50e-18	93.5
CP030889_pTET	AY394560_pTET	83.333	108	10	6	15809	15909	17150	17256	1.50e-18	93.5
CP030889_pTET	CP172365_pTET	99.442	19709	84	23	22548	42253	23483	43168	0.0	35763
CP030889_pTET	CP172365_pTET	97.247	9152	177	75	4785	13866	5991	15137	0.0	15435
CP030889_pTET	CP172365_pTET	97.722	7156	139	23	13913	21064	15794	22929	0.0	12290
CP030889_pTET	CP172365_pTET	94.715	3368	149	29	1	3344	1	3363	0.0	5206
CP030889_pTET	CP172365_pTET	90.516	1065	65	28	3755	4784	3867	4930	0.0	1375
CP030889_pTET	CP172365_pTET	97.818	275	0	6	22282	22556	22930	23198	5.93e-132	470
CP030889_pTET	CP172365_pTET	94.805	77	4	0	37184	37260	5646	5722	6.88e-27	121
CP030889_pTET	CP172365_pTET	83.333	108	10	6	15971	16077	17690	17790	1.50e-18	93.5
CP030889_pTET	CP172365_pTET	83.333	108	10	6	15809	15909	17852	17958	1.50e-18	93.5
CP030889_pTET	AP028406_pTET	99.777	18811	40	2	23443	42253	21420	40228	0.0	34503
CP030889_pTET	AP028406_pTET	99.350	15540	25	76	4785	20254	5899	21432	0.0	28068
CP030889_pTET	AP028406_pTET	98.389	4841	18	58	1	4784	1	4838	0.0	8453
CP030889_pTET	AP028406_pTET	93.506	77	5	0	37184	37260	5554	5630	3.20e-25	115
CP030889_pTET	AP028406_pTET	83.333	108	10	6	15971	16077	16988	17088	1.50e-18	93.5
CP030889_pTET	AP028406_pTET	83.333	108	10	6	15809	15909	17150	17256	1.50e-18	93.5
CP030889_pTET	CP048762_pTET	99.809	18343	33	2	23926	42268	29663	48003	0.0	33678
CP030889_pTET	CP048762_pTET	98.405	15424	135	84	4785	20135	5899	21284	0.0	27017
CP030889_pTET	CP048762_pTET	98.389	4841	18	58	1	4784	1	4838	0.0	8453
CP030889_pTET	CP048762_pTET	99.492	394	1	1	20040	20432	28561	28954	0.0	715
CP030889_pTET	CP048762_pTET	96.698	424	14	0	22641	23064	29226	29649	0.0	706
CP030889_pTET	CP048762_pTET	93.506	77	5	0	37184	37260	5554	5630	3.20e-25	115
CP030889_pTET	CP048762_pTET	83.333	108	10	6	15971	16077	16989	17089	1.50e-18	93.5
CP030889_pTET	CP048762_pTET	83.333	108	10	6	15809	15909	17151	17257	1.50e-18	93.5
CP030889_pTET	CP011017_pTET	99.845	16095	23	2	21103	37197	23694	39786	0.0	29582
CP030889_pTET	CP011017_pTET	94.334	9195	374	132	4785	13865	5889	15050	0.0	13958
CP030889_pTET	CP011017_pTET	97.902	7292	142	9	13825	21109	15141	22428	0.0	12608
CP030889_pTET	CP011017_pTET	99.538	4979	12	3	37290	42268	39859	44826	0.0	9057
CP030889_pTET	CP011017_pTET	96.095	4840	122	62	1	4784	1	4829	0.0	7829
CP030889_pTET	CP011017_pTET	83.333	108	10	6	15971	16077	17128	17228	1.50e-18	93.5
CP030889_pTET	CP011017_pTET	83.333	108	10	6	15809	15909	17290	17396	1.50e-18	93.5
CP030889_pTET	OQ553941_pTET	99.838	16095	23	3	21103	37197	23338	39429	0.0	29575
CP030889_pTET	OQ553941_pTET	94.334	9195	374	132	4785	13865	5889	15050	0.0	13958
CP030889_pTET	OQ553941_pTET	99.538	4979	12	3	37290	42268	39502	44469	0.0	9057
CP030889_pTET	OQ553941_pTET	98.055	5141	96	4	15971	21109	17128	22266	0.0	8937
CP030889_pTET	OQ553941_pTET	96.074	4840	123	62	1	4784	1	4829	0.0	7823
CP030889_pTET	OQ553941_pTET	96.662	2097	55	11	13825	15909	15141	17234	0.0	3470
CP030889_pTET	ON101335_pTET	99.838	16095	23	3	21103	37197	23532	39623	0.0	29575
CP030889_pTET	ON101335_pTET	94.334	9195	374	132	4785	13865	5889	15050	0.0	13958
CP030889_pTET	ON101335_pTET	99.518	4979	13	3	37290	42268	39696	44663	0.0	9051
CP030889_pTET	ON101335_pTET	98.035	5141	97	4	15971	21109	17128	22266	0.0	8931
CP030889_pTET	ON101335_pTET	96.095	4840	122	62	1	4784	1	4829	0.0	7829
CP030889_pTET	ON101335_pTET	96.662	2097	55	11	13825	15909	15141	17234	0.0	3470
CP030889_pTET	AP025988_pTET	99.761	14652	31	4	22548	37197	25997	40646	0.0	26860
CP030889_pTET	AP025988_pTET	94.543	9162	406	91	4785	13866	5889	15036	0.0	14063
CP030889_pTET	AP025988_pTET	98.028	7199	138	4	13913	21109	15693	22889	0.0	12504
CP030889_pTET	AP025988_pTET	97.200	4965	135	3	37290	42253	40719	45680	0.0	8395
CP030889_pTET	AP025988_pTET	95.289	4840	161	62	1	4784	1	4829	0.0	7613
CP030889_pTET	AP025988_pTET	99.725	1454	4	0	21103	22556	24255	25708	0.0	2663
CP030889_pTET	AP025988_pTET	83.333	108	10	6	15971	16077	17589	17689	1.50e-18	93.5
CP030889_pTET	AP025988_pTET	83.333	108	10	6	15809	15909	17751	17857	1.50e-18	93.5
CP030889_pTET	CP017861_pTET	99.741	14652	33	5	22548	37197	23386	38034	0.0	26842
CP030889_pTET	CP017861_pTET	96.003	9156	262	87	4785	13866	5889	15014	0.0	14785
CP030889_pTET	CP017861_pTET	98.001	7154	139	4	13913	21064	15671	22822	0.0	12416
CP030889_pTET	CP017861_pTET	98.952	4964	50	1	37290	42253	38107	43068	0.0	8877
CP030889_pTET	CP017861_pTET	95.289	4840	161	62	1	4784	1	4829	0.0	7613
CP030889_pTET	CP017861_pTET	100.000	275	0	0	22282	22556	22823	23097	1.26e-143	508
CP030889_pTET	CP017861_pTET	83.333	108	10	6	15971	16077	17567	17667	1.50e-18	93.5
CP030889_pTET	CP017861_pTET	83.333	108	10	6	15809	15909	17729	17835	1.50e-18	93.5
CP030889_pTET	SC1704_pTET	99.724	13425	35	2	23925	37349	18417	31839	0.0	24585
CP030889_pTET	SC1704_pTET	98.891	11451	41	76	4785	16165	5890	17324	0.0	20364
CP030889_pTET	SC1704_pTET	98.778	4908	51	2	37346	42253	35270	40168	0.0	8722
CP030889_pTET	SC1704_pTET	95.950	4840	129	62	1	4784	1	4829	0.0	7790
CP030889_pTET	SC1704_pTET	96.476	2866	97	4	17815	20678	34698	31835	0.0	4730
CP030889_pTET	SC1704_pTET	94.142	239	13	1	22316	22553	17956	18194	1.03e-99	363
CP030889_pTET	SC1704_pTET	95.263	190	8	1	17645	17834	17335	17523	8.23e-81	300
CP030889_pTET	SC1704_pTET	93.506	77	5	0	37184	37260	5545	5621	3.20e-25	115
CP030889_pTET	SC1704_pTET	83.333	108	10	6	15809	15909	17130	17236	1.50e-18	93.5
CP048762_pTET	AY394560_pTET	99.203	21317	134	9	1	21284	1	21314	0.0	38391
CP048762_pTET	AY394560_pTET	99.826	18342	31	1	29663	48003	26366	44707	0.0	33693
CP048762_pTET	AY394560_pTET	96.698	424	14	0	29226	29649	25081	25504	0.0	706
CP048762_pTET	AY394560_pTET	96.701	394	1	2	28561	28954	21219	21600	0.0	645
CP048762_pTET	AY394560_pTET	93.506	77	5	0	42919	42995	5554	5630	3.63e-25	115
CP048762_pTET	AY394560_pTET	93.506	77	5	0	5554	5630	39623	39699	3.63e-25	115
CP048762_pTET	AY394560_pTET	83.333	108	10	6	17151	17257	16988	17088	1.70e-18	93.5
CP048762_pTET	AY394560_pTET	83.333	108	10	6	16989	17089	17150	17256	1.70e-18	93.5
CP048762_pTET	AP028406_pTET	99.095	21317	156	10	1	21284	1	21313	0.0	38261
CP048762_pTET	AP028406_pTET	99.738	18327	46	2	29663	47988	21903	40228	0.0	33576
CP048762_pTET	AP028406_pTET	100.000	215	0	0	28561	28775	21218	21432	3.22e-110	398
CP048762_pTET	AP028406_pTET	93.506	77	5	0	42919	42995	5554	5630	3.63e-25	115
CP048762_pTET	AP028406_pTET	93.506	77	5	0	5554	5630	35160	35236	3.63e-25	115
CP048762_pTET	AP028406_pTET	83.333	108	10	6	17151	17257	16988	17088	1.70e-18	93.5
CP048762_pTET	AP028406_pTET	83.333	108	10	6	16989	17089	17150	17256	1.70e-18	93.5
CP048762_pTET	CP030889_pTET	99.809	18343	33	2	29663	48003	23926	42268	0.0	33678
CP048762_pTET	CP030889_pTET	98.405	15424	135	84	5899	21284	4785	20135	0.0	27017
CP048762_pTET	CP030889_pTET	98.389	4841	18	58	1	4838	1	4784	0.0	8453
CP048762_pTET	CP030889_pTET	99.492	394	1	1	28561	28954	20040	20432	0.0	715
CP048762_pTET	CP030889_pTET	96.698	424	14	0	29226	29649	22641	23064	0.0	706
CP048762_pTET	CP030889_pTET	93.506	77	5	0	5554	5630	37184	37260	3.63e-25	115
CP048762_pTET	CP030889_pTET	83.333	108	10	6	17151	17257	15809	15909	1.70e-18	93.5
CP048762_pTET	CP030889_pTET	83.333	108	10	6	16989	17089	15971	16077	1.70e-18	93.5
CP048762_pTET	CP172365_pTET	99.318	18328	110	14	29663	47988	24854	43168	0.0	33139
CP048762_pTET	CP172365_pTET	97.400	11271	284	2	3784	15045	3867	15137	0.0	19182
CP048762_pTET	CP172365_pTET	98.731	6224	46	5	15092	21284	15794	22015	0.0	11025
CP048762_pTET	CP172365_pTET	95.573	3366	144	5	1	3364	1	3363	0.0	5385
CP048762_pTET	CP172365_pTET	96.462	424	14	1	29226	29649	23578	24000	0.0	699
CP048762_pTET	CP172365_pTET	98.182	385	0	6	28561	28944	21920	22298	0.0	665
CP048762_pTET	CP172365_pTET	94.805	77	4	0	42919	42995	5646	5722	7.81e-27	121
CP048762_pTET	CP172365_pTET	93.506	77	5	0	5554	5630	38099	38175	3.63e-25	115
CP048762_pTET	CP172365_pTET	83.333	108	10	6	17151	17257	17690	17790	1.70e-18	93.5
CP048762_pTET	CP172365_pTET	83.333	108	10	6	16989	17089	17852	17958	1.70e-18	93.5
CP048762_pTET	SC1704_pTET	98.685	17341	199	16	1	17337	1	17316	0.0	30733
CP048762_pTET	SC1704_pTET	99.940	13423	6	2	29663	43084	18418	31839	0.0	24742
CP048762_pTET	SC1704_pTET	98.778	4908	51	2	43081	47988	35270	40168	0.0	8722
CP048762_pTET	SC1704_pTET	99.354	2321	15	0	18964	21284	34698	32378	0.0	4204
CP048762_pTET	SC1704_pTET	99.492	394	1	1	28561	28954	32473	32081	0.0	715
CP048762_pTET	SC1704_pTET	95.263	190	8	1	18794	18983	17335	17523	9.35e-81	300
CP048762_pTET	SC1704_pTET	93.506	77	5	0	42919	42995	5545	5621	3.63e-25	115
CP048762_pTET	SC1704_pTET	93.506	77	5	0	5554	5630	31674	31750	3.63e-25	115
CP048762_pTET	SC1704_pTET	83.333	108	10	6	16989	17089	17130	17236	1.70e-18	93.5
CP048762_pTET	CP017861_pTET	96.330	15067	478	45	1	15045	1	15014	0.0	24690
CP048762_pTET	CP017861_pTET	99.548	13270	59	1	29663	42932	24766	38034	0.0	24171
CP048762_pTET	CP017861_pTET	98.747	6224	46	4	15092	21284	15671	21893	0.0	11033
CP048762_pTET	CP017861_pTET	98.952	4964	50	1	43025	47988	38107	43068	0.0	8877
CP048762_pTET	CP017861_pTET	99.492	394	1	1	28561	28954	21798	22190	0.0	715
CP048762_pTET	CP017861_pTET	96.698	424	14	0	29226	29649	23481	23904	0.0	706
CP048762_pTET	CP017861_pTET	83.333	108	10	6	17151	17257	17567	17667	1.70e-18	93.5
CP048762_pTET	CP017861_pTET	83.333	108	10	6	16989	17089	17729	17835	1.70e-18	93.5
CP048762_pTET	OQ553941_pTET	99.721	13270	36	1	29663	42932	26161	39429	0.0	24299
CP048762_pTET	OQ553941_pTET	95.637	15104	545	89	1	15044	1	15050	0.0	24136
CP048762_pTET	OQ553941_pTET	99.538	4979	12	3	43025	48003	39502	44469	0.0	9057
CP048762_pTET	OQ553941_pTET	98.896	4165	15	3	17151	21284	17128	21292	0.0	7408
CP048762_pTET	OQ553941_pTET	97.283	2098	41	12	15004	17089	15141	17234	0.0	3544
CP048762_pTET	OQ553941_pTET	99.492	394	1	1	28561	28954	21197	21589	0.0	715
CP048762_pTET	OQ553941_pTET	96.698	424	14	0	29226	29649	24876	25299	0.0	706
CP048762_pTET	ON101335_pTET	99.721	13270	36	1	29663	42932	26355	39623	0.0	24299
CP048762_pTET	ON101335_pTET	95.644	15104	544	89	1	15044	1	15050	0.0	24142
CP048762_pTET	ON101335_pTET	99.518	4979	13	3	43025	48003	39696	44663	0.0	9051
CP048762_pTET	ON101335_pTET	98.920	4165	14	3	17151	21284	17128	21292	0.0	7413
CP048762_pTET	ON101335_pTET	97.283	2098	41	12	15004	17089	15141	17234	0.0	3544
CP048762_pTET	ON101335_pTET	99.492	394	1	1	28561	28954	21197	21589	0.0	715
CP048762_pTET	ON101335_pTET	96.698	424	14	0	29226	29649	25070	25493	0.0	706
CP048762_pTET	CP011017_pTET	99.706	13271	37	2	29663	42932	26517	39786	0.0	24290
CP048762_pTET	CP011017_pTET	95.644	15104	544	89	1	15044	1	15050	0.0	24142
CP048762_pTET	CP011017_pTET	98.639	6317	47	9	15004	21284	15141	21454	0.0	11153
CP048762_pTET	CP011017_pTET	99.538	4979	12	3	43025	48003	39859	44826	0.0	9057
CP048762_pTET	CP011017_pTET	99.492	394	1	1	28561	28954	21359	21751	0.0	715
CP048762_pTET	CP011017_pTET	96.698	424	14	0	29226	29649	25232	25655	0.0	706
CP048762_pTET	CP011017_pTET	83.333	108	10	6	17151	17257	17128	17228	1.70e-18	93.5
CP048762_pTET	CP011017_pTET	83.333	108	10	6	16989	17089	17290	17396	1.70e-18	93.5
CP048762_pTET	AP025988_pTET	99.540	13271	59	2	29663	42932	27377	40646	0.0	24168
CP048762_pTET	AP025988_pTET	95.475	15071	621	49	1	15045	1	15036	0.0	23996
CP048762_pTET	AP025988_pTET	98.731	6224	47	4	15092	21284	15693	21915	0.0	11027
CP048762_pTET	AP025988_pTET	97.200	4965	135	3	43025	47988	40719	45680	0.0	8395
CP048762_pTET	AP025988_pTET	99.492	394	1	1	28561	28954	21820	22212	0.0	715
CP048762_pTET	AP025988_pTET	96.462	424	15	0	29226	29649	26092	26515	0.0	701
CP048762_pTET	AP025988_pTET	83.333	108	10	6	17151	17257	17589	17689	1.70e-18	93.5
CP048762_pTET	AP025988_pTET	83.333	108	10	6	16989	17089	17751	17857	1.70e-18	93.5
CP172365_pTET	CP017861_pTET	99.009	34311	224	76	3867	38112	3775	38034	0.0	61370
CP172365_pTET	CP017861_pTET	99.356	4966	32	0	38212	43177	38112	43077	0.0	8994
CP172365_pTET	CP017861_pTET	94.804	3368	157	16	1	3363	1	3355	0.0	5234
CP172365_pTET	CP017861_pTET	83.333	108	10	6	17852	17958	17567	17667	1.53e-18	93.5
CP172365_pTET	CP017861_pTET	83.333	108	10	6	17690	17790	17729	17835	1.53e-18	93.5
CP172365_pTET	AY394560_pTET	99.457	19708	82	22	23483	43168	24988	44692	0.0	35778
CP172365_pTET	AY394560_pTET	97.480	11271	275	2	3867	15137	3784	15045	0.0	19232
CP172365_pTET	AY394560_pTET	97.624	7154	139	25	15794	22929	15092	22232	0.0	12240
CP172365_pTET	AY394560_pTET	95.573	3366	144	5	1	3363	1	3364	0.0	5385
CP172365_pTET	AY394560_pTET	97.818	275	0	6	22930	23198	24722	24996	6.06e-132	470
CP172365_pTET	AY394560_pTET	94.805	77	4	0	5646	5722	39623	39699	7.02e-27	121
CP172365_pTET	AY394560_pTET	93.506	77	5	0	38099	38175	5554	5630	3.27e-25	115
CP172365_pTET	AY394560_pTET	83.333	108	10	6	17852	17958	16988	17088	1.53e-18	93.5
CP172365_pTET	AY394560_pTET	83.333	108	10	6	17690	17790	17150	17256	1.53e-18	93.5
CP172365_pTET	CP030889_pTET	99.442	19709	84	23	23483	43168	22548	42253	0.0	35763
CP172365_pTET	CP030889_pTET	97.247	9152	177	75	5991	15137	4785	13866	0.0	15435
CP172365_pTET	CP030889_pTET	97.722	7156	139	23	15794	22929	13913	21064	0.0	12290
CP172365_pTET	CP030889_pTET	94.715	3368	149	29	1	3363	1	3344	0.0	5206
CP172365_pTET	CP030889_pTET	90.516	1065	65	28	3867	4930	3755	4784	0.0	1375
CP172365_pTET	CP030889_pTET	97.818	275	0	6	22930	23198	22282	22556	6.06e-132	470
CP172365_pTET	CP030889_pTET	94.805	77	4	0	5646	5722	37184	37260	7.02e-27	121
CP172365_pTET	CP030889_pTET	83.333	108	10	6	17852	17958	15809	15909	1.53e-18	93.5
CP172365_pTET	CP030889_pTET	83.333	108	10	6	17690	17790	15971	16077	1.53e-18	93.5
CP172365_pTET	AP028406_pTET	99.522	18820	72	17	24374	43177	21420	40237	0.0	34239
CP172365_pTET	AP028406_pTET	97.347	11271	290	2	3867	15137	3784	15045	0.0	19149
CP172365_pTET	AP028406_pTET	97.667	6345	138	10	15794	22132	15092	21432	0.0	10888
CP172365_pTET	AP028406_pTET	95.692	3366	140	5	1	3363	1	3364	0.0	5408
CP172365_pTET	AP028406_pTET	94.805	77	4	0	5646	5722	35160	35236	7.02e-27	121
CP172365_pTET	AP028406_pTET	93.506	77	5	0	38099	38175	5554	5630	3.27e-25	115
CP172365_pTET	AP028406_pTET	83.333	108	10	6	17852	17958	16988	17088	1.53e-18	93.5
CP172365_pTET	AP028406_pTET	83.333	108	10	6	17690	17790	17150	17256	1.53e-18	93.5
CP172365_pTET	CP048762_pTET	99.318	18328	110	14	24854	43168	29663	47988	0.0	33139
CP172365_pTET	CP048762_pTET	97.400	11271	284	2	3867	15137	3784	15045	0.0	19182
CP172365_pTET	CP048762_pTET	98.731	6224	46	5	15794	22015	15092	21284	0.0	11025
CP172365_pTET	CP048762_pTET	95.573	3366	144	5	1	3363	1	3364	0.0	5385
CP172365_pTET	CP048762_pTET	96.462	424	14	1	23578	24000	29226	29649	0.0	699
CP172365_pTET	CP048762_pTET	98.182	385	0	6	21920	22298	28561	28944	0.0	665
CP172365_pTET	CP048762_pTET	94.805	77	4	0	5646	5722	42919	42995	7.02e-27	121
CP172365_pTET	CP048762_pTET	93.506	77	5	0	38099	38175	5554	5630	3.27e-25	115
CP172365_pTET	CP048762_pTET	83.333	108	10	6	17852	17958	16989	17089	1.53e-18	93.5
CP172365_pTET	CP048762_pTET	83.333	108	10	6	17690	17790	17151	17257	1.53e-18	93.5
CP172365_pTET	AP025988_pTET	97.545	19101	400	51	3867	22929	3775	22844	0.0	32611
CP172365_pTET	AP025988_pTET	99.612	15214	27	28	22930	38112	25434	40646	0.0	27739
CP172365_pTET	AP025988_pTET	97.665	4967	114	2	38212	43177	40724	45689	0.0	8528
CP172365_pTET	AP025988_pTET	94.804	3368	157	16	1	3363	1	3355	0.0	5234
CP172365_pTET	AP025988_pTET	83.333	108	10	6	17852	17958	17589	17689	1.53e-18	93.5
CP172365_pTET	AP025988_pTET	83.333	108	10	6	17690	17790	17751	17857	1.53e-18	93.5
CP172365_pTET	CP011017_pTET	99.543	14651	43	21	23483	38112	25139	39786	0.0	26663
CP172365_pTET	CP011017_pTET	93.982	11332	580	73	3867	15144	3775	15058	0.0	17054
CP172365_pTET	CP011017_pTET	99.329	7154	28	19	15794	22929	15232	22383	0.0	12927
CP172365_pTET	CP011017_pTET	98.709	4957	55	2	38212	43168	39864	44811	0.0	8791
CP172365_pTET	CP011017_pTET	93.616	3368	197	16	1	3363	1	3355	0.0	5012
CP172365_pTET	CP011017_pTET	97.802	273	0	6	22930	23196	24873	25145	7.83e-131	466
CP172365_pTET	CP011017_pTET	83.333	108	10	6	17852	17958	17128	17228	1.53e-18	93.5
CP172365_pTET	CP011017_pTET	83.333	108	10	6	17690	17790	17290	17396	1.53e-18	93.5
CP172365_pTET	OQ553941_pTET	99.543	14651	42	22	23483	38112	24783	39429	0.0	26661
CP172365_pTET	OQ553941_pTET	93.982	11332	580	73	3867	15144	3775	15058	0.0	17054
CP172365_pTET	OQ553941_pTET	99.392	5096	11	19	17852	22929	17128	22221	0.0	9221
CP172365_pTET	OQ553941_pTET	98.709	4957	55	2	38212	43168	39507	44454	0.0	8791
CP172365_pTET	OQ553941_pTET	93.587	3368	198	16	1	3363	1	3355	0.0	5007
CP172365_pTET	OQ553941_pTET	98.204	2004	28	6	15794	17790	15232	17234	0.0	3494
CP172365_pTET	OQ553941_pTET	97.802	273	0	6	22930	23196	24517	24789	7.83e-131	466
CP172365_pTET	ON101335_pTET	99.543	14651	42	22	23483	38112	24977	39623	0.0	26661
CP172365_pTET	ON101335_pTET	93.982	11332	580	73	3867	15144	3775	15058	0.0	17054
CP172365_pTET	ON101335_pTET	99.411	5096	10	19	17852	22929	17128	22221	0.0	9226
CP172365_pTET	ON101335_pTET	98.689	4957	56	2	38212	43168	39701	44648	0.0	8785
CP172365_pTET	ON101335_pTET	93.616	3368	197	16	1	3363	1	3355	0.0	5012
CP172365_pTET	ON101335_pTET	98.204	2004	28	6	15794	17790	15232	17234	0.0	3494
CP172365_pTET	ON101335_pTET	97.802	273	0	6	22930	23196	24711	24983	7.83e-131	466
CP172365_pTET	SC1704_pTET	99.456	13424	60	12	24853	38264	18417	31839	0.0	24373
CP172365_pTET	SC1704_pTET	97.445	11271	268	3	3867	15137	3775	15025	0.0	19200
CP172365_pTET	SC1704_pTET	99.329	4916	24	2	38262	43177	35271	40177	0.0	8887
CP172365_pTET	SC1704_pTET	98.953	2864	14	15	19695	22544	34698	31837	0.0	5108
CP172365_pTET	SC1704_pTET	93.824	3368	190	16	1	3363	1	3355	0.0	5051
CP172365_pTET	SC1704_pTET	97.470	2253	57	0	15794	18046	15072	17324	0.0	3845
CP172365_pTET	SC1704_pTET	95.263	190	8	1	19525	19714	17335	17523	8.41e-81	300
CP172365_pTET	SC1704_pTET	94.805	77	4	0	5646	5722	31674	31750	7.02e-27	121
CP172365_pTET	SC1704_pTET	93.506	77	5	0	38099	38175	5545	5621	3.27e-25	115
CP172365_pTET	SC1704_pTET	83.333	108	10	6	17690	17790	17130	17236	1.53e-18	93.5
ON101335_pTET	CP011017_pTET	99.975	27537	6	1	17128	44663	17290	44826	0.0	50811
ON101335_pTET	CP011017_pTET	99.890	17235	11	6	1	17234	1	17228	0.0	31715
ON101335_pTET	CP011017_pTET	96.471	85	1	2	39605	39687	5539	5623	2.01e-32	139
ON101335_pTET	CP011017_pTET	96.471	85	1	2	5539	5623	39768	39850	2.01e-32	139
ON101335_pTET	CP011017_pTET	91.667	60	4	1	23208	23267	23271	23329	3.43e-15	82.4
ON101335_pTET	CP011017_pTET	91.667	60	4	1	23109	23167	23370	23429	3.43e-15	82.4
ON101335_pTET	OQ553941_pTET	99.983	23108	4	0	1	23108	1	23108	0.0	42651
ON101335_pTET	OQ553941_pTET	99.995	21313	1	0	23351	44663	23157	44469	0.0	39353
ON101335_pTET	OQ553941_pTET	96.471	85	1	2	39605	39687	5539	5623	2.01e-32	139
ON101335_pTET	OQ553941_pTET	96.471	85	1	2	5539	5623	39411	39493	2.01e-32	139
ON101335_pTET	OQ553941_pTET	100.000	52	0	0	23228	23279	23109	23160	1.22e-19	97.1
ON101335_pTET	OQ553941_pTET	100.000	40	0	0	23128	23167	23109	23148	5.74e-13	75.0
ON101335_pTET	AY394560_pTET	99.418	22500	114	7	17128	39623	17150	39636	0.0	40808
ON101335_pTET	AY394560_pTET	95.730	15104	531	89	1	15050	1	15044	0.0	24214
ON101335_pTET	AY394560_pTET	99.518	4979	13	3	39696	44663	39729	44707	0.0	9051
ON101335_pTET	AY394560_pTET	96.662	2097	55	11	15141	17234	15004	17088	0.0	3470
ON101335_pTET	AY394560_pTET	91.667	60	4	1	23208	23267	23120	23178	3.43e-15	82.4
ON101335_pTET	AY394560_pTET	91.667	60	4	1	23109	23167	23219	23278	3.43e-15	82.4
ON101335_pTET	CP017861_pTET	99.456	19683	96	4	24977	44648	23386	43068	0.0	35744
ON101335_pTET	CP017861_pTET	95.215	15088	625	61	1	15058	1	15021	0.0	23773
ON101335_pTET	CP017861_pTET	99.804	5094	10	0	17128	22221	17729	22822	0.0	9352
ON101335_pTET	CP017861_pTET	98.204	2004	28	6	15232	17234	15671	17667	0.0	3494
ON101335_pTET	CP017861_pTET	100.000	273	0	0	24711	24983	22823	23095	1.72e-142	505
ON101335_pTET	CP017861_pTET	96.471	85	1	2	39605	39687	5539	5623	2.01e-32	139
ON101335_pTET	CP017861_pTET	96.471	85	1	2	5539	5623	38016	38098	2.01e-32	139
ON101335_pTET	AP025988_pTET	99.025	19685	178	7	24977	44648	25997	45680	0.0	35275
ON101335_pTET	AP025988_pTET	94.453	15090	758	61	1	15058	1	15043	0.0	23156
ON101335_pTET	AP025988_pTET	99.691	6140	19	0	17128	23267	17751	23890	0.0	11234
ON101335_pTET	AP025988_pTET	98.204	2004	28	6	15232	17234	15693	17689	0.0	3494
ON101335_pTET	AP025988_pTET	99.574	1876	7	1	23109	24983	23831	25706	0.0	3419
ON101335_pTET	AP025988_pTET	96.471	85	1	2	39605	39687	5539	5623	2.01e-32	139
ON101335_pTET	AP025988_pTET	96.471	85	1	2	5539	5623	40628	40710	2.01e-32	139
ON101335_pTET	AP025988_pTET	91.667	60	4	1	23208	23267	23732	23790	3.43e-15	82.4
ON101335_pTET	AP025988_pTET	91.667	60	4	1	23109	23167	23931	23990	3.43e-15	82.4
ON101335_pTET	CP030889_pTET	99.838	16095	23	3	23532	39623	21103	37197	0.0	29575
ON101335_pTET	CP030889_pTET	94.334	9195	374	132	5889	15050	4785	13865	0.0	13958
ON101335_pTET	CP030889_pTET	99.518	4979	13	3	39696	44663	37290	42268	0.0	9051
ON101335_pTET	CP030889_pTET	98.035	5141	97	4	17128	22266	15971	21109	0.0	8931
ON101335_pTET	CP030889_pTET	96.095	4840	122	63	1	4829	1	4784	0.0	7829
ON101335_pTET	CP030889_pTET	96.662	2097	55	11	15141	17234	13825	15909	0.0	3470
ON101335_pTET	CP172365_pTET	99.543	14651	42	22	24977	39623	23483	38112	0.0	26661
ON101335_pTET	CP172365_pTET	93.982	11332	580	73	3775	15058	3867	15144	0.0	17054
ON101335_pTET	CP172365_pTET	99.411	5096	10	19	17128	22221	17852	22929	0.0	9226
ON101335_pTET	CP172365_pTET	98.689	4957	56	2	39701	44648	38212	43168	0.0	8785
ON101335_pTET	CP172365_pTET	93.616	3368	197	16	1	3355	1	3363	0.0	5012
ON101335_pTET	CP172365_pTET	98.204	2004	28	6	15232	17234	15794	17790	0.0	3494
ON101335_pTET	CP172365_pTET	97.802	273	0	6	24711	24983	22930	23196	8.10e-131	466
ON101335_pTET	AP028406_pTET	99.847	13754	19	2	25872	39623	21420	35173	0.0	25281
ON101335_pTET	AP028406_pTET	95.604	15104	550	89	1	15050	1	15044	0.0	24109
ON101335_pTET	AP028406_pTET	99.013	4964	37	4	39696	44648	35266	40228	0.0	8885
ON101335_pTET	AP028406_pTET	97.573	4286	99	5	17128	21411	17150	21432	0.0	7334
ON101335_pTET	AP028406_pTET	96.662	2097	55	11	15141	17234	15004	17088	0.0	3470
ON101335_pTET	SC1704_pTET	96.587	15089	411	72	1	15050	1	15024	0.0	24916
ON101335_pTET	SC1704_pTET	99.751	13271	32	1	26354	39623	18417	31687	0.0	24323
ON101335_pTET	SC1704_pTET	99.061	4899	46	0	39750	44648	35270	40168	0.0	8793
ON101335_pTET	SC1704_pTET	99.511	2864	14	0	18972	21835	34698	31835	0.0	5212
ON101335_pTET	SC1704_pTET	96.779	2018	58	5	15141	17156	14984	16996	0.0	3360
ON101335_pTET	SC1704_pTET	94.142	239	13	1	24745	24982	17956	18194	1.09e-99	363
ON101335_pTET	SC1704_pTET	100.000	195	0	0	17128	17322	17130	17324	3.93e-99	361
ON101335_pTET	SC1704_pTET	95.263	190	8	1	18802	18991	17335	17523	8.70e-81	300
ON101335_pTET	CP048762_pTET	99.721	13270	36	1	26355	39623	29663	42932	0.0	24299
ON101335_pTET	CP048762_pTET	95.644	15104	544	89	1	15050	1	15044	0.0	24142
ON101335_pTET	CP048762_pTET	99.518	4979	13	3	39696	44663	43025	48003	0.0	9051
ON101335_pTET	CP048762_pTET	98.920	4165	14	3	17128	21292	17151	21284	0.0	7413
ON101335_pTET	CP048762_pTET	97.283	2098	41	12	15141	17234	15004	17089	0.0	3544
ON101335_pTET	CP048762_pTET	99.492	394	1	1	21197	21589	28561	28954	0.0	715
ON101335_pTET	CP048762_pTET	96.698	424	14	0	25070	25493	29226	29649	0.0	706
OQ553941_pTET	ON101335_pTET	99.983	23108	4	0	1	23108	1	23108	0.0	42651
OQ553941_pTET	ON101335_pTET	99.995	21313	1	0	23157	44469	23351	44663	0.0	39353
OQ553941_pTET	ON101335_pTET	96.471	85	1	2	39411	39493	5539	5623	2.00e-32	139
OQ553941_pTET	ON101335_pTET	96.471	85	1	2	5539	5623	39605	39687	2.00e-32	139
OQ553941_pTET	ON101335_pTET	100.000	52	0	0	23109	23160	23228	23279	1.22e-19	97.1
OQ553941_pTET	ON101335_pTET	100.000	40	0	0	23109	23148	23128	23167	5.71e-13	75.0
OQ553941_pTET	CP011017_pTET	99.986	21314	2	1	23157	44469	23513	44826	0.0	39342
OQ553941_pTET	CP011017_pTET	99.884	17235	12	6	1	17234	1	17228	0.0	31709
OQ553941_pTET	CP011017_pTET	99.967	5981	2	0	17128	23108	17290	23270	0.0	11034
OQ553941_pTET	CP011017_pTET	96.471	85	1	2	39411	39493	5539	5623	2.00e-32	139
OQ553941_pTET	CP011017_pTET	96.471	85	1	2	5539	5623	39768	39850	2.00e-32	139
OQ553941_pTET	CP011017_pTET	100.000	52	0	0	23109	23160	23390	23441	1.22e-19	97.1
OQ553941_pTET	CP011017_pTET	100.000	40	0	0	23109	23148	23290	23329	5.71e-13	75.0
OQ553941_pTET	CP017861_pTET	99.461	19683	95	4	24783	44454	23386	43068	0.0	35750
OQ553941_pTET	CP017861_pTET	95.208	15088	626	61	1	15058	1	15021	0.0	23767
OQ553941_pTET	CP017861_pTET	99.784	5094	11	0	17128	22221	17729	22822	0.0	9347
OQ553941_pTET	CP017861_pTET	98.204	2004	28	6	15232	17234	15671	17667	0.0	3494
OQ553941_pTET	CP017861_pTET	100.000	273	0	0	24517	24789	22823	23095	1.71e-142	505
OQ553941_pTET	CP017861_pTET	96.471	85	1	2	39411	39493	5539	5623	2.00e-32	139
OQ553941_pTET	CP017861_pTET	96.471	85	1	2	5539	5623	38016	38098	2.00e-32	139
OQ553941_pTET	AP025988_pTET	99.030	19685	177	7	24783	44454	25997	45680	0.0	35281
OQ553941_pTET	AP025988_pTET	94.447	15090	759	61	1	15058	1	15043	0.0	23150
OQ553941_pTET	AP025988_pTET	99.666	5981	20	0	17128	23108	17751	23731	0.0	10935
OQ553941_pTET	AP025988_pTET	98.204	2004	28	6	15232	17234	15693	17689	0.0	3494
OQ553941_pTET	AP025988_pTET	99.816	1633	3	0	23157	24789	24074	25706	0.0	3000
OQ553941_pTET	AP025988_pTET	96.471	85	1	2	39411	39493	5539	5623	2.00e-32	139
OQ553941_pTET	AP025988_pTET	96.471	85	1	2	5539	5623	40628	40710	2.00e-32	139
OQ553941_pTET	AP025988_pTET	100.000	52	0	0	23109	23160	23951	24002	1.22e-19	97.1
OQ553941_pTET	AP025988_pTET	100.000	40	0	0	23109	23148	23751	23790	5.71e-13	75.0
OQ553941_pTET	AP025988_pTET	100.000	40	0	0	23109	23148	23851	23890	5.71e-13	75.0
OQ553941_pTET	AY394560_pTET	99.859	16275	21	2	23157	39429	23362	39636	0.0	29926
OQ553941_pTET	AY394560_pTET	95.723	15104	532	89	1	15050	1	15044	0.0	24208
OQ553941_pTET	AY394560_pTET	98.212	5983	92	5	17128	23108	17150	23119	0.0	10442
OQ553941_pTET	AY394560_pTET	99.538	4979	12	3	39502	44469	39729	44707	0.0	9057
OQ553941_pTET	AY394560_pTET	96.662	2097	55	11	15141	17234	15004	17088	0.0	3470
OQ553941_pTET	AY394560_pTET	100.000	52	0	0	23109	23160	23239	23290	1.22e-19	97.1
OQ553941_pTET	AY394560_pTET	100.000	40	0	0	23109	23148	23139	23178	5.71e-13	75.0
OQ553941_pTET	CP030889_pTET	99.838	16095	23	3	23338	39429	21103	37197	0.0	29575
OQ553941_pTET	CP030889_pTET	94.334	9195	374	132	5889	15050	4785	13865	0.0	13958
OQ553941_pTET	CP030889_pTET	99.538	4979	12	3	39502	44469	37290	42268	0.0	9057
OQ553941_pTET	CP030889_pTET	98.055	5141	96	4	17128	22266	15971	21109	0.0	8937
OQ553941_pTET	CP030889_pTET	96.074	4840	123	63	1	4829	1	4784	0.0	7823
OQ553941_pTET	CP030889_pTET	96.662	2097	55	11	15141	17234	13825	15909	0.0	3470
OQ553941_pTET	CP172365_pTET	99.543	14651	42	22	24783	39429	23483	38112	0.0	26661
OQ553941_pTET	CP172365_pTET	93.982	11332	580	73	3775	15058	3867	15144	0.0	17054
OQ553941_pTET	CP172365_pTET	99.392	5096	11	19	17128	22221	17852	22929	0.0	9221
OQ553941_pTET	CP172365_pTET	98.709	4957	55	2	39507	44454	38212	43168	0.0	8791
OQ553941_pTET	CP172365_pTET	93.587	3368	198	16	1	3355	1	3363	0.0	5007
OQ553941_pTET	CP172365_pTET	98.204	2004	28	6	15232	17234	15794	17790	0.0	3494
OQ553941_pTET	CP172365_pTET	97.802	273	0	6	24517	24789	22930	23196	8.07e-131	466
OQ553941_pTET	AP028406_pTET	99.847	13754	19	2	25678	39429	21420	35173	0.0	25281
OQ553941_pTET	AP028406_pTET	95.597	15104	551	89	1	15050	1	15044	0.0	24103
OQ553941_pTET	AP028406_pTET	99.033	4964	36	4	39502	44454	35266	40228	0.0	8890
OQ553941_pTET	AP028406_pTET	97.597	4286	98	5	17128	21411	17150	21432	0.0	7339
OQ553941_pTET	AP028406_pTET	96.662	2097	55	11	15141	17234	15004	17088	0.0	3470
OQ553941_pTET	SC1704_pTET	96.580	15089	412	72	1	15050	1	15024	0.0	24910
OQ553941_pTET	SC1704_pTET	99.751	13271	32	1	26160	39429	18417	31687	0.0	24323
OQ553941_pTET	SC1704_pTET	99.081	4899	45	0	39556	44454	35270	40168	0.0	8798
OQ553941_pTET	SC1704_pTET	99.511	2864	14	0	18972	21835	34698	31835	0.0	5212
OQ553941_pTET	SC1704_pTET	96.779	2018	58	5	15141	17156	14984	16996	0.0	3360
OQ553941_pTET	SC1704_pTET	94.142	239	13	1	24551	24788	17956	18194	1.09e-99	363
OQ553941_pTET	SC1704_pTET	100.000	195	0	0	17128	17322	17130	17324	3.92e-99	361
OQ553941_pTET	SC1704_pTET	95.263	190	8	1	18802	18991	17335	17523	8.66e-81	300
OQ553941_pTET	CP048762_pTET	99.721	13270	36	1	26161	39429	29663	42932	0.0	24299
OQ553941_pTET	CP048762_pTET	95.637	15104	545	89	1	15050	1	15044	0.0	24136
OQ553941_pTET	CP048762_pTET	99.538	4979	12	3	39502	44469	43025	48003	0.0	9057
OQ553941_pTET	CP048762_pTET	98.896	4165	15	3	17128	21292	17151	21284	0.0	7408
OQ553941_pTET	CP048762_pTET	97.283	2098	41	12	15141	17234	15004	17089	0.0	3544
OQ553941_pTET	CP048762_pTET	99.492	394	1	1	21197	21589	28561	28954	0.0	715
OQ553941_pTET	CP048762_pTET	96.698	424	14	0	24876	25299	29226	29649	0.0	706
SC1704_pTET	AY394560_pTET	98.870	17348	168	15	1	17324	1	17344	0.0	30925
SC1704_pTET	AY394560_pTET	99.747	13424	33	1	18417	31839	26365	39788	0.0	24600
SC1704_pTET	AY394560_pTET	98.778	4908	51	2	35270	40168	39785	44692	0.0	8722
SC1704_pTET	AY394560_pTET	96.162	2866	95	5	31835	34698	21846	18994	0.0	4669
SC1704_pTET	AY394560_pTET	95.263	190	8	1	17335	17523	18824	19013	7.82e-81	300
SC1704_pTET	AY394560_pTET	93.506	77	5	0	31674	31750	5554	5630	3.04e-25	115
SC1704_pTET	AY394560_pTET	93.506	77	5	0	5545	5621	39623	39699	3.04e-25	115
SC1704_pTET	AY394560_pTET	83.333	108	10	6	17130	17236	16988	17088	1.42e-18	93.5
SC1704_pTET	AP028406_pTET	98.807	17348	179	15	1	17324	1	17344	0.0	30864
SC1704_pTET	AP028406_pTET	99.814	13424	24	1	18417	31839	21902	35325	0.0	24650
SC1704_pTET	AP028406_pTET	99.207	4917	29	3	35270	40177	35322	40237	0.0	8855
SC1704_pTET	AP028406_pTET	95.782	2442	98	5	32259	34698	21432	18994	0.0	3934
SC1704_pTET	AP028406_pTET	95.263	190	8	1	17335	17523	18824	19013	7.82e-81	300
SC1704_pTET	AP028406_pTET	93.506	77	5	0	31674	31750	5554	5630	3.04e-25	115
SC1704_pTET	AP028406_pTET	93.506	77	5	0	5545	5621	35160	35236	3.04e-25	115
SC1704_pTET	AP028406_pTET	83.333	108	10	6	17130	17236	16988	17088	1.42e-18	93.5
SC1704_pTET	CP048762_pTET	98.685	17341	199	16	1	17316	1	17337	0.0	30733
SC1704_pTET	CP048762_pTET	99.940	13423	6	2	18418	31839	29663	43084	0.0	24742
SC1704_pTET	CP048762_pTET	98.778	4908	51	2	35270	40168	43081	47988	0.0	8722
SC1704_pTET	CP048762_pTET	99.354	2321	15	0	32378	34698	21284	18964	0.0	4204
SC1704_pTET	CP048762_pTET	99.492	394	1	1	32081	32473	28954	28561	0.0	715
SC1704_pTET	CP048762_pTET	95.263	190	8	1	17335	17523	18794	18983	7.82e-81	300
SC1704_pTET	CP048762_pTET	93.506	77	5	0	31674	31750	5554	5630	3.04e-25	115
SC1704_pTET	CP048762_pTET	93.506	77	5	0	5545	5621	42919	42995	3.04e-25	115
SC1704_pTET	CP048762_pTET	83.333	108	10	6	17130	17236	16989	17089	1.42e-18	93.5
SC1704_pTET	CP017861_pTET	96.645	15052	440	28	1	15025	1	15014	0.0	24938
SC1704_pTET	CP017861_pTET	99.518	13271	63	1	18417	31687	24765	38034	0.0	24151
SC1704_pTET	CP017861_pTET	99.431	4917	19	2	35270	40177	38161	43077	0.0	8916
SC1704_pTET	CP017861_pTET	99.511	2864	14	0	31835	34698	22436	19573	0.0	5212
SC1704_pTET	CP017861_pTET	97.470	2253	57	0	15072	17324	15671	17923	0.0	3845
SC1704_pTET	CP017861_pTET	94.612	464	24	1	17956	18419	22857	23319	0.0	717
SC1704_pTET	CP017861_pTET	95.263	190	8	1	17335	17523	19403	19592	7.82e-81	300
SC1704_pTET	CP017861_pTET	83.333	108	10	6	17130	17236	17567	17667	1.42e-18	93.5
SC1704_pTET	ON101335_pTET	96.587	15089	411	72	1	15024	1	15050	0.0	24916
SC1704_pTET	ON101335_pTET	99.751	13271	32	1	18417	31687	26354	39623	0.0	24323
SC1704_pTET	ON101335_pTET	99.061	4899	46	0	35270	40168	39750	44648	0.0	8793
SC1704_pTET	ON101335_pTET	99.511	2864	14	0	31835	34698	21835	18972	0.0	5212
SC1704_pTET	ON101335_pTET	96.779	2018	58	5	14984	16996	15141	17156	0.0	3360
SC1704_pTET	ON101335_pTET	100.000	195	0	0	17130	17324	17128	17322	3.54e-99	361
SC1704_pTET	ON101335_pTET	95.263	190	8	1	17335	17523	18802	18991	7.82e-81	300
SC1704_pTET	CP011017_pTET	96.587	15089	411	72	1	15024	1	15050	0.0	24916
SC1704_pTET	CP011017_pTET	99.751	13271	33	0	18417	31687	26516	39786	0.0	24325
SC1704_pTET	CP011017_pTET	99.081	4899	45	0	35270	40168	39913	44811	0.0	8798
SC1704_pTET	CP011017_pTET	99.546	2864	13	0	31835	34698	21997	19134	0.0	5217
SC1704_pTET	CP011017_pTET	96.888	2346	66	5	14984	17324	15141	17484	0.0	3921
SC1704_pTET	CP011017_pTET	95.263	190	8	1	17335	17523	18964	19153	7.82e-81	300
SC1704_pTET	CP011017_pTET	83.333	108	10	6	17130	17236	17128	17228	1.42e-18	93.5
SC1704_pTET	OQ553941_pTET	96.580	15089	412	72	1	15024	1	15050	0.0	24910
SC1704_pTET	OQ553941_pTET	99.751	13271	32	1	18417	31687	26160	39429	0.0	24323
SC1704_pTET	OQ553941_pTET	99.081	4899	45	0	35270	40168	39556	44454	0.0	8798
SC1704_pTET	OQ553941_pTET	99.511	2864	14	0	31835	34698	21835	18972	0.0	5212
SC1704_pTET	OQ553941_pTET	96.779	2018	58	5	14984	16996	15141	17156	0.0	3360
SC1704_pTET	OQ553941_pTET	100.000	195	0	0	17130	17324	17128	17322	3.54e-99	361
SC1704_pTET	OQ553941_pTET	95.263	190	8	1	17335	17523	18802	18991	7.82e-81	300
SC1704_pTET	CP030889_pTET	99.724	13425	35	2	18417	31839	23925	37349	0.0	24585
SC1704_pTET	CP030889_pTET	98.891	11451	41	76	5890	17324	4785	16165	0.0	20364
SC1704_pTET	CP030889_pTET	98.778	4908	51	2	35270	40168	37346	42253	0.0	8722
SC1704_pTET	CP030889_pTET	95.950	4840	129	63	1	4829	1	4784	0.0	7790
SC1704_pTET	CP030889_pTET	96.476	2866	97	4	31835	34698	20678	17815	0.0	4730
SC1704_pTET	CP030889_pTET	95.263	190	8	1	17335	17523	17645	17834	7.82e-81	300
SC1704_pTET	CP030889_pTET	93.506	77	5	0	5545	5621	37184	37260	3.04e-25	115
SC1704_pTET	CP030889_pTET	83.333	108	10	6	17130	17236	15809	15909	1.42e-18	93.5
SC1704_pTET	CP172365_pTET	99.456	13424	60	12	18417	31839	24853	38264	0.0	24373
SC1704_pTET	CP172365_pTET	97.445	11271	268	3	3775	15025	3867	15137	0.0	19200
SC1704_pTET	CP172365_pTET	99.329	4916	24	2	35271	40177	38262	43177	0.0	8887
SC1704_pTET	CP172365_pTET	98.953	2864	14	15	31837	34698	22544	19695	0.0	5108
SC1704_pTET	CP172365_pTET	93.824	3368	190	16	1	3355	1	3363	0.0	5051
SC1704_pTET	CP172365_pTET	97.470	2253	57	0	15072	17324	15794	18046	0.0	3845
SC1704_pTET	CP172365_pTET	92.888	464	24	8	17956	18419	22963	23417	0.0	665
SC1704_pTET	CP172365_pTET	95.263	190	8	1	17335	17523	19525	19714	7.82e-81	300
SC1704_pTET	CP172365_pTET	94.805	77	4	0	31674	31750	5646	5722	6.54e-27	121
SC1704_pTET	CP172365_pTET	93.506	77	5	0	5545	5621	38099	38175	3.04e-25	115
SC1704_pTET	CP172365_pTET	83.333	108	10	6	17130	17236	17690	17790	1.42e-18	93.5
SC1704_pTET	AP025988_pTET	95.756	15056	588	33	1	15025	1	15036	0.0	24216
SC1704_pTET	AP025988_pTET	99.540	13271	61	0	18417	31687	27376	40646	0.0	24170
SC1704_pTET	AP025988_pTET	97.702	4918	102	4	35270	40177	40773	45689	0.0	8445
SC1704_pTET	AP025988_pTET	99.825	2864	5	0	31835	34698	22458	19595	0.0	5262
SC1704_pTET	AP025988_pTET	97.470	2253	57	0	15072	17324	15693	17945	0.0	3845
SC1704_pTET	AP025988_pTET	94.612	464	24	1	17956	18419	25468	25930	0.0	717
SC1704_pTET	AP025988_pTET	95.263	190	8	1	17335	17523	19425	19614	7.82e-81	300
SC1704_pTET	AP025988_pTET	83.333	108	10	6	17130	17236	17589	17689	1.42e-18	93.5
