snp.dists.0.8.2,variable,value,same_source
SGV004,SGV004,0,0
SGV021,SGV004,100,0
SGV022,SGV004,102,0
SGV023,SGV004,100,0
SGV025,SGV004,100,0
SGV026,SGV004,100,0
SGV028,SGV004,100,0
SGV029,SGV004,94,0
SGV030,SGV004,105,0
SGV031,SGV004,100,0
SGV032,SGV004,102,1
SGV033,SGV004,104,1
SGV034,SGV004,103,1
SGV035,SGV004,100,1
SGV036,SGV004,100,0
SGV037,SGV004,103,0
SGV038,SGV004,103,0
SGV039,SGV004,99,1
SGV040,SGV004,105,0
SGV041,SGV004,103,0
SGV042,SGV004,103,0
SGV043,SGV004,106,0
SGV044,SGV004,104,0
SGV045,SGV004,104,1
SGV046,SGV004,104,0
SGV047,SGV004,108,0
SGV048,SGV004,104,0
SGV049,SGV004,102,1
SGV050,SGV004,102,1
SGV051,SGV004,104,0
SGV052,SGV004,101,1
SGV053,SGV004,102,0
SGV054,SGV004,100,1
SGV055,SGV004,102,0
SGV056,SGV004,103,1
SGV057,SGV004,101,0
SGV058,SGV004,101,1
SGV059,SGV004,99,0
SGV060,SGV004,108,0
SGV061,SGV004,108,1
SGV062,SGV004,101,0
SGV063,SGV004,103,1
SGV064,SGV004,104,0
SGV065,SGV004,103,1
SGV066,SGV004,104,1
SGV067,SGV004,105,0
SGV068,SGV004,109,1
SGV069,SGV004,105,0
SGV070,SGV004,102,1
SGV071,SGV004,95,1
SGV072,SGV004,101,1
SGV073,SGV004,102,1
SGV075,SGV004,100,0
SGV077,SGV004,101,1
SGV078,SGV004,100,0
SGV079,SGV004,106,1
SGV080,SGV004,103,1
SGV004,SGV021,100,0
SGV021,SGV021,0,0
SGV022,SGV021,12,0
SGV023,SGV021,12,0
SGV025,SGV021,0,0
SGV026,SGV021,2,0
SGV028,SGV021,12,0
SGV029,SGV021,1,0
SGV030,SGV021,5,0
SGV031,SGV021,12,0
SGV032,SGV021,14,1
SGV033,SGV021,4,1
SGV034,SGV021,15,1
SGV035,SGV021,2,1
SGV036,SGV021,2,0
SGV037,SGV021,3,0
SGV038,SGV021,15,0
SGV039,SGV021,1,1
SGV040,SGV021,15,0
SGV041,SGV021,3,0
SGV042,SGV021,13,0
SGV043,SGV021,6,0
SGV044,SGV021,4,0
SGV045,SGV021,16,1
SGV046,SGV021,14,0
SGV047,SGV021,8,0
SGV048,SGV021,13,0
SGV049,SGV021,14,1
SGV050,SGV021,12,1
SGV051,SGV021,17,0
SGV052,SGV021,11,1
SGV053,SGV021,12,0
SGV054,SGV021,2,1
SGV055,SGV021,12,0
SGV056,SGV021,13,1
SGV057,SGV021,11,0
SGV058,SGV021,11,1
SGV059,SGV021,9,0
SGV060,SGV021,20,0
SGV061,SGV021,18,1
SGV062,SGV021,9,0
SGV063,SGV021,3,1
SGV064,SGV021,16,0
SGV065,SGV021,13,1
SGV066,SGV021,4,1
SGV067,SGV021,15,0
SGV068,SGV021,9,1
SGV069,SGV021,17,0
SGV070,SGV021,12,1
SGV071,SGV021,5,1
SGV072,SGV021,13,1
SGV073,SGV021,12,1
SGV075,SGV021,10,0
SGV077,SGV021,11,1
SGV078,SGV021,10,0
SGV079,SGV021,19,1
SGV080,SGV021,13,1
SGV004,SGV022,102,0
SGV021,SGV022,12,0
SGV022,SGV022,0,0
SGV023,SGV022,14,0
SGV025,SGV022,12,0
SGV026,SGV022,12,0
SGV028,SGV022,14,0
SGV029,SGV022,13,0
SGV030,SGV022,17,0
SGV031,SGV022,14,0
SGV032,SGV022,16,1
SGV033,SGV022,16,1
SGV034,SGV022,17,1
SGV035,SGV022,12,1
SGV036,SGV022,12,0
SGV037,SGV022,15,0
SGV038,SGV022,17,0
SGV039,SGV022,11,1
SGV040,SGV022,19,0
SGV041,SGV022,15,0
SGV042,SGV022,15,0
SGV043,SGV022,18,0
SGV044,SGV022,16,0
SGV045,SGV022,18,1
SGV046,SGV022,12,0
SGV047,SGV022,20,0
SGV048,SGV022,12,0
SGV049,SGV022,16,1
SGV050,SGV022,10,1
SGV051,SGV022,19,0
SGV052,SGV022,9,1
SGV053,SGV022,10,0
SGV054,SGV022,12,1
SGV055,SGV022,11,0
SGV056,SGV022,11,1
SGV057,SGV022,9,0
SGV058,SGV022,9,1
SGV059,SGV022,7,0
SGV060,SGV022,22,0
SGV061,SGV022,20,1
SGV062,SGV022,9,0
SGV063,SGV022,15,1
SGV064,SGV022,18,0
SGV065,SGV022,15,1
SGV066,SGV022,16,1
SGV067,SGV022,13,0
SGV068,SGV022,21,1
SGV069,SGV022,19,0
SGV070,SGV022,10,1
SGV071,SGV022,7,1
SGV072,SGV022,15,1
SGV073,SGV022,10,1
SGV075,SGV022,8,0
SGV077,SGV022,9,1
SGV078,SGV022,8,0
SGV079,SGV022,21,1
SGV080,SGV022,11,1
SGV004,SGV023,100,0
SGV021,SGV023,12,0
SGV022,SGV023,14,0
SGV023,SGV023,0,0
SGV025,SGV023,12,0
SGV026,SGV023,12,0
SGV028,SGV023,6,0
SGV029,SGV023,13,0
SGV030,SGV023,16,0
SGV031,SGV023,4,0
SGV032,SGV023,6,1
SGV033,SGV023,16,1
SGV034,SGV023,9,1
SGV035,SGV023,12,1
SGV036,SGV023,12,0
SGV037,SGV023,15,0
SGV038,SGV023,3,0
SGV039,SGV023,11,1
SGV040,SGV023,9,0
SGV041,SGV023,15,0
SGV042,SGV023,15,0
SGV043,SGV023,18,0
SGV044,SGV023,16,0
SGV045,SGV023,10,1
SGV046,SGV023,16,0
SGV047,SGV023,20,0
SGV048,SGV023,16,0
SGV049,SGV023,8,1
SGV050,SGV023,14,1
SGV051,SGV023,9,0
SGV052,SGV023,13,1
SGV053,SGV023,14,0
SGV054,SGV023,12,1
SGV055,SGV023,15,0
SGV056,SGV023,15,1
SGV057,SGV023,13,0
SGV058,SGV023,13,1
SGV059,SGV023,11,0
SGV060,SGV023,14,0
SGV061,SGV023,20,1
SGV062,SGV023,13,0
SGV063,SGV023,15,1
SGV064,SGV023,8,0
SGV065,SGV023,15,1
SGV066,SGV023,16,1
SGV067,SGV023,17,0
SGV068,SGV023,21,1
SGV069,SGV023,9,0
SGV070,SGV023,14,1
SGV071,SGV023,7,1
SGV072,SGV023,7,1
SGV073,SGV023,14,1
SGV075,SGV023,12,0
SGV077,SGV023,13,1
SGV078,SGV023,12,0
SGV079,SGV023,11,1
SGV080,SGV023,15,1
SGV004,SGV025,100,0
SGV021,SGV025,0,0
SGV022,SGV025,12,0
SGV023,SGV025,12,0
SGV025,SGV025,0,0
SGV026,SGV025,2,0
SGV028,SGV025,12,0
SGV029,SGV025,1,0
SGV030,SGV025,5,0
SGV031,SGV025,12,0
SGV032,SGV025,14,1
SGV033,SGV025,4,1
SGV034,SGV025,15,1
SGV035,SGV025,2,1
SGV036,SGV025,2,0
SGV037,SGV025,3,0
SGV038,SGV025,15,0
SGV039,SGV025,1,1
SGV040,SGV025,15,0
SGV041,SGV025,3,0
SGV042,SGV025,13,0
SGV043,SGV025,6,0
SGV044,SGV025,4,0
SGV045,SGV025,16,1
SGV046,SGV025,14,0
SGV047,SGV025,8,0
SGV048,SGV025,13,0
SGV049,SGV025,14,1
SGV050,SGV025,12,1
SGV051,SGV025,17,0
SGV052,SGV025,11,1
SGV053,SGV025,12,0
SGV054,SGV025,2,1
SGV055,SGV025,12,0
SGV056,SGV025,13,1
SGV057,SGV025,11,0
SGV058,SGV025,11,1
SGV059,SGV025,9,0
SGV060,SGV025,20,0
SGV061,SGV025,18,1
SGV062,SGV025,9,0
SGV063,SGV025,3,1
SGV064,SGV025,16,0
SGV065,SGV025,13,1
SGV066,SGV025,4,1
SGV067,SGV025,15,0
SGV068,SGV025,9,1
SGV069,SGV025,17,0
SGV070,SGV025,12,1
SGV071,SGV025,5,1
SGV072,SGV025,13,1
SGV073,SGV025,12,1
SGV075,SGV025,10,0
SGV077,SGV025,11,1
SGV078,SGV025,10,0
SGV079,SGV025,19,1
SGV080,SGV025,13,1
SGV004,SGV026,100,0
SGV021,SGV026,2,0
SGV022,SGV026,12,0
SGV023,SGV026,12,0
SGV025,SGV026,2,0
SGV026,SGV026,0,0
SGV028,SGV026,12,0
SGV029,SGV026,3,0
SGV030,SGV026,7,0
SGV031,SGV026,12,0
SGV032,SGV026,14,1
SGV033,SGV026,6,1
SGV034,SGV026,15,1
SGV035,SGV026,2,1
SGV036,SGV026,2,0
SGV037,SGV026,5,0
SGV038,SGV026,15,0
SGV039,SGV026,1,1
SGV040,SGV026,15,0
SGV041,SGV026,5,0
SGV042,SGV026,13,0
SGV043,SGV026,8,0
SGV044,SGV026,6,0
SGV045,SGV026,16,1
SGV046,SGV026,14,0
SGV047,SGV026,10,0
SGV048,SGV026,13,0
SGV049,SGV026,14,1
SGV050,SGV026,12,1
SGV051,SGV026,17,0
SGV052,SGV026,11,1
SGV053,SGV026,12,0
SGV054,SGV026,2,1
SGV055,SGV026,12,0
SGV056,SGV026,13,1
SGV057,SGV026,11,0
SGV058,SGV026,11,1
SGV059,SGV026,9,0
SGV060,SGV026,20,0
SGV061,SGV026,18,1
SGV062,SGV026,9,0
SGV063,SGV026,5,1
SGV064,SGV026,16,0
SGV065,SGV026,13,1
SGV066,SGV026,6,1
SGV067,SGV026,15,0
SGV068,SGV026,11,1
SGV069,SGV026,17,0
SGV070,SGV026,12,1
SGV071,SGV026,5,1
SGV072,SGV026,13,1
SGV073,SGV026,12,1
SGV075,SGV026,10,0
SGV077,SGV026,11,1
SGV078,SGV026,10,0
SGV079,SGV026,19,1
SGV080,SGV026,13,1
SGV004,SGV028,100,0
SGV021,SGV028,12,0
SGV022,SGV028,14,0
SGV023,SGV028,6,0
SGV025,SGV028,12,0
SGV026,SGV028,12,0
SGV028,SGV028,0,0
SGV029,SGV028,13,0
SGV030,SGV028,17,0
SGV031,SGV028,6,0
SGV032,SGV028,8,1
SGV033,SGV028,16,1
SGV034,SGV028,3,1
SGV035,SGV028,12,1
SGV036,SGV028,12,0
SGV037,SGV028,15,0
SGV038,SGV028,9,0
SGV039,SGV028,11,1
SGV040,SGV028,11,0
SGV041,SGV028,15,0
SGV042,SGV028,15,0
SGV043,SGV028,18,0
SGV044,SGV028,16,0
SGV045,SGV028,4,1
SGV046,SGV028,16,0
SGV047,SGV028,20,0
SGV048,SGV028,16,0
SGV049,SGV028,2,1
SGV050,SGV028,14,1
SGV051,SGV028,11,0
SGV052,SGV028,13,1
SGV053,SGV028,14,0
SGV054,SGV028,12,1
SGV055,SGV028,15,0
SGV056,SGV028,15,1
SGV057,SGV028,13,0
SGV058,SGV028,13,1
SGV059,SGV028,11,0
SGV060,SGV028,8,0
SGV061,SGV028,20,1
SGV062,SGV028,13,0
SGV063,SGV028,15,1
SGV064,SGV028,10,0
SGV065,SGV028,15,1
SGV066,SGV028,16,1
SGV067,SGV028,17,0
SGV068,SGV028,21,1
SGV069,SGV028,11,0
SGV070,SGV028,14,1
SGV071,SGV028,7,1
SGV072,SGV028,1,1
SGV073,SGV028,14,1
SGV075,SGV028,12,0
SGV077,SGV028,13,1
SGV078,SGV028,12,0
SGV079,SGV028,13,1
SGV080,SGV028,15,1
SGV004,SGV029,94,0
SGV021,SGV029,1,0
SGV022,SGV029,13,0
SGV023,SGV029,13,0
SGV025,SGV029,1,0
SGV026,SGV029,3,0
SGV028,SGV029,13,0
SGV029,SGV029,0,0
SGV030,SGV029,6,0
SGV031,SGV029,13,0
SGV032,SGV029,15,1
SGV033,SGV029,5,1
SGV034,SGV029,16,1
SGV035,SGV029,3,1
SGV036,SGV029,3,0
SGV037,SGV029,4,0
SGV038,SGV029,16,0
SGV039,SGV029,2,1
SGV040,SGV029,16,0
SGV041,SGV029,4,0
SGV042,SGV029,13,0
SGV043,SGV029,7,0
SGV044,SGV029,5,0
SGV045,SGV029,16,1
SGV046,SGV029,15,0
SGV047,SGV029,9,0
SGV048,SGV029,13,0
SGV049,SGV029,15,1
SGV050,SGV029,12,1
SGV051,SGV029,18,0
SGV052,SGV029,12,1
SGV053,SGV029,12,0
SGV054,SGV029,3,1
SGV055,SGV029,13,0
SGV056,SGV029,13,1
SGV057,SGV029,12,0
SGV058,SGV029,12,1
SGV059,SGV029,10,0
SGV060,SGV029,20,0
SGV061,SGV029,19,1
SGV062,SGV029,10,0
SGV063,SGV029,4,1
SGV064,SGV029,16,0
SGV065,SGV029,14,1
SGV066,SGV029,5,1
SGV067,SGV029,16,0
SGV068,SGV029,10,1
SGV069,SGV029,17,0
SGV070,SGV029,13,1
SGV071,SGV029,6,1
SGV072,SGV029,14,1
SGV073,SGV029,13,1
SGV075,SGV029,11,0
SGV077,SGV029,12,1
SGV078,SGV029,11,0
SGV079,SGV029,18,1
SGV080,SGV029,13,1
SGV004,SGV030,105,0
SGV021,SGV030,5,0
SGV022,SGV030,17,0
SGV023,SGV030,16,0
SGV025,SGV030,5,0
SGV026,SGV030,7,0
SGV028,SGV030,17,0
SGV029,SGV030,6,0
SGV030,SGV030,0,0
SGV031,SGV030,16,0
SGV032,SGV030,18,1
SGV033,SGV030,9,1
SGV034,SGV030,20,1
SGV035,SGV030,7,1
SGV036,SGV030,7,0
SGV037,SGV030,8,0
SGV038,SGV030,19,0
SGV039,SGV030,6,1
SGV040,SGV030,19,0
SGV041,SGV030,6,0
SGV042,SGV030,18,0
SGV043,SGV030,11,0
SGV044,SGV030,7,0
SGV045,SGV030,21,1
SGV046,SGV030,19,0
SGV047,SGV030,13,0
SGV048,SGV030,18,0
SGV049,SGV030,19,1
SGV050,SGV030,17,1
SGV051,SGV030,21,0
SGV052,SGV030,16,1
SGV053,SGV030,17,0
SGV054,SGV030,7,1
SGV055,SGV030,17,0
SGV056,SGV030,18,1
SGV057,SGV030,16,0
SGV058,SGV030,16,1
SGV059,SGV030,14,0
SGV060,SGV030,25,0
SGV061,SGV030,23,1
SGV062,SGV030,14,0
SGV063,SGV030,8,1
SGV064,SGV030,20,0
SGV065,SGV030,18,1
SGV066,SGV030,9,1
SGV067,SGV030,20,0
SGV068,SGV030,14,1
SGV069,SGV030,21,0
SGV070,SGV030,17,1
SGV071,SGV030,10,1
SGV072,SGV030,18,1
SGV073,SGV030,17,1
SGV075,SGV030,15,0
SGV077,SGV030,16,1
SGV078,SGV030,15,0
SGV079,SGV030,23,1
SGV080,SGV030,18,1
SGV004,SGV031,100,0
SGV021,SGV031,12,0
SGV022,SGV031,14,0
SGV023,SGV031,4,0
SGV025,SGV031,12,0
SGV026,SGV031,12,0
SGV028,SGV031,6,0
SGV029,SGV031,13,0
SGV030,SGV031,16,0
SGV031,SGV031,0,0
SGV032,SGV031,4,1
SGV033,SGV031,16,1
SGV034,SGV031,9,1
SGV035,SGV031,12,1
SGV036,SGV031,12,0
SGV037,SGV031,15,0
SGV038,SGV031,7,0
SGV039,SGV031,11,1
SGV040,SGV031,7,0
SGV041,SGV031,15,0
SGV042,SGV031,15,0
SGV043,SGV031,18,0
SGV044,SGV031,16,0
SGV045,SGV031,10,1
SGV046,SGV031,16,0
SGV047,SGV031,20,0
SGV048,SGV031,16,0
SGV049,SGV031,8,1
SGV050,SGV031,14,1
SGV051,SGV031,7,0
SGV052,SGV031,13,1
SGV053,SGV031,14,0
SGV054,SGV031,12,1
SGV055,SGV031,15,0
SGV056,SGV031,15,1
SGV057,SGV031,13,0
SGV058,SGV031,13,1
SGV059,SGV031,11,0
SGV060,SGV031,14,0
SGV061,SGV031,20,1
SGV062,SGV031,13,0
SGV063,SGV031,15,1
SGV064,SGV031,6,0
SGV065,SGV031,15,1
SGV066,SGV031,16,1
SGV067,SGV031,17,0
SGV068,SGV031,21,1
SGV069,SGV031,5,0
SGV070,SGV031,14,1
SGV071,SGV031,7,1
SGV072,SGV031,7,1
SGV073,SGV031,14,1
SGV075,SGV031,12,0
SGV077,SGV031,13,1
SGV078,SGV031,12,0
SGV079,SGV031,9,1
SGV080,SGV031,15,1
SGV004,SGV032,102,1
SGV021,SGV032,14,1
SGV022,SGV032,16,1
SGV023,SGV032,6,1
SGV025,SGV032,14,1
SGV026,SGV032,14,1
SGV028,SGV032,8,1
SGV029,SGV032,15,1
SGV030,SGV032,18,1
SGV031,SGV032,4,1
SGV032,SGV032,0,0
SGV033,SGV032,18,0
SGV034,SGV032,11,0
SGV035,SGV032,14,1
SGV036,SGV032,14,1
SGV037,SGV032,17,1
SGV038,SGV032,9,1
SGV039,SGV032,13,1
SGV040,SGV032,9,1
SGV041,SGV032,17,1
SGV042,SGV032,17,1
SGV043,SGV032,20,1
SGV044,SGV032,18,1
SGV045,SGV032,12,1
SGV046,SGV032,18,1
SGV047,SGV032,22,1
SGV048,SGV032,18,1
SGV049,SGV032,10,0
SGV050,SGV032,16,0
SGV051,SGV032,9,1
SGV052,SGV032,15,1
SGV053,SGV032,16,1
SGV054,SGV032,14,1
SGV055,SGV032,17,1
SGV056,SGV032,17,1
SGV057,SGV032,15,1
SGV058,SGV032,15,1
SGV059,SGV032,13,1
SGV060,SGV032,16,1
SGV061,SGV032,22,1
SGV062,SGV032,15,1
SGV063,SGV032,17,1
SGV064,SGV032,8,1
SGV065,SGV032,17,1
SGV066,SGV032,18,0
SGV067,SGV032,19,1
SGV068,SGV032,23,1
SGV069,SGV032,9,1
SGV070,SGV032,16,1
SGV071,SGV032,9,0
SGV072,SGV032,9,1
SGV073,SGV032,16,1
SGV075,SGV032,14,1
SGV077,SGV032,15,1
SGV078,SGV032,14,1
SGV079,SGV032,11,1
SGV080,SGV032,17,1
SGV004,SGV033,104,1
SGV021,SGV033,4,1
SGV022,SGV033,16,1
SGV023,SGV033,16,1
SGV025,SGV033,4,1
SGV026,SGV033,6,1
SGV028,SGV033,16,1
SGV029,SGV033,5,1
SGV030,SGV033,9,1
SGV031,SGV033,16,1
SGV032,SGV033,18,0
SGV033,SGV033,0,0
SGV034,SGV033,19,0
SGV035,SGV033,6,1
SGV036,SGV033,6,1
SGV037,SGV033,7,1
SGV038,SGV033,19,1
SGV039,SGV033,5,1
SGV040,SGV033,19,1
SGV041,SGV033,7,1
SGV042,SGV033,17,1
SGV043,SGV033,10,1
SGV044,SGV033,8,1
SGV045,SGV033,20,1
SGV046,SGV033,18,1
SGV047,SGV033,12,1
SGV048,SGV033,17,1
SGV049,SGV033,18,0
SGV050,SGV033,16,0
SGV051,SGV033,21,1
SGV052,SGV033,15,1
SGV053,SGV033,16,1
SGV054,SGV033,6,1
SGV055,SGV033,16,1
SGV056,SGV033,17,1
SGV057,SGV033,15,1
SGV058,SGV033,15,1
SGV059,SGV033,13,1
SGV060,SGV033,24,1
SGV061,SGV033,22,1
SGV062,SGV033,13,1
SGV063,SGV033,3,1
SGV064,SGV033,20,1
SGV065,SGV033,17,1
SGV066,SGV033,8,0
SGV067,SGV033,19,1
SGV068,SGV033,13,1
SGV069,SGV033,21,1
SGV070,SGV033,16,1
SGV071,SGV033,9,0
SGV072,SGV033,17,1
SGV073,SGV033,16,1
SGV075,SGV033,14,1
SGV077,SGV033,15,1
SGV078,SGV033,14,1
SGV079,SGV033,23,1
SGV080,SGV033,17,1
SGV004,SGV034,103,1
SGV021,SGV034,15,1
SGV022,SGV034,17,1
SGV023,SGV034,9,1
SGV025,SGV034,15,1
SGV026,SGV034,15,1
SGV028,SGV034,3,1
SGV029,SGV034,16,1
SGV030,SGV034,20,1
SGV031,SGV034,9,1
SGV032,SGV034,11,0
SGV033,SGV034,19,0
SGV034,SGV034,0,0
SGV035,SGV034,15,1
SGV036,SGV034,15,1
SGV037,SGV034,18,1
SGV038,SGV034,12,1
SGV039,SGV034,14,1
SGV040,SGV034,14,1
SGV041,SGV034,18,1
SGV042,SGV034,18,1
SGV043,SGV034,21,1
SGV044,SGV034,19,1
SGV045,SGV034,7,1
SGV046,SGV034,19,1
SGV047,SGV034,23,1
SGV048,SGV034,19,1
SGV049,SGV034,5,0
SGV050,SGV034,17,0
SGV051,SGV034,14,1
SGV052,SGV034,16,1
SGV053,SGV034,17,1
SGV054,SGV034,15,1
SGV055,SGV034,18,1
SGV056,SGV034,18,1
SGV057,SGV034,16,1
SGV058,SGV034,16,1
SGV059,SGV034,14,1
SGV060,SGV034,5,1
SGV061,SGV034,23,1
SGV062,SGV034,16,1
SGV063,SGV034,18,1
SGV064,SGV034,13,1
SGV065,SGV034,18,1
SGV066,SGV034,19,0
SGV067,SGV034,20,1
SGV068,SGV034,24,1
SGV069,SGV034,14,1
SGV070,SGV034,17,1
SGV071,SGV034,10,0
SGV072,SGV034,4,1
SGV073,SGV034,17,1
SGV075,SGV034,15,1
SGV077,SGV034,16,1
SGV078,SGV034,15,1
SGV079,SGV034,16,1
SGV080,SGV034,18,1
SGV004,SGV035,100,1
SGV021,SGV035,2,1
SGV022,SGV035,12,1
SGV023,SGV035,12,1
SGV025,SGV035,2,1
SGV026,SGV035,2,1
SGV028,SGV035,12,1
SGV029,SGV035,3,1
SGV030,SGV035,7,1
SGV031,SGV035,12,1
SGV032,SGV035,14,1
SGV033,SGV035,6,1
SGV034,SGV035,15,1
SGV035,SGV035,0,0
SGV036,SGV035,2,1
SGV037,SGV035,3,1
SGV038,SGV035,15,1
SGV039,SGV035,1,1
SGV040,SGV035,15,1
SGV041,SGV035,5,1
SGV042,SGV035,13,1
SGV043,SGV035,8,1
SGV044,SGV035,6,1
SGV045,SGV035,16,1
SGV046,SGV035,14,1
SGV047,SGV035,8,1
SGV048,SGV035,13,1
SGV049,SGV035,14,1
SGV050,SGV035,12,1
SGV051,SGV035,17,1
SGV052,SGV035,11,1
SGV053,SGV035,12,1
SGV054,SGV035,2,1
SGV055,SGV035,12,1
SGV056,SGV035,13,1
SGV057,SGV035,11,1
SGV058,SGV035,11,1
SGV059,SGV035,9,1
SGV060,SGV035,20,1
SGV061,SGV035,18,1
SGV062,SGV035,9,1
SGV063,SGV035,5,1
SGV064,SGV035,16,1
SGV065,SGV035,13,1
SGV066,SGV035,6,1
SGV067,SGV035,15,1
SGV068,SGV035,9,1
SGV069,SGV035,17,1
SGV070,SGV035,12,1
SGV071,SGV035,5,1
SGV072,SGV035,13,0
SGV073,SGV035,12,1
SGV075,SGV035,10,1
SGV077,SGV035,11,1
SGV078,SGV035,10,1
SGV079,SGV035,19,1
SGV080,SGV035,13,1
SGV004,SGV036,100,0
SGV021,SGV036,2,0
SGV022,SGV036,12,0
SGV023,SGV036,12,0
SGV025,SGV036,2,0
SGV026,SGV036,2,0
SGV028,SGV036,12,0
SGV029,SGV036,3,0
SGV030,SGV036,7,0
SGV031,SGV036,12,0
SGV032,SGV036,14,1
SGV033,SGV036,6,1
SGV034,SGV036,15,1
SGV035,SGV036,2,1
SGV036,SGV036,0,0
SGV037,SGV036,5,0
SGV038,SGV036,15,0
SGV039,SGV036,1,1
SGV040,SGV036,15,0
SGV041,SGV036,5,0
SGV042,SGV036,13,0
SGV043,SGV036,8,0
SGV044,SGV036,6,0
SGV045,SGV036,16,1
SGV046,SGV036,14,0
SGV047,SGV036,10,0
SGV048,SGV036,13,0
SGV049,SGV036,14,1
SGV050,SGV036,12,1
SGV051,SGV036,17,0
SGV052,SGV036,11,1
SGV053,SGV036,12,0
SGV054,SGV036,2,1
SGV055,SGV036,12,0
SGV056,SGV036,13,1
SGV057,SGV036,11,0
SGV058,SGV036,11,1
SGV059,SGV036,9,0
SGV060,SGV036,20,0
SGV061,SGV036,18,1
SGV062,SGV036,9,0
SGV063,SGV036,5,1
SGV064,SGV036,16,0
SGV065,SGV036,13,1
SGV066,SGV036,6,1
SGV067,SGV036,15,0
SGV068,SGV036,11,1
SGV069,SGV036,17,0
SGV070,SGV036,12,1
SGV071,SGV036,5,1
SGV072,SGV036,13,1
SGV073,SGV036,12,1
SGV075,SGV036,10,0
SGV077,SGV036,11,1
SGV078,SGV036,10,0
SGV079,SGV036,19,1
SGV080,SGV036,13,1
SGV004,SGV037,103,0
SGV021,SGV037,3,0
SGV022,SGV037,15,0
SGV023,SGV037,15,0
SGV025,SGV037,3,0
SGV026,SGV037,5,0
SGV028,SGV037,15,0
SGV029,SGV037,4,0
SGV030,SGV037,8,0
SGV031,SGV037,15,0
SGV032,SGV037,17,1
SGV033,SGV037,7,1
SGV034,SGV037,18,1
SGV035,SGV037,3,1
SGV036,SGV037,5,0
SGV037,SGV037,0,0
SGV038,SGV037,18,0
SGV039,SGV037,4,1
SGV040,SGV037,18,0
SGV041,SGV037,6,0
SGV042,SGV037,16,0
SGV043,SGV037,9,0
SGV044,SGV037,7,0
SGV045,SGV037,19,1
SGV046,SGV037,17,0
SGV047,SGV037,7,0
SGV048,SGV037,16,0
SGV049,SGV037,17,1
SGV050,SGV037,15,1
SGV051,SGV037,20,0
SGV052,SGV037,14,1
SGV053,SGV037,15,0
SGV054,SGV037,5,1
SGV055,SGV037,15,0
SGV056,SGV037,16,1
SGV057,SGV037,14,0
SGV058,SGV037,14,1
SGV059,SGV037,12,0
SGV060,SGV037,23,0
SGV061,SGV037,21,1
SGV062,SGV037,12,0
SGV063,SGV037,6,1
SGV064,SGV037,19,0
SGV065,SGV037,16,1
SGV066,SGV037,7,1
SGV067,SGV037,18,0
SGV068,SGV037,8,1
SGV069,SGV037,20,0
SGV070,SGV037,15,1
SGV071,SGV037,8,1
SGV072,SGV037,16,1
SGV073,SGV037,15,1
SGV075,SGV037,13,0
SGV077,SGV037,14,1
SGV078,SGV037,13,0
SGV079,SGV037,22,1
SGV080,SGV037,16,1
SGV004,SGV038,103,0
SGV021,SGV038,15,0
SGV022,SGV038,17,0
SGV023,SGV038,3,0
SGV025,SGV038,15,0
SGV026,SGV038,15,0
SGV028,SGV038,9,0
SGV029,SGV038,16,0
SGV030,SGV038,19,0
SGV031,SGV038,7,0
SGV032,SGV038,9,1
SGV033,SGV038,19,1
SGV034,SGV038,12,1
SGV035,SGV038,15,1
SGV036,SGV038,15,0
SGV037,SGV038,18,0
SGV038,SGV038,0,0
SGV039,SGV038,14,1
SGV040,SGV038,12,0
SGV041,SGV038,18,0
SGV042,SGV038,18,0
SGV043,SGV038,21,0
SGV044,SGV038,19,0
SGV045,SGV038,13,1
SGV046,SGV038,19,0
SGV047,SGV038,23,0
SGV048,SGV038,19,0
SGV049,SGV038,11,1
SGV050,SGV038,17,1
SGV051,SGV038,12,0
SGV052,SGV038,16,1
SGV053,SGV038,17,0
SGV054,SGV038,15,1
SGV055,SGV038,18,0
SGV056,SGV038,18,1
SGV057,SGV038,16,0
SGV058,SGV038,16,1
SGV059,SGV038,14,0
SGV060,SGV038,17,0
SGV061,SGV038,23,1
SGV062,SGV038,16,0
SGV063,SGV038,18,1
SGV064,SGV038,11,0
SGV065,SGV038,18,1
SGV066,SGV038,19,1
SGV067,SGV038,20,0
SGV068,SGV038,24,1
SGV069,SGV038,12,0
SGV070,SGV038,17,1
SGV071,SGV038,10,1
SGV072,SGV038,10,1
SGV073,SGV038,17,1
SGV075,SGV038,15,0
SGV077,SGV038,16,1
SGV078,SGV038,15,0
SGV079,SGV038,14,1
SGV080,SGV038,18,1
SGV004,SGV039,99,1
SGV021,SGV039,1,1
SGV022,SGV039,11,1
SGV023,SGV039,11,1
SGV025,SGV039,1,1
SGV026,SGV039,1,1
SGV028,SGV039,11,1
SGV029,SGV039,2,1
SGV030,SGV039,6,1
SGV031,SGV039,11,1
SGV032,SGV039,13,1
SGV033,SGV039,5,1
SGV034,SGV039,14,1
SGV035,SGV039,1,1
SGV036,SGV039,1,1
SGV037,SGV039,4,1
SGV038,SGV039,14,1
SGV039,SGV039,0,0
SGV040,SGV039,14,1
SGV041,SGV039,4,1
SGV042,SGV039,12,1
SGV043,SGV039,7,1
SGV044,SGV039,5,1
SGV045,SGV039,15,0
SGV046,SGV039,13,1
SGV047,SGV039,9,1
SGV048,SGV039,12,1
SGV049,SGV039,13,1
SGV050,SGV039,11,1
SGV051,SGV039,16,1
SGV052,SGV039,10,0
SGV053,SGV039,11,1
SGV054,SGV039,1,0
SGV055,SGV039,11,1
SGV056,SGV039,12,0
SGV057,SGV039,10,1
SGV058,SGV039,10,0
SGV059,SGV039,8,1
SGV060,SGV039,19,1
SGV061,SGV039,17,0
SGV062,SGV039,8,1
SGV063,SGV039,4,1
SGV064,SGV039,15,1
SGV065,SGV039,12,0
SGV066,SGV039,5,1
SGV067,SGV039,14,1
SGV068,SGV039,10,0
SGV069,SGV039,16,1
SGV070,SGV039,11,0
SGV071,SGV039,4,1
SGV072,SGV039,12,1
SGV073,SGV039,11,0
SGV075,SGV039,9,1
SGV077,SGV039,10,0
SGV078,SGV039,9,1
SGV079,SGV039,18,0
SGV080,SGV039,12,1
SGV004,SGV040,105,0
SGV021,SGV040,15,0
SGV022,SGV040,19,0
SGV023,SGV040,9,0
SGV025,SGV040,15,0
SGV026,SGV040,15,0
SGV028,SGV040,11,0
SGV029,SGV040,16,0
SGV030,SGV040,19,0
SGV031,SGV040,7,0
SGV032,SGV040,9,1
SGV033,SGV040,19,1
SGV034,SGV040,14,1
SGV035,SGV040,15,1
SGV036,SGV040,15,0
SGV037,SGV040,18,0
SGV038,SGV040,12,0
SGV039,SGV040,14,1
SGV040,SGV040,0,0
SGV041,SGV040,18,0
SGV042,SGV040,20,0
SGV043,SGV040,21,0
SGV044,SGV040,19,0
SGV045,SGV040,15,1
SGV046,SGV040,21,0
SGV047,SGV040,23,0
SGV048,SGV040,20,0
SGV049,SGV040,13,1
SGV050,SGV040,19,1
SGV051,SGV040,10,0
SGV052,SGV040,18,1
SGV053,SGV040,19,0
SGV054,SGV040,15,1
SGV055,SGV040,19,0
SGV056,SGV040,20,1
SGV057,SGV040,18,0
SGV058,SGV040,18,1
SGV059,SGV040,16,0
SGV060,SGV040,19,0
SGV061,SGV040,25,1
SGV062,SGV040,16,0
SGV063,SGV040,18,1
SGV064,SGV040,9,0
SGV065,SGV040,20,1
SGV066,SGV040,19,1
SGV067,SGV040,22,0
SGV068,SGV040,24,1
SGV069,SGV040,12,0
SGV070,SGV040,19,1
SGV071,SGV040,12,1
SGV072,SGV040,12,1
SGV073,SGV040,19,1
SGV075,SGV040,17,0
SGV077,SGV040,18,1
SGV078,SGV040,17,0
SGV079,SGV040,12,1
SGV080,SGV040,20,1
SGV004,SGV041,103,0
SGV021,SGV041,3,0
SGV022,SGV041,15,0
SGV023,SGV041,15,0
SGV025,SGV041,3,0
SGV026,SGV041,5,0
SGV028,SGV041,15,0
SGV029,SGV041,4,0
SGV030,SGV041,6,0
SGV031,SGV041,15,0
SGV032,SGV041,17,1
SGV033,SGV041,7,1
SGV034,SGV041,18,1
SGV035,SGV041,5,1
SGV036,SGV041,5,0
SGV037,SGV041,6,0
SGV038,SGV041,18,0
SGV039,SGV041,4,1
SGV040,SGV041,18,0
SGV041,SGV041,0,0
SGV042,SGV041,16,0
SGV043,SGV041,9,0
SGV044,SGV041,5,0
SGV045,SGV041,19,1
SGV046,SGV041,17,0
SGV047,SGV041,11,0
SGV048,SGV041,16,0
SGV049,SGV041,17,1
SGV050,SGV041,15,1
SGV051,SGV041,20,0
SGV052,SGV041,14,1
SGV053,SGV041,15,0
SGV054,SGV041,5,1
SGV055,SGV041,15,0
SGV056,SGV041,16,1
SGV057,SGV041,14,0
SGV058,SGV041,14,1
SGV059,SGV041,12,0
SGV060,SGV041,23,0
SGV061,SGV041,21,1
SGV062,SGV041,12,0
SGV063,SGV041,6,1
SGV064,SGV041,19,0
SGV065,SGV041,16,1
SGV066,SGV041,7,1
SGV067,SGV041,18,0
SGV068,SGV041,12,1
SGV069,SGV041,20,0
SGV070,SGV041,15,1
SGV071,SGV041,8,1
SGV072,SGV041,16,1
SGV073,SGV041,15,1
SGV075,SGV041,13,0
SGV077,SGV041,14,1
SGV078,SGV041,13,0
SGV079,SGV041,22,1
SGV080,SGV041,16,1
SGV004,SGV042,103,0
SGV021,SGV042,13,0
SGV022,SGV042,15,0
SGV023,SGV042,15,0
SGV025,SGV042,13,0
SGV026,SGV042,13,0
SGV028,SGV042,15,0
SGV029,SGV042,13,0
SGV030,SGV042,18,0
SGV031,SGV042,15,0
SGV032,SGV042,17,1
SGV033,SGV042,17,1
SGV034,SGV042,18,1
SGV035,SGV042,13,1
SGV036,SGV042,13,0
SGV037,SGV042,16,0
SGV038,SGV042,18,0
SGV039,SGV042,12,1
SGV040,SGV042,20,0
SGV041,SGV042,16,0
SGV042,SGV042,0,0
SGV043,SGV042,19,0
SGV044,SGV042,17,0
SGV045,SGV042,19,1
SGV046,SGV042,17,0
SGV047,SGV042,21,0
SGV048,SGV042,17,0
SGV049,SGV042,17,1
SGV050,SGV042,15,1
SGV051,SGV042,20,0
SGV052,SGV042,14,1
SGV053,SGV042,15,0
SGV054,SGV042,13,1
SGV055,SGV042,16,0
SGV056,SGV042,16,1
SGV057,SGV042,14,0
SGV058,SGV042,14,1
SGV059,SGV042,12,0
SGV060,SGV042,23,0
SGV061,SGV042,9,1
SGV062,SGV042,14,0
SGV063,SGV042,16,1
SGV064,SGV042,19,0
SGV065,SGV042,4,1
SGV066,SGV042,17,1
SGV067,SGV042,18,0
SGV068,SGV042,22,1
SGV069,SGV042,20,0
SGV070,SGV042,15,1
SGV071,SGV042,8,1
SGV072,SGV042,16,1
SGV073,SGV042,15,1
SGV075,SGV042,13,0
SGV077,SGV042,14,1
SGV078,SGV042,13,0
SGV079,SGV042,22,1
SGV080,SGV042,16,1
SGV004,SGV043,106,0
SGV021,SGV043,6,0
SGV022,SGV043,18,0
SGV023,SGV043,18,0
SGV025,SGV043,6,0
SGV026,SGV043,8,0
SGV028,SGV043,18,0
SGV029,SGV043,7,0
SGV030,SGV043,11,0
SGV031,SGV043,18,0
SGV032,SGV043,20,1
SGV033,SGV043,10,1
SGV034,SGV043,21,1
SGV035,SGV043,8,1
SGV036,SGV043,8,0
SGV037,SGV043,9,0
SGV038,SGV043,21,0
SGV039,SGV043,7,1
SGV040,SGV043,21,0
SGV041,SGV043,9,0
SGV042,SGV043,19,0
SGV043,SGV043,0,0
SGV044,SGV043,10,0
SGV045,SGV043,22,1
SGV046,SGV043,20,0
SGV047,SGV043,14,0
SGV048,SGV043,19,0
SGV049,SGV043,20,1
SGV050,SGV043,18,1
SGV051,SGV043,23,0
SGV052,SGV043,17,1
SGV053,SGV043,18,0
SGV054,SGV043,8,1
SGV055,SGV043,18,0
SGV056,SGV043,19,1
SGV057,SGV043,17,0
SGV058,SGV043,17,1
SGV059,SGV043,15,0
SGV060,SGV043,26,0
SGV061,SGV043,24,1
SGV062,SGV043,15,0
SGV063,SGV043,9,1
SGV064,SGV043,22,0
SGV065,SGV043,19,1
SGV066,SGV043,8,1
SGV067,SGV043,21,0
SGV068,SGV043,15,1
SGV069,SGV043,23,0
SGV070,SGV043,18,1
SGV071,SGV043,11,1
SGV072,SGV043,19,1
SGV073,SGV043,18,1
SGV075,SGV043,16,0
SGV077,SGV043,17,1
SGV078,SGV043,16,0
SGV079,SGV043,25,1
SGV080,SGV043,19,1
SGV004,SGV044,104,0
SGV021,SGV044,4,0
SGV022,SGV044,16,0
SGV023,SGV044,16,0
SGV025,SGV044,4,0
SGV026,SGV044,6,0
SGV028,SGV044,16,0
SGV029,SGV044,5,0
SGV030,SGV044,7,0
SGV031,SGV044,16,0
SGV032,SGV044,18,1
SGV033,SGV044,8,1
SGV034,SGV044,19,1
SGV035,SGV044,6,1
SGV036,SGV044,6,0
SGV037,SGV044,7,0
SGV038,SGV044,19,0
SGV039,SGV044,5,1
SGV040,SGV044,19,0
SGV041,SGV044,5,0
SGV042,SGV044,17,0
SGV043,SGV044,10,0
SGV044,SGV044,0,0
SGV045,SGV044,20,1
SGV046,SGV044,18,0
SGV047,SGV044,12,0
SGV048,SGV044,17,0
SGV049,SGV044,18,1
SGV050,SGV044,16,1
SGV051,SGV044,21,0
SGV052,SGV044,15,1
SGV053,SGV044,16,0
SGV054,SGV044,6,1
SGV055,SGV044,16,0
SGV056,SGV044,17,1
SGV057,SGV044,15,0
SGV058,SGV044,15,1
SGV059,SGV044,13,0
SGV060,SGV044,24,0
SGV061,SGV044,22,1
SGV062,SGV044,13,0
SGV063,SGV044,7,1
SGV064,SGV044,20,0
SGV065,SGV044,17,1
SGV066,SGV044,8,1
SGV067,SGV044,19,0
SGV068,SGV044,13,1
SGV069,SGV044,21,0
SGV070,SGV044,16,1
SGV071,SGV044,9,1
SGV072,SGV044,17,1
SGV073,SGV044,16,1
SGV075,SGV044,14,0
SGV077,SGV044,15,1
SGV078,SGV044,14,0
SGV079,SGV044,23,1
SGV080,SGV044,17,1
SGV004,SGV045,104,1
SGV021,SGV045,16,1
SGV022,SGV045,18,1
SGV023,SGV045,10,1
SGV025,SGV045,16,1
SGV026,SGV045,16,1
SGV028,SGV045,4,1
SGV029,SGV045,16,1
SGV030,SGV045,21,1
SGV031,SGV045,10,1
SGV032,SGV045,12,1
SGV033,SGV045,20,1
SGV034,SGV045,7,1
SGV035,SGV045,16,1
SGV036,SGV045,16,1
SGV037,SGV045,19,1
SGV038,SGV045,13,1
SGV039,SGV045,15,0
SGV040,SGV045,15,1
SGV041,SGV045,19,1
SGV042,SGV045,19,1
SGV043,SGV045,22,1
SGV044,SGV045,20,1
SGV045,SGV045,0,0
SGV046,SGV045,20,1
SGV047,SGV045,24,1
SGV048,SGV045,20,1
SGV049,SGV045,6,1
SGV050,SGV045,18,1
SGV051,SGV045,15,1
SGV052,SGV045,17,0
SGV053,SGV045,18,1
SGV054,SGV045,16,0
SGV055,SGV045,19,1
SGV056,SGV045,19,0
SGV057,SGV045,17,1
SGV058,SGV045,17,0
SGV059,SGV045,15,1
SGV060,SGV045,12,1
SGV061,SGV045,24,0
SGV062,SGV045,17,1
SGV063,SGV045,19,1
SGV064,SGV045,14,1
SGV065,SGV045,19,0
SGV066,SGV045,20,1
SGV067,SGV045,21,1
SGV068,SGV045,25,0
SGV069,SGV045,15,1
SGV070,SGV045,18,0
SGV071,SGV045,11,1
SGV072,SGV045,5,1
SGV073,SGV045,18,0
SGV075,SGV045,16,1
SGV077,SGV045,17,0
SGV078,SGV045,16,1
SGV079,SGV045,17,0
SGV080,SGV045,19,1
SGV004,SGV046,104,0
SGV021,SGV046,14,0
SGV022,SGV046,12,0
SGV023,SGV046,16,0
SGV025,SGV046,14,0
SGV026,SGV046,14,0
SGV028,SGV046,16,0
SGV029,SGV046,15,0
SGV030,SGV046,19,0
SGV031,SGV046,16,0
SGV032,SGV046,18,1
SGV033,SGV046,18,1
SGV034,SGV046,19,1
SGV035,SGV046,14,1
SGV036,SGV046,14,0
SGV037,SGV046,17,0
SGV038,SGV046,19,0
SGV039,SGV046,13,1
SGV040,SGV046,21,0
SGV041,SGV046,17,0
SGV042,SGV046,17,0
SGV043,SGV046,20,0
SGV044,SGV046,18,0
SGV045,SGV046,20,1
SGV046,SGV046,0,0
SGV047,SGV046,22,0
SGV048,SGV046,0,0
SGV049,SGV046,18,1
SGV050,SGV046,12,1
SGV051,SGV046,21,0
SGV052,SGV046,11,1
SGV053,SGV046,12,0
SGV054,SGV046,14,1
SGV055,SGV046,13,0
SGV056,SGV046,13,1
SGV057,SGV046,11,0
SGV058,SGV046,11,1
SGV059,SGV046,9,0
SGV060,SGV046,24,0
SGV061,SGV046,22,1
SGV062,SGV046,11,0
SGV063,SGV046,17,1
SGV064,SGV046,20,0
SGV065,SGV046,17,1
SGV066,SGV046,18,1
SGV067,SGV046,3,0
SGV068,SGV046,23,1
SGV069,SGV046,21,0
SGV070,SGV046,12,1
SGV071,SGV046,9,1
SGV072,SGV046,17,1
SGV073,SGV046,12,1
SGV075,SGV046,10,0
SGV077,SGV046,9,1
SGV078,SGV046,10,0
SGV079,SGV046,23,1
SGV080,SGV046,13,1
SGV004,SGV047,108,0
SGV021,SGV047,8,0
SGV022,SGV047,20,0
SGV023,SGV047,20,0
SGV025,SGV047,8,0
SGV026,SGV047,10,0
SGV028,SGV047,20,0
SGV029,SGV047,9,0
SGV030,SGV047,13,0
SGV031,SGV047,20,0
SGV032,SGV047,22,1
SGV033,SGV047,12,1
SGV034,SGV047,23,1
SGV035,SGV047,8,1
SGV036,SGV047,10,0
SGV037,SGV047,7,0
SGV038,SGV047,23,0
SGV039,SGV047,9,1
SGV040,SGV047,23,0
SGV041,SGV047,11,0
SGV042,SGV047,21,0
SGV043,SGV047,14,0
SGV044,SGV047,12,0
SGV045,SGV047,24,1
SGV046,SGV047,22,0
SGV047,SGV047,0,0
SGV048,SGV047,21,0
SGV049,SGV047,22,1
SGV050,SGV047,20,1
SGV051,SGV047,25,0
SGV052,SGV047,19,1
SGV053,SGV047,20,0
SGV054,SGV047,10,1
SGV055,SGV047,20,0
SGV056,SGV047,21,1
SGV057,SGV047,19,0
SGV058,SGV047,19,1
SGV059,SGV047,17,0
SGV060,SGV047,28,0
SGV061,SGV047,26,1
SGV062,SGV047,17,0
SGV063,SGV047,11,1
SGV064,SGV047,24,0
SGV065,SGV047,21,1
SGV066,SGV047,12,1
SGV067,SGV047,23,0
SGV068,SGV047,1,1
SGV069,SGV047,25,0
SGV070,SGV047,20,1
SGV071,SGV047,13,1
SGV072,SGV047,21,1
SGV073,SGV047,20,1
SGV075,SGV047,18,0
SGV077,SGV047,19,1
SGV078,SGV047,18,0
SGV079,SGV047,27,1
SGV080,SGV047,21,1
SGV004,SGV048,104,0
SGV021,SGV048,13,0
SGV022,SGV048,12,0
SGV023,SGV048,16,0
SGV025,SGV048,13,0
SGV026,SGV048,13,0
SGV028,SGV048,16,0
SGV029,SGV048,13,0
SGV030,SGV048,18,0
SGV031,SGV048,16,0
SGV032,SGV048,18,1
SGV033,SGV048,17,1
SGV034,SGV048,19,1
SGV035,SGV048,13,1
SGV036,SGV048,13,0
SGV037,SGV048,16,0
SGV038,SGV048,19,0
SGV039,SGV048,12,1
SGV040,SGV048,20,0
SGV041,SGV048,16,0
SGV042,SGV048,17,0
SGV043,SGV048,19,0
SGV044,SGV048,17,0
SGV045,SGV048,20,1
SGV046,SGV048,0,0
SGV047,SGV048,21,0
SGV048,SGV048,0,0
SGV049,SGV048,18,1
SGV050,SGV048,12,1
SGV051,SGV048,21,0
SGV052,SGV048,11,1
SGV053,SGV048,12,0
SGV054,SGV048,13,1
SGV055,SGV048,13,0
SGV056,SGV048,13,1
SGV057,SGV048,11,0
SGV058,SGV048,11,1
SGV059,SGV048,9,0
SGV060,SGV048,24,0
SGV061,SGV048,22,1
SGV062,SGV048,10,0
SGV063,SGV048,16,1
SGV064,SGV048,20,0
SGV065,SGV048,17,1
SGV066,SGV048,17,1
SGV067,SGV048,3,0
SGV068,SGV048,22,1
SGV069,SGV048,21,0
SGV070,SGV048,12,1
SGV071,SGV048,9,1
SGV072,SGV048,17,1
SGV073,SGV048,12,1
SGV075,SGV048,10,0
SGV077,SGV048,9,1
SGV078,SGV048,10,0
SGV079,SGV048,23,1
SGV080,SGV048,13,1
SGV004,SGV049,102,1
SGV021,SGV049,14,1
SGV022,SGV049,16,1
SGV023,SGV049,8,1
SGV025,SGV049,14,1
SGV026,SGV049,14,1
SGV028,SGV049,2,1
SGV029,SGV049,15,1
SGV030,SGV049,19,1
SGV031,SGV049,8,1
SGV032,SGV049,10,0
SGV033,SGV049,18,0
SGV034,SGV049,5,0
SGV035,SGV049,14,1
SGV036,SGV049,14,1
SGV037,SGV049,17,1
SGV038,SGV049,11,1
SGV039,SGV049,13,1
SGV040,SGV049,13,1
SGV041,SGV049,17,1
SGV042,SGV049,17,1
SGV043,SGV049,20,1
SGV044,SGV049,18,1
SGV045,SGV049,6,1
SGV046,SGV049,18,1
SGV047,SGV049,22,1
SGV048,SGV049,18,1
SGV049,SGV049,0,0
SGV050,SGV049,16,0
SGV051,SGV049,13,1
SGV052,SGV049,15,1
SGV053,SGV049,16,1
SGV054,SGV049,14,1
SGV055,SGV049,17,1
SGV056,SGV049,17,1
SGV057,SGV049,15,1
SGV058,SGV049,15,1
SGV059,SGV049,13,1
SGV060,SGV049,10,1
SGV061,SGV049,22,1
SGV062,SGV049,15,1
SGV063,SGV049,17,1
SGV064,SGV049,12,1
SGV065,SGV049,17,1
SGV066,SGV049,18,0
SGV067,SGV049,19,1
SGV068,SGV049,23,1
SGV069,SGV049,13,1
SGV070,SGV049,16,1
SGV071,SGV049,9,0
SGV072,SGV049,3,1
SGV073,SGV049,16,1
SGV075,SGV049,14,1
SGV077,SGV049,15,1
SGV078,SGV049,14,1
SGV079,SGV049,15,1
SGV080,SGV049,17,1
SGV004,SGV050,102,1
SGV021,SGV050,12,1
SGV022,SGV050,10,1
SGV023,SGV050,14,1
SGV025,SGV050,12,1
SGV026,SGV050,12,1
SGV028,SGV050,14,1
SGV029,SGV050,12,1
SGV030,SGV050,17,1
SGV031,SGV050,14,1
SGV032,SGV050,16,0
SGV033,SGV050,16,0
SGV034,SGV050,17,0
SGV035,SGV050,12,1
SGV036,SGV050,12,1
SGV037,SGV050,15,1
SGV038,SGV050,17,1
SGV039,SGV050,11,1
SGV040,SGV050,19,1
SGV041,SGV050,15,1
SGV042,SGV050,15,1
SGV043,SGV050,18,1
SGV044,SGV050,16,1
SGV045,SGV050,18,1
SGV046,SGV050,12,1
SGV047,SGV050,20,1
SGV048,SGV050,12,1
SGV049,SGV050,16,0
SGV050,SGV050,0,0
SGV051,SGV050,19,1
SGV052,SGV050,9,1
SGV053,SGV050,10,1
SGV054,SGV050,12,1
SGV055,SGV050,11,1
SGV056,SGV050,11,1
SGV057,SGV050,9,1
SGV058,SGV050,9,1
SGV059,SGV050,7,1
SGV060,SGV050,22,1
SGV061,SGV050,20,1
SGV062,SGV050,9,1
SGV063,SGV050,15,1
SGV064,SGV050,18,1
SGV065,SGV050,15,1
SGV066,SGV050,16,0
SGV067,SGV050,13,1
SGV068,SGV050,21,1
SGV069,SGV050,19,1
SGV070,SGV050,10,1
SGV071,SGV050,7,0
SGV072,SGV050,15,1
SGV073,SGV050,10,1
SGV075,SGV050,8,1
SGV077,SGV050,9,1
SGV078,SGV050,8,1
SGV079,SGV050,21,1
SGV080,SGV050,11,1
SGV004,SGV051,104,0
SGV021,SGV051,17,0
SGV022,SGV051,19,0
SGV023,SGV051,9,0
SGV025,SGV051,17,0
SGV026,SGV051,17,0
SGV028,SGV051,11,0
SGV029,SGV051,18,0
SGV030,SGV051,21,0
SGV031,SGV051,7,0
SGV032,SGV051,9,1
SGV033,SGV051,21,1
SGV034,SGV051,14,1
SGV035,SGV051,17,1
SGV036,SGV051,17,0
SGV037,SGV051,20,0
SGV038,SGV051,12,0
SGV039,SGV051,16,1
SGV040,SGV051,10,0
SGV041,SGV051,20,0
SGV042,SGV051,20,0
SGV043,SGV051,23,0
SGV044,SGV051,21,0
SGV045,SGV051,15,1
SGV046,SGV051,21,0
SGV047,SGV051,25,0
SGV048,SGV051,21,0
SGV049,SGV051,13,1
SGV050,SGV051,19,1
SGV051,SGV051,0,0
SGV052,SGV051,18,1
SGV053,SGV051,19,0
SGV054,SGV051,17,1
SGV055,SGV051,20,0
SGV056,SGV051,20,1
SGV057,SGV051,18,0
SGV058,SGV051,18,1
SGV059,SGV051,16,0
SGV060,SGV051,19,0
SGV061,SGV051,25,1
SGV062,SGV051,18,0
SGV063,SGV051,20,1
SGV064,SGV051,9,0
SGV065,SGV051,20,1
SGV066,SGV051,21,1
SGV067,SGV051,22,0
SGV068,SGV051,26,1
SGV069,SGV051,12,0
SGV070,SGV051,19,1
SGV071,SGV051,12,1
SGV072,SGV051,12,1
SGV073,SGV051,19,1
SGV075,SGV051,17,0
SGV077,SGV051,18,1
SGV078,SGV051,17,0
SGV079,SGV051,8,1
SGV080,SGV051,20,1
SGV004,SGV052,101,1
SGV021,SGV052,11,1
SGV022,SGV052,9,1
SGV023,SGV052,13,1
SGV025,SGV052,11,1
SGV026,SGV052,11,1
SGV028,SGV052,13,1
SGV029,SGV052,12,1
SGV030,SGV052,16,1
SGV031,SGV052,13,1
SGV032,SGV052,15,1
SGV033,SGV052,15,1
SGV034,SGV052,16,1
SGV035,SGV052,11,1
SGV036,SGV052,11,1
SGV037,SGV052,14,1
SGV038,SGV052,16,1
SGV039,SGV052,10,0
SGV040,SGV052,18,1
SGV041,SGV052,14,1
SGV042,SGV052,14,1
SGV043,SGV052,17,1
SGV044,SGV052,15,1
SGV045,SGV052,17,0
SGV046,SGV052,11,1
SGV047,SGV052,19,1
SGV048,SGV052,11,1
SGV049,SGV052,15,1
SGV050,SGV052,9,1
SGV051,SGV052,18,1
SGV052,SGV052,0,0
SGV053,SGV052,1,1
SGV054,SGV052,11,0
SGV055,SGV052,2,1
SGV056,SGV052,10,0
SGV057,SGV052,8,1
SGV058,SGV052,0,0
SGV059,SGV052,6,1
SGV060,SGV052,21,1
SGV061,SGV052,19,0
SGV062,SGV052,4,1
SGV063,SGV052,14,1
SGV064,SGV052,17,1
SGV065,SGV052,14,0
SGV066,SGV052,15,1
SGV067,SGV052,12,1
SGV068,SGV052,20,0
SGV069,SGV052,18,1
SGV070,SGV052,9,0
SGV071,SGV052,6,1
SGV072,SGV052,14,1
SGV073,SGV052,9,0
SGV075,SGV052,7,1
SGV077,SGV052,8,0
SGV078,SGV052,7,1
SGV079,SGV052,20,0
SGV080,SGV052,10,1
SGV004,SGV053,102,0
SGV021,SGV053,12,0
SGV022,SGV053,10,0
SGV023,SGV053,14,0
SGV025,SGV053,12,0
SGV026,SGV053,12,0
SGV028,SGV053,14,0
SGV029,SGV053,12,0
SGV030,SGV053,17,0
SGV031,SGV053,14,0
SGV032,SGV053,16,1
SGV033,SGV053,16,1
SGV034,SGV053,17,1
SGV035,SGV053,12,1
SGV036,SGV053,12,0
SGV037,SGV053,15,0
SGV038,SGV053,17,0
SGV039,SGV053,11,1
SGV040,SGV053,19,0
SGV041,SGV053,15,0
SGV042,SGV053,15,0
SGV043,SGV053,18,0
SGV044,SGV053,16,0
SGV045,SGV053,18,1
SGV046,SGV053,12,0
SGV047,SGV053,20,0
SGV048,SGV053,12,0
SGV049,SGV053,16,1
SGV050,SGV053,10,1
SGV051,SGV053,19,0
SGV052,SGV053,1,1
SGV053,SGV053,0,0
SGV054,SGV053,12,1
SGV055,SGV053,3,0
SGV056,SGV053,11,1
SGV057,SGV053,9,0
SGV058,SGV053,1,1
SGV059,SGV053,7,0
SGV060,SGV053,22,0
SGV061,SGV053,20,1
SGV062,SGV053,5,0
SGV063,SGV053,15,1
SGV064,SGV053,18,0
SGV065,SGV053,15,1
SGV066,SGV053,16,1
SGV067,SGV053,13,0
SGV068,SGV053,21,1
SGV069,SGV053,19,0
SGV070,SGV053,10,1
SGV071,SGV053,7,1
SGV072,SGV053,15,1
SGV073,SGV053,10,1
SGV075,SGV053,8,0
SGV077,SGV053,9,1
SGV078,SGV053,8,0
SGV079,SGV053,21,1
SGV080,SGV053,11,1
SGV004,SGV054,100,1
SGV021,SGV054,2,1
SGV022,SGV054,12,1
SGV023,SGV054,12,1
SGV025,SGV054,2,1
SGV026,SGV054,2,1
SGV028,SGV054,12,1
SGV029,SGV054,3,1
SGV030,SGV054,7,1
SGV031,SGV054,12,1
SGV032,SGV054,14,1
SGV033,SGV054,6,1
SGV034,SGV054,15,1
SGV035,SGV054,2,1
SGV036,SGV054,2,1
SGV037,SGV054,5,1
SGV038,SGV054,15,1
SGV039,SGV054,1,0
SGV040,SGV054,15,1
SGV041,SGV054,5,1
SGV042,SGV054,13,1
SGV043,SGV054,8,1
SGV044,SGV054,6,1
SGV045,SGV054,16,0
SGV046,SGV054,14,1
SGV047,SGV054,10,1
SGV048,SGV054,13,1
SGV049,SGV054,14,1
SGV050,SGV054,12,1
SGV051,SGV054,17,1
SGV052,SGV054,11,0
SGV053,SGV054,12,1
SGV054,SGV054,0,0
SGV055,SGV054,12,1
SGV056,SGV054,13,0
SGV057,SGV054,11,1
SGV058,SGV054,11,0
SGV059,SGV054,9,1
SGV060,SGV054,20,1
SGV061,SGV054,18,0
SGV062,SGV054,9,1
SGV063,SGV054,5,1
SGV064,SGV054,16,1
SGV065,SGV054,13,0
SGV066,SGV054,6,1
SGV067,SGV054,15,1
SGV068,SGV054,11,0
SGV069,SGV054,17,1
SGV070,SGV054,12,0
SGV071,SGV054,5,1
SGV072,SGV054,13,1
SGV073,SGV054,12,0
SGV075,SGV054,10,1
SGV077,SGV054,11,0
SGV078,SGV054,10,1
SGV079,SGV054,19,0
SGV080,SGV054,13,1
SGV004,SGV055,102,0
SGV021,SGV055,12,0
SGV022,SGV055,11,0
SGV023,SGV055,15,0
SGV025,SGV055,12,0
SGV026,SGV055,12,0
SGV028,SGV055,15,0
SGV029,SGV055,13,0
SGV030,SGV055,17,0
SGV031,SGV055,15,0
SGV032,SGV055,17,1
SGV033,SGV055,16,1
SGV034,SGV055,18,1
SGV035,SGV055,12,1
SGV036,SGV055,12,0
SGV037,SGV055,15,0
SGV038,SGV055,18,0
SGV039,SGV055,11,1
SGV040,SGV055,19,0
SGV041,SGV055,15,0
SGV042,SGV055,16,0
SGV043,SGV055,18,0
SGV044,SGV055,16,0
SGV045,SGV055,19,1
SGV046,SGV055,13,0
SGV047,SGV055,20,0
SGV048,SGV055,13,0
SGV049,SGV055,17,1
SGV050,SGV055,11,1
SGV051,SGV055,20,0
SGV052,SGV055,2,1
SGV053,SGV055,3,0
SGV054,SGV055,12,1
SGV055,SGV055,0,0
SGV056,SGV055,12,1
SGV057,SGV055,10,0
SGV058,SGV055,2,1
SGV059,SGV055,8,0
SGV060,SGV055,23,0
SGV061,SGV055,21,1
SGV062,SGV055,5,0
SGV063,SGV055,15,1
SGV064,SGV055,19,0
SGV065,SGV055,16,1
SGV066,SGV055,16,1
SGV067,SGV055,14,0
SGV068,SGV055,21,1
SGV069,SGV055,20,0
SGV070,SGV055,11,1
SGV071,SGV055,8,1
SGV072,SGV055,16,1
SGV073,SGV055,11,1
SGV075,SGV055,9,0
SGV077,SGV055,10,1
SGV078,SGV055,9,0
SGV079,SGV055,22,1
SGV080,SGV055,12,1
SGV004,SGV056,103,1
SGV021,SGV056,13,1
SGV022,SGV056,11,1
SGV023,SGV056,15,1
SGV025,SGV056,13,1
SGV026,SGV056,13,1
SGV028,SGV056,15,1
SGV029,SGV056,13,1
SGV030,SGV056,18,1
SGV031,SGV056,15,1
SGV032,SGV056,17,1
SGV033,SGV056,17,1
SGV034,SGV056,18,1
SGV035,SGV056,13,1
SGV036,SGV056,13,1
SGV037,SGV056,16,1
SGV038,SGV056,18,1
SGV039,SGV056,12,0
SGV040,SGV056,20,1
SGV041,SGV056,16,1
SGV042,SGV056,16,1
SGV043,SGV056,19,1
SGV044,SGV056,17,1
SGV045,SGV056,19,0
SGV046,SGV056,13,1
SGV047,SGV056,21,1
SGV048,SGV056,13,1
SGV049,SGV056,17,1
SGV050,SGV056,11,1
SGV051,SGV056,20,1
SGV052,SGV056,10,0
SGV053,SGV056,11,1
SGV054,SGV056,13,0
SGV055,SGV056,12,1
SGV056,SGV056,0,0
SGV057,SGV056,10,1
SGV058,SGV056,10,0
SGV059,SGV056,8,1
SGV060,SGV056,23,1
SGV061,SGV056,21,0
SGV062,SGV056,10,1
SGV063,SGV056,16,1
SGV064,SGV056,19,1
SGV065,SGV056,16,0
SGV066,SGV056,17,1
SGV067,SGV056,14,1
SGV068,SGV056,22,0
SGV069,SGV056,20,1
SGV070,SGV056,11,0
SGV071,SGV056,8,1
SGV072,SGV056,16,1
SGV073,SGV056,5,0
SGV075,SGV056,9,1
SGV077,SGV056,10,0
SGV078,SGV056,9,1
SGV079,SGV056,22,0
SGV080,SGV056,10,1
SGV004,SGV057,101,0
SGV021,SGV057,11,0
SGV022,SGV057,9,0
SGV023,SGV057,13,0
SGV025,SGV057,11,0
SGV026,SGV057,11,0
SGV028,SGV057,13,0
SGV029,SGV057,12,0
SGV030,SGV057,16,0
SGV031,SGV057,13,0
SGV032,SGV057,15,1
SGV033,SGV057,15,1
SGV034,SGV057,16,1
SGV035,SGV057,11,1
SGV036,SGV057,11,0
SGV037,SGV057,14,0
SGV038,SGV057,16,0
SGV039,SGV057,10,1
SGV040,SGV057,18,0
SGV041,SGV057,14,0
SGV042,SGV057,14,0
SGV043,SGV057,17,0
SGV044,SGV057,15,0
SGV045,SGV057,17,1
SGV046,SGV057,11,0
SGV047,SGV057,19,0
SGV048,SGV057,11,0
SGV049,SGV057,15,1
SGV050,SGV057,9,1
SGV051,SGV057,18,0
SGV052,SGV057,8,1
SGV053,SGV057,9,0
SGV054,SGV057,11,1
SGV055,SGV057,10,0
SGV056,SGV057,10,1
SGV057,SGV057,0,0
SGV058,SGV057,8,1
SGV059,SGV057,6,0
SGV060,SGV057,21,0
SGV061,SGV057,19,1
SGV062,SGV057,8,0
SGV063,SGV057,14,1
SGV064,SGV057,17,0
SGV065,SGV057,14,1
SGV066,SGV057,15,1
SGV067,SGV057,12,0
SGV068,SGV057,20,1
SGV069,SGV057,18,0
SGV070,SGV057,9,1
SGV071,SGV057,6,1
SGV072,SGV057,14,1
SGV073,SGV057,9,1
SGV075,SGV057,7,0
SGV077,SGV057,8,1
SGV078,SGV057,7,0
SGV079,SGV057,20,1
SGV080,SGV057,10,1
SGV004,SGV058,101,1
SGV021,SGV058,11,1
SGV022,SGV058,9,1
SGV023,SGV058,13,1
SGV025,SGV058,11,1
SGV026,SGV058,11,1
SGV028,SGV058,13,1
SGV029,SGV058,12,1
SGV030,SGV058,16,1
SGV031,SGV058,13,1
SGV032,SGV058,15,1
SGV033,SGV058,15,1
SGV034,SGV058,16,1
SGV035,SGV058,11,1
SGV036,SGV058,11,1
SGV037,SGV058,14,1
SGV038,SGV058,16,1
SGV039,SGV058,10,0
SGV040,SGV058,18,1
SGV041,SGV058,14,1
SGV042,SGV058,14,1
SGV043,SGV058,17,1
SGV044,SGV058,15,1
SGV045,SGV058,17,0
SGV046,SGV058,11,1
SGV047,SGV058,19,1
SGV048,SGV058,11,1
SGV049,SGV058,15,1
SGV050,SGV058,9,1
SGV051,SGV058,18,1
SGV052,SGV058,0,0
SGV053,SGV058,1,1
SGV054,SGV058,11,0
SGV055,SGV058,2,1
SGV056,SGV058,10,0
SGV057,SGV058,8,1
SGV058,SGV058,0,0
SGV059,SGV058,6,1
SGV060,SGV058,21,1
SGV061,SGV058,19,0
SGV062,SGV058,4,1
SGV063,SGV058,14,1
SGV064,SGV058,17,1
SGV065,SGV058,14,0
SGV066,SGV058,15,1
SGV067,SGV058,12,1
SGV068,SGV058,20,0
SGV069,SGV058,18,1
SGV070,SGV058,9,0
SGV071,SGV058,6,1
SGV072,SGV058,14,1
SGV073,SGV058,9,0
SGV075,SGV058,7,1
SGV077,SGV058,8,0
SGV078,SGV058,7,1
SGV079,SGV058,20,0
SGV080,SGV058,10,1
SGV004,SGV059,99,0
SGV021,SGV059,9,0
SGV022,SGV059,7,0
SGV023,SGV059,11,0
SGV025,SGV059,9,0
SGV026,SGV059,9,0
SGV028,SGV059,11,0
SGV029,SGV059,10,0
SGV030,SGV059,14,0
SGV031,SGV059,11,0
SGV032,SGV059,13,1
SGV033,SGV059,13,1
SGV034,SGV059,14,1
SGV035,SGV059,9,1
SGV036,SGV059,9,0
SGV037,SGV059,12,0
SGV038,SGV059,14,0
SGV039,SGV059,8,1
SGV040,SGV059,16,0
SGV041,SGV059,12,0
SGV042,SGV059,12,0
SGV043,SGV059,15,0
SGV044,SGV059,13,0
SGV045,SGV059,15,1
SGV046,SGV059,9,0
SGV047,SGV059,17,0
SGV048,SGV059,9,0
SGV049,SGV059,13,1
SGV050,SGV059,7,1
SGV051,SGV059,16,0
SGV052,SGV059,6,1
SGV053,SGV059,7,0
SGV054,SGV059,9,1
SGV055,SGV059,8,0
SGV056,SGV059,8,1
SGV057,SGV059,6,0
SGV058,SGV059,6,1
SGV059,SGV059,0,0
SGV060,SGV059,19,0
SGV061,SGV059,17,1
SGV062,SGV059,6,0
SGV063,SGV059,12,1
SGV064,SGV059,15,0
SGV065,SGV059,12,1
SGV066,SGV059,13,1
SGV067,SGV059,10,0
SGV068,SGV059,18,1
SGV069,SGV059,16,0
SGV070,SGV059,7,1
SGV071,SGV059,4,1
SGV072,SGV059,12,1
SGV073,SGV059,7,1
SGV075,SGV059,5,0
SGV077,SGV059,6,1
SGV078,SGV059,5,0
SGV079,SGV059,18,1
SGV080,SGV059,8,1
SGV004,SGV060,108,0
SGV021,SGV060,20,0
SGV022,SGV060,22,0
SGV023,SGV060,14,0
SGV025,SGV060,20,0
SGV026,SGV060,20,0
SGV028,SGV060,8,0
SGV029,SGV060,20,0
SGV030,SGV060,25,0
SGV031,SGV060,14,0
SGV032,SGV060,16,1
SGV033,SGV060,24,1
SGV034,SGV060,5,1
SGV035,SGV060,20,1
SGV036,SGV060,20,0
SGV037,SGV060,23,0
SGV038,SGV060,17,0
SGV039,SGV060,19,1
SGV040,SGV060,19,0
SGV041,SGV060,23,0
SGV042,SGV060,23,0
SGV043,SGV060,26,0
SGV044,SGV060,24,0
SGV045,SGV060,12,1
SGV046,SGV060,24,0
SGV047,SGV060,28,0
SGV048,SGV060,24,0
SGV049,SGV060,10,1
SGV050,SGV060,22,1
SGV051,SGV060,19,0
SGV052,SGV060,21,1
SGV053,SGV060,22,0
SGV054,SGV060,20,1
SGV055,SGV060,23,0
SGV056,SGV060,23,1
SGV057,SGV060,21,0
SGV058,SGV060,21,1
SGV059,SGV060,19,0
SGV060,SGV060,0,0
SGV061,SGV060,28,1
SGV062,SGV060,21,0
SGV063,SGV060,23,1
SGV064,SGV060,18,0
SGV065,SGV060,23,1
SGV066,SGV060,24,1
SGV067,SGV060,25,0
SGV068,SGV060,29,1
SGV069,SGV060,19,0
SGV070,SGV060,22,1
SGV071,SGV060,15,1
SGV072,SGV060,9,1
SGV073,SGV060,22,1
SGV075,SGV060,20,0
SGV077,SGV060,21,1
SGV078,SGV060,20,0
SGV079,SGV060,21,1
SGV080,SGV060,23,1
SGV004,SGV061,108,1
SGV021,SGV061,18,1
SGV022,SGV061,20,1
SGV023,SGV061,20,1
SGV025,SGV061,18,1
SGV026,SGV061,18,1
SGV028,SGV061,20,1
SGV029,SGV061,19,1
SGV030,SGV061,23,1
SGV031,SGV061,20,1
SGV032,SGV061,22,1
SGV033,SGV061,22,1
SGV034,SGV061,23,1
SGV035,SGV061,18,1
SGV036,SGV061,18,1
SGV037,SGV061,21,1
SGV038,SGV061,23,1
SGV039,SGV061,17,0
SGV040,SGV061,25,1
SGV041,SGV061,21,1
SGV042,SGV061,9,1
SGV043,SGV061,24,1
SGV044,SGV061,22,1
SGV045,SGV061,24,0
SGV046,SGV061,22,1
SGV047,SGV061,26,1
SGV048,SGV061,22,1
SGV049,SGV061,22,1
SGV050,SGV061,20,1
SGV051,SGV061,25,1
SGV052,SGV061,19,0
SGV053,SGV061,20,1
SGV054,SGV061,18,0
SGV055,SGV061,21,1
SGV056,SGV061,21,0
SGV057,SGV061,19,1
SGV058,SGV061,19,0
SGV059,SGV061,17,1
SGV060,SGV061,28,1
SGV061,SGV061,0,0
SGV062,SGV061,19,1
SGV063,SGV061,21,1
SGV064,SGV061,24,1
SGV065,SGV061,5,0
SGV066,SGV061,22,1
SGV067,SGV061,23,1
SGV068,SGV061,27,0
SGV069,SGV061,25,1
SGV070,SGV061,20,0
SGV071,SGV061,13,1
SGV072,SGV061,21,1
SGV073,SGV061,20,0
SGV075,SGV061,18,1
SGV077,SGV061,19,0
SGV078,SGV061,18,1
SGV079,SGV061,27,0
SGV080,SGV061,21,1
SGV004,SGV062,101,0
SGV021,SGV062,9,0
SGV022,SGV062,9,0
SGV023,SGV062,13,0
SGV025,SGV062,9,0
SGV026,SGV062,9,0
SGV028,SGV062,13,0
SGV029,SGV062,10,0
SGV030,SGV062,14,0
SGV031,SGV062,13,0
SGV032,SGV062,15,1
SGV033,SGV062,13,1
SGV034,SGV062,16,1
SGV035,SGV062,9,1
SGV036,SGV062,9,0
SGV037,SGV062,12,0
SGV038,SGV062,16,0
SGV039,SGV062,8,1
SGV040,SGV062,16,0
SGV041,SGV062,12,0
SGV042,SGV062,14,0
SGV043,SGV062,15,0
SGV044,SGV062,13,0
SGV045,SGV062,17,1
SGV046,SGV062,11,0
SGV047,SGV062,17,0
SGV048,SGV062,10,0
SGV049,SGV062,15,1
SGV050,SGV062,9,1
SGV051,SGV062,18,0
SGV052,SGV062,4,1
SGV053,SGV062,5,0
SGV054,SGV062,9,1
SGV055,SGV062,5,0
SGV056,SGV062,10,1
SGV057,SGV062,8,0
SGV058,SGV062,4,1
SGV059,SGV062,6,0
SGV060,SGV062,21,0
SGV061,SGV062,19,1
SGV062,SGV062,0,0
SGV063,SGV062,12,1
SGV064,SGV062,17,0
SGV065,SGV062,14,1
SGV066,SGV062,13,1
SGV067,SGV062,12,0
SGV068,SGV062,18,1
SGV069,SGV062,18,0
SGV070,SGV062,9,1
SGV071,SGV062,6,1
SGV072,SGV062,14,1
SGV073,SGV062,9,1
SGV075,SGV062,7,0
SGV077,SGV062,8,1
SGV078,SGV062,7,0
SGV079,SGV062,20,1
SGV080,SGV062,10,1
SGV004,SGV063,103,1
SGV021,SGV063,3,1
SGV022,SGV063,15,1
SGV023,SGV063,15,1
SGV025,SGV063,3,1
SGV026,SGV063,5,1
SGV028,SGV063,15,1
SGV029,SGV063,4,1
SGV030,SGV063,8,1
SGV031,SGV063,15,1
SGV032,SGV063,17,1
SGV033,SGV063,3,1
SGV034,SGV063,18,1
SGV035,SGV063,5,1
SGV036,SGV063,5,1
SGV037,SGV063,6,1
SGV038,SGV063,18,1
SGV039,SGV063,4,1
SGV040,SGV063,18,1
SGV041,SGV063,6,1
SGV042,SGV063,16,1
SGV043,SGV063,9,1
SGV044,SGV063,7,1
SGV045,SGV063,19,1
SGV046,SGV063,17,1
SGV047,SGV063,11,1
SGV048,SGV063,16,1
SGV049,SGV063,17,1
SGV050,SGV063,15,1
SGV051,SGV063,20,1
SGV052,SGV063,14,1
SGV053,SGV063,15,1
SGV054,SGV063,5,1
SGV055,SGV063,15,1
SGV056,SGV063,16,1
SGV057,SGV063,14,1
SGV058,SGV063,14,1
SGV059,SGV063,12,1
SGV060,SGV063,23,1
SGV061,SGV063,21,1
SGV062,SGV063,12,1
SGV063,SGV063,0,0
SGV064,SGV063,19,1
SGV065,SGV063,16,1
SGV066,SGV063,7,1
SGV067,SGV063,18,1
SGV068,SGV063,12,1
SGV069,SGV063,20,1
SGV070,SGV063,15,1
SGV071,SGV063,8,1
SGV072,SGV063,16,1
SGV073,SGV063,15,1
SGV075,SGV063,13,1
SGV077,SGV063,14,1
SGV078,SGV063,13,1
SGV079,SGV063,22,1
SGV080,SGV063,16,1
SGV004,SGV064,104,0
SGV021,SGV064,16,0
SGV022,SGV064,18,0
SGV023,SGV064,8,0
SGV025,SGV064,16,0
SGV026,SGV064,16,0
SGV028,SGV064,10,0
SGV029,SGV064,16,0
SGV030,SGV064,20,0
SGV031,SGV064,6,0
SGV032,SGV064,8,1
SGV033,SGV064,20,1
SGV034,SGV064,13,1
SGV035,SGV064,16,1
SGV036,SGV064,16,0
SGV037,SGV064,19,0
SGV038,SGV064,11,0
SGV039,SGV064,15,1
SGV040,SGV064,9,0
SGV041,SGV064,19,0
SGV042,SGV064,19,0
SGV043,SGV064,22,0
SGV044,SGV064,20,0
SGV045,SGV064,14,1
SGV046,SGV064,20,0
SGV047,SGV064,24,0
SGV048,SGV064,20,0
SGV049,SGV064,12,1
SGV050,SGV064,18,1
SGV051,SGV064,9,0
SGV052,SGV064,17,1
SGV053,SGV064,18,0
SGV054,SGV064,16,1
SGV055,SGV064,19,0
SGV056,SGV064,19,1
SGV057,SGV064,17,0
SGV058,SGV064,17,1
SGV059,SGV064,15,0
SGV060,SGV064,18,0
SGV061,SGV064,24,1
SGV062,SGV064,17,0
SGV063,SGV064,19,1
SGV064,SGV064,0,0
SGV065,SGV064,19,1
SGV066,SGV064,20,1
SGV067,SGV064,21,0
SGV068,SGV064,25,1
SGV069,SGV064,11,0
SGV070,SGV064,18,1
SGV071,SGV064,11,1
SGV072,SGV064,11,1
SGV073,SGV064,18,1
SGV075,SGV064,16,0
SGV077,SGV064,17,1
SGV078,SGV064,16,0
SGV079,SGV064,11,1
SGV080,SGV064,19,1
SGV004,SGV065,103,1
SGV021,SGV065,13,1
SGV022,SGV065,15,1
SGV023,SGV065,15,1
SGV025,SGV065,13,1
SGV026,SGV065,13,1
SGV028,SGV065,15,1
SGV029,SGV065,14,1
SGV030,SGV065,18,1
SGV031,SGV065,15,1
SGV032,SGV065,17,1
SGV033,SGV065,17,1
SGV034,SGV065,18,1
SGV035,SGV065,13,1
SGV036,SGV065,13,1
SGV037,SGV065,16,1
SGV038,SGV065,18,1
SGV039,SGV065,12,0
SGV040,SGV065,20,1
SGV041,SGV065,16,1
SGV042,SGV065,4,1
SGV043,SGV065,19,1
SGV044,SGV065,17,1
SGV045,SGV065,19,0
SGV046,SGV065,17,1
SGV047,SGV065,21,1
SGV048,SGV065,17,1
SGV049,SGV065,17,1
SGV050,SGV065,15,1
SGV051,SGV065,20,1
SGV052,SGV065,14,0
SGV053,SGV065,15,1
SGV054,SGV065,13,0
SGV055,SGV065,16,1
SGV056,SGV065,16,0
SGV057,SGV065,14,1
SGV058,SGV065,14,0
SGV059,SGV065,12,1
SGV060,SGV065,23,1
SGV061,SGV065,5,0
SGV062,SGV065,14,1
SGV063,SGV065,16,1
SGV064,SGV065,19,1
SGV065,SGV065,0,0
SGV066,SGV065,17,1
SGV067,SGV065,18,1
SGV068,SGV065,22,0
SGV069,SGV065,20,1
SGV070,SGV065,15,0
SGV071,SGV065,8,1
SGV072,SGV065,16,1
SGV073,SGV065,15,0
SGV075,SGV065,13,1
SGV077,SGV065,14,0
SGV078,SGV065,13,1
SGV079,SGV065,22,0
SGV080,SGV065,16,1
SGV004,SGV066,104,1
SGV021,SGV066,4,1
SGV022,SGV066,16,1
SGV023,SGV066,16,1
SGV025,SGV066,4,1
SGV026,SGV066,6,1
SGV028,SGV066,16,1
SGV029,SGV066,5,1
SGV030,SGV066,9,1
SGV031,SGV066,16,1
SGV032,SGV066,18,0
SGV033,SGV066,8,0
SGV034,SGV066,19,0
SGV035,SGV066,6,1
SGV036,SGV066,6,1
SGV037,SGV066,7,1
SGV038,SGV066,19,1
SGV039,SGV066,5,1
SGV040,SGV066,19,1
SGV041,SGV066,7,1
SGV042,SGV066,17,1
SGV043,SGV066,8,1
SGV044,SGV066,8,1
SGV045,SGV066,20,1
SGV046,SGV066,18,1
SGV047,SGV066,12,1
SGV048,SGV066,17,1
SGV049,SGV066,18,0
SGV050,SGV066,16,0
SGV051,SGV066,21,1
SGV052,SGV066,15,1
SGV053,SGV066,16,1
SGV054,SGV066,6,1
SGV055,SGV066,16,1
SGV056,SGV066,17,1
SGV057,SGV066,15,1
SGV058,SGV066,15,1
SGV059,SGV066,13,1
SGV060,SGV066,24,1
SGV061,SGV066,22,1
SGV062,SGV066,13,1
SGV063,SGV066,7,1
SGV064,SGV066,20,1
SGV065,SGV066,17,1
SGV066,SGV066,0,0
SGV067,SGV066,19,1
SGV068,SGV066,13,1
SGV069,SGV066,21,1
SGV070,SGV066,16,1
SGV071,SGV066,9,0
SGV072,SGV066,17,1
SGV073,SGV066,16,1
SGV075,SGV066,14,1
SGV077,SGV066,15,1
SGV078,SGV066,14,1
SGV079,SGV066,23,1
SGV080,SGV066,17,1
SGV004,SGV067,105,0
SGV021,SGV067,15,0
SGV022,SGV067,13,0
SGV023,SGV067,17,0
SGV025,SGV067,15,0
SGV026,SGV067,15,0
SGV028,SGV067,17,0
SGV029,SGV067,16,0
SGV030,SGV067,20,0
SGV031,SGV067,17,0
SGV032,SGV067,19,1
SGV033,SGV067,19,1
SGV034,SGV067,20,1
SGV035,SGV067,15,1
SGV036,SGV067,15,0
SGV037,SGV067,18,0
SGV038,SGV067,20,0
SGV039,SGV067,14,1
SGV040,SGV067,22,0
SGV041,SGV067,18,0
SGV042,SGV067,18,0
SGV043,SGV067,21,0
SGV044,SGV067,19,0
SGV045,SGV067,21,1
SGV046,SGV067,3,0
SGV047,SGV067,23,0
SGV048,SGV067,3,0
SGV049,SGV067,19,1
SGV050,SGV067,13,1
SGV051,SGV067,22,0
SGV052,SGV067,12,1
SGV053,SGV067,13,0
SGV054,SGV067,15,1
SGV055,SGV067,14,0
SGV056,SGV067,14,1
SGV057,SGV067,12,0
SGV058,SGV067,12,1
SGV059,SGV067,10,0
SGV060,SGV067,25,0
SGV061,SGV067,23,1
SGV062,SGV067,12,0
SGV063,SGV067,18,1
SGV064,SGV067,21,0
SGV065,SGV067,18,1
SGV066,SGV067,19,1
SGV067,SGV067,0,0
SGV068,SGV067,24,1
SGV069,SGV067,22,0
SGV070,SGV067,13,1
SGV071,SGV067,10,1
SGV072,SGV067,18,1
SGV073,SGV067,13,1
SGV075,SGV067,11,0
SGV077,SGV067,10,1
SGV078,SGV067,11,0
SGV079,SGV067,24,1
SGV080,SGV067,14,1
SGV004,SGV068,109,1
SGV021,SGV068,9,1
SGV022,SGV068,21,1
SGV023,SGV068,21,1
SGV025,SGV068,9,1
SGV026,SGV068,11,1
SGV028,SGV068,21,1
SGV029,SGV068,10,1
SGV030,SGV068,14,1
SGV031,SGV068,21,1
SGV032,SGV068,23,1
SGV033,SGV068,13,1
SGV034,SGV068,24,1
SGV035,SGV068,9,1
SGV036,SGV068,11,1
SGV037,SGV068,8,1
SGV038,SGV068,24,1
SGV039,SGV068,10,0
SGV040,SGV068,24,1
SGV041,SGV068,12,1
SGV042,SGV068,22,1
SGV043,SGV068,15,1
SGV044,SGV068,13,1
SGV045,SGV068,25,0
SGV046,SGV068,23,1
SGV047,SGV068,1,1
SGV048,SGV068,22,1
SGV049,SGV068,23,1
SGV050,SGV068,21,1
SGV051,SGV068,26,1
SGV052,SGV068,20,0
SGV053,SGV068,21,1
SGV054,SGV068,11,0
SGV055,SGV068,21,1
SGV056,SGV068,22,0
SGV057,SGV068,20,1
SGV058,SGV068,20,0
SGV059,SGV068,18,1
SGV060,SGV068,29,1
SGV061,SGV068,27,0
SGV062,SGV068,18,1
SGV063,SGV068,12,1
SGV064,SGV068,25,1
SGV065,SGV068,22,0
SGV066,SGV068,13,1
SGV067,SGV068,24,1
SGV068,SGV068,0,0
SGV069,SGV068,26,1
SGV070,SGV068,21,0
SGV071,SGV068,14,1
SGV072,SGV068,22,1
SGV073,SGV068,21,0
SGV075,SGV068,19,1
SGV077,SGV068,20,0
SGV078,SGV068,19,1
SGV079,SGV068,28,0
SGV080,SGV068,22,1
SGV004,SGV069,105,0
SGV021,SGV069,17,0
SGV022,SGV069,19,0
SGV023,SGV069,9,0
SGV025,SGV069,17,0
SGV026,SGV069,17,0
SGV028,SGV069,11,0
SGV029,SGV069,17,0
SGV030,SGV069,21,0
SGV031,SGV069,5,0
SGV032,SGV069,9,1
SGV033,SGV069,21,1
SGV034,SGV069,14,1
SGV035,SGV069,17,1
SGV036,SGV069,17,0
SGV037,SGV069,20,0
SGV038,SGV069,12,0
SGV039,SGV069,16,1
SGV040,SGV069,12,0
SGV041,SGV069,20,0
SGV042,SGV069,20,0
SGV043,SGV069,23,0
SGV044,SGV069,21,0
SGV045,SGV069,15,1
SGV046,SGV069,21,0
SGV047,SGV069,25,0
SGV048,SGV069,21,0
SGV049,SGV069,13,1
SGV050,SGV069,19,1
SGV051,SGV069,12,0
SGV052,SGV069,18,1
SGV053,SGV069,19,0
SGV054,SGV069,17,1
SGV055,SGV069,20,0
SGV056,SGV069,20,1
SGV057,SGV069,18,0
SGV058,SGV069,18,1
SGV059,SGV069,16,0
SGV060,SGV069,19,0
SGV061,SGV069,25,1
SGV062,SGV069,18,0
SGV063,SGV069,20,1
SGV064,SGV069,11,0
SGV065,SGV069,20,1
SGV066,SGV069,21,1
SGV067,SGV069,22,0
SGV068,SGV069,26,1
SGV069,SGV069,0,0
SGV070,SGV069,19,1
SGV071,SGV069,12,1
SGV072,SGV069,12,1
SGV073,SGV069,19,1
SGV075,SGV069,17,0
SGV077,SGV069,18,1
SGV078,SGV069,17,0
SGV079,SGV069,14,1
SGV080,SGV069,20,1
SGV004,SGV070,102,1
SGV021,SGV070,12,1
SGV022,SGV070,10,1
SGV023,SGV070,14,1
SGV025,SGV070,12,1
SGV026,SGV070,12,1
SGV028,SGV070,14,1
SGV029,SGV070,13,1
SGV030,SGV070,17,1
SGV031,SGV070,14,1
SGV032,SGV070,16,1
SGV033,SGV070,16,1
SGV034,SGV070,17,1
SGV035,SGV070,12,1
SGV036,SGV070,12,1
SGV037,SGV070,15,1
SGV038,SGV070,17,1
SGV039,SGV070,11,0
SGV040,SGV070,19,1
SGV041,SGV070,15,1
SGV042,SGV070,15,1
SGV043,SGV070,18,1
SGV044,SGV070,16,1
SGV045,SGV070,18,0
SGV046,SGV070,12,1
SGV047,SGV070,20,1
SGV048,SGV070,12,1
SGV049,SGV070,16,1
SGV050,SGV070,10,1
SGV051,SGV070,19,1
SGV052,SGV070,9,0
SGV053,SGV070,10,1
SGV054,SGV070,12,0
SGV055,SGV070,11,1
SGV056,SGV070,11,0
SGV057,SGV070,9,1
SGV058,SGV070,9,0
SGV059,SGV070,7,1
SGV060,SGV070,22,1
SGV061,SGV070,20,0
SGV062,SGV070,9,1
SGV063,SGV070,15,1
SGV064,SGV070,18,1
SGV065,SGV070,15,0
SGV066,SGV070,16,1
SGV067,SGV070,13,1
SGV068,SGV070,21,0
SGV069,SGV070,19,1
SGV070,SGV070,0,0
SGV071,SGV070,7,1
SGV072,SGV070,15,1
SGV073,SGV070,10,0
SGV075,SGV070,8,1
SGV077,SGV070,9,0
SGV078,SGV070,8,1
SGV079,SGV070,21,0
SGV080,SGV070,11,1
SGV004,SGV071,95,1
SGV021,SGV071,5,1
SGV022,SGV071,7,1
SGV023,SGV071,7,1
SGV025,SGV071,5,1
SGV026,SGV071,5,1
SGV028,SGV071,7,1
SGV029,SGV071,6,1
SGV030,SGV071,10,1
SGV031,SGV071,7,1
SGV032,SGV071,9,0
SGV033,SGV071,9,0
SGV034,SGV071,10,0
SGV035,SGV071,5,1
SGV036,SGV071,5,1
SGV037,SGV071,8,1
SGV038,SGV071,10,1
SGV039,SGV071,4,1
SGV040,SGV071,12,1
SGV041,SGV071,8,1
SGV042,SGV071,8,1
SGV043,SGV071,11,1
SGV044,SGV071,9,1
SGV045,SGV071,11,1
SGV046,SGV071,9,1
SGV047,SGV071,13,1
SGV048,SGV071,9,1
SGV049,SGV071,9,0
SGV050,SGV071,7,0
SGV051,SGV071,12,1
SGV052,SGV071,6,1
SGV053,SGV071,7,1
SGV054,SGV071,5,1
SGV055,SGV071,8,1
SGV056,SGV071,8,1
SGV057,SGV071,6,1
SGV058,SGV071,6,1
SGV059,SGV071,4,1
SGV060,SGV071,15,1
SGV061,SGV071,13,1
SGV062,SGV071,6,1
SGV063,SGV071,8,1
SGV064,SGV071,11,1
SGV065,SGV071,8,1
SGV066,SGV071,9,0
SGV067,SGV071,10,1
SGV068,SGV071,14,1
SGV069,SGV071,12,1
SGV070,SGV071,7,1
SGV071,SGV071,0,0
SGV072,SGV071,8,1
SGV073,SGV071,7,1
SGV075,SGV071,5,1
SGV077,SGV071,6,1
SGV078,SGV071,5,1
SGV079,SGV071,14,1
SGV080,SGV071,8,1
SGV004,SGV072,101,1
SGV021,SGV072,13,1
SGV022,SGV072,15,1
SGV023,SGV072,7,1
SGV025,SGV072,13,1
SGV026,SGV072,13,1
SGV028,SGV072,1,1
SGV029,SGV072,14,1
SGV030,SGV072,18,1
SGV031,SGV072,7,1
SGV032,SGV072,9,1
SGV033,SGV072,17,1
SGV034,SGV072,4,1
SGV035,SGV072,13,0
SGV036,SGV072,13,1
SGV037,SGV072,16,1
SGV038,SGV072,10,1
SGV039,SGV072,12,1
SGV040,SGV072,12,1
SGV041,SGV072,16,1
SGV042,SGV072,16,1
SGV043,SGV072,19,1
SGV044,SGV072,17,1
SGV045,SGV072,5,1
SGV046,SGV072,17,1
SGV047,SGV072,21,1
SGV048,SGV072,17,1
SGV049,SGV072,3,1
SGV050,SGV072,15,1
SGV051,SGV072,12,1
SGV052,SGV072,14,1
SGV053,SGV072,15,1
SGV054,SGV072,13,1
SGV055,SGV072,16,1
SGV056,SGV072,16,1
SGV057,SGV072,14,1
SGV058,SGV072,14,1
SGV059,SGV072,12,1
SGV060,SGV072,9,1
SGV061,SGV072,21,1
SGV062,SGV072,14,1
SGV063,SGV072,16,1
SGV064,SGV072,11,1
SGV065,SGV072,16,1
SGV066,SGV072,17,1
SGV067,SGV072,18,1
SGV068,SGV072,22,1
SGV069,SGV072,12,1
SGV070,SGV072,15,1
SGV071,SGV072,8,1
SGV072,SGV072,0,0
SGV073,SGV072,15,1
SGV075,SGV072,13,1
SGV077,SGV072,14,1
SGV078,SGV072,13,1
SGV079,SGV072,14,1
SGV080,SGV072,16,1
SGV004,SGV073,102,1
SGV021,SGV073,12,1
SGV022,SGV073,10,1
SGV023,SGV073,14,1
SGV025,SGV073,12,1
SGV026,SGV073,12,1
SGV028,SGV073,14,1
SGV029,SGV073,13,1
SGV030,SGV073,17,1
SGV031,SGV073,14,1
SGV032,SGV073,16,1
SGV033,SGV073,16,1
SGV034,SGV073,17,1
SGV035,SGV073,12,1
SGV036,SGV073,12,1
SGV037,SGV073,15,1
SGV038,SGV073,17,1
SGV039,SGV073,11,0
SGV040,SGV073,19,1
SGV041,SGV073,15,1
SGV042,SGV073,15,1
SGV043,SGV073,18,1
SGV044,SGV073,16,1
SGV045,SGV073,18,0
SGV046,SGV073,12,1
SGV047,SGV073,20,1
SGV048,SGV073,12,1
SGV049,SGV073,16,1
SGV050,SGV073,10,1
SGV051,SGV073,19,1
SGV052,SGV073,9,0
SGV053,SGV073,10,1
SGV054,SGV073,12,0
SGV055,SGV073,11,1
SGV056,SGV073,5,0
SGV057,SGV073,9,1
SGV058,SGV073,9,0
SGV059,SGV073,7,1
SGV060,SGV073,22,1
SGV061,SGV073,20,0
SGV062,SGV073,9,1
SGV063,SGV073,15,1
SGV064,SGV073,18,1
SGV065,SGV073,15,0
SGV066,SGV073,16,1
SGV067,SGV073,13,1
SGV068,SGV073,21,0
SGV069,SGV073,19,1
SGV070,SGV073,10,0
SGV071,SGV073,7,1
SGV072,SGV073,15,1
SGV073,SGV073,0,0
SGV075,SGV073,8,1
SGV077,SGV073,9,0
SGV078,SGV073,8,1
SGV079,SGV073,21,0
SGV080,SGV073,9,1
SGV004,SGV075,100,0
SGV021,SGV075,10,0
SGV022,SGV075,8,0
SGV023,SGV075,12,0
SGV025,SGV075,10,0
SGV026,SGV075,10,0
SGV028,SGV075,12,0
SGV029,SGV075,11,0
SGV030,SGV075,15,0
SGV031,SGV075,12,0
SGV032,SGV075,14,1
SGV033,SGV075,14,1
SGV034,SGV075,15,1
SGV035,SGV075,10,1
SGV036,SGV075,10,0
SGV037,SGV075,13,0
SGV038,SGV075,15,0
SGV039,SGV075,9,1
SGV040,SGV075,17,0
SGV041,SGV075,13,0
SGV042,SGV075,13,0
SGV043,SGV075,16,0
SGV044,SGV075,14,0
SGV045,SGV075,16,1
SGV046,SGV075,10,0
SGV047,SGV075,18,0
SGV048,SGV075,10,0
SGV049,SGV075,14,1
SGV050,SGV075,8,1
SGV051,SGV075,17,0
SGV052,SGV075,7,1
SGV053,SGV075,8,0
SGV054,SGV075,10,1
SGV055,SGV075,9,0
SGV056,SGV075,9,1
SGV057,SGV075,7,0
SGV058,SGV075,7,1
SGV059,SGV075,5,0
SGV060,SGV075,20,0
SGV061,SGV075,18,1
SGV062,SGV075,7,0
SGV063,SGV075,13,1
SGV064,SGV075,16,0
SGV065,SGV075,13,1
SGV066,SGV075,14,1
SGV067,SGV075,11,0
SGV068,SGV075,19,1
SGV069,SGV075,17,0
SGV070,SGV075,8,1
SGV071,SGV075,5,1
SGV072,SGV075,13,1
SGV073,SGV075,8,1
SGV075,SGV075,0,0
SGV077,SGV075,7,1
SGV078,SGV075,6,0
SGV079,SGV075,19,1
SGV080,SGV075,9,1
SGV004,SGV077,101,1
SGV021,SGV077,11,1
SGV022,SGV077,9,1
SGV023,SGV077,13,1
SGV025,SGV077,11,1
SGV026,SGV077,11,1
SGV028,SGV077,13,1
SGV029,SGV077,12,1
SGV030,SGV077,16,1
SGV031,SGV077,13,1
SGV032,SGV077,15,1
SGV033,SGV077,15,1
SGV034,SGV077,16,1
SGV035,SGV077,11,1
SGV036,SGV077,11,1
SGV037,SGV077,14,1
SGV038,SGV077,16,1
SGV039,SGV077,10,0
SGV040,SGV077,18,1
SGV041,SGV077,14,1
SGV042,SGV077,14,1
SGV043,SGV077,17,1
SGV044,SGV077,15,1
SGV045,SGV077,17,0
SGV046,SGV077,9,1
SGV047,SGV077,19,1
SGV048,SGV077,9,1
SGV049,SGV077,15,1
SGV050,SGV077,9,1
SGV051,SGV077,18,1
SGV052,SGV077,8,0
SGV053,SGV077,9,1
SGV054,SGV077,11,0
SGV055,SGV077,10,1
SGV056,SGV077,10,0
SGV057,SGV077,8,1
SGV058,SGV077,8,0
SGV059,SGV077,6,1
SGV060,SGV077,21,1
SGV061,SGV077,19,0
SGV062,SGV077,8,1
SGV063,SGV077,14,1
SGV064,SGV077,17,1
SGV065,SGV077,14,0
SGV066,SGV077,15,1
SGV067,SGV077,10,1
SGV068,SGV077,20,0
SGV069,SGV077,18,1
SGV070,SGV077,9,0
SGV071,SGV077,6,1
SGV072,SGV077,14,1
SGV073,SGV077,9,0
SGV075,SGV077,7,1
SGV077,SGV077,0,0
SGV078,SGV077,7,1
SGV079,SGV077,20,0
SGV080,SGV077,10,1
SGV004,SGV078,100,0
SGV021,SGV078,10,0
SGV022,SGV078,8,0
SGV023,SGV078,12,0
SGV025,SGV078,10,0
SGV026,SGV078,10,0
SGV028,SGV078,12,0
SGV029,SGV078,11,0
SGV030,SGV078,15,0
SGV031,SGV078,12,0
SGV032,SGV078,14,1
SGV033,SGV078,14,1
SGV034,SGV078,15,1
SGV035,SGV078,10,1
SGV036,SGV078,10,0
SGV037,SGV078,13,0
SGV038,SGV078,15,0
SGV039,SGV078,9,1
SGV040,SGV078,17,0
SGV041,SGV078,13,0
SGV042,SGV078,13,0
SGV043,SGV078,16,0
SGV044,SGV078,14,0
SGV045,SGV078,16,1
SGV046,SGV078,10,0
SGV047,SGV078,18,0
SGV048,SGV078,10,0
SGV049,SGV078,14,1
SGV050,SGV078,8,1
SGV051,SGV078,17,0
SGV052,SGV078,7,1
SGV053,SGV078,8,0
SGV054,SGV078,10,1
SGV055,SGV078,9,0
SGV056,SGV078,9,1
SGV057,SGV078,7,0
SGV058,SGV078,7,1
SGV059,SGV078,5,0
SGV060,SGV078,20,0
SGV061,SGV078,18,1
SGV062,SGV078,7,0
SGV063,SGV078,13,1
SGV064,SGV078,16,0
SGV065,SGV078,13,1
SGV066,SGV078,14,1
SGV067,SGV078,11,0
SGV068,SGV078,19,1
SGV069,SGV078,17,0
SGV070,SGV078,8,1
SGV071,SGV078,5,1
SGV072,SGV078,13,1
SGV073,SGV078,8,1
SGV075,SGV078,6,0
SGV077,SGV078,7,1
SGV078,SGV078,0,0
SGV079,SGV078,19,1
SGV080,SGV078,9,1
SGV004,SGV079,106,1
SGV021,SGV079,19,1
SGV022,SGV079,21,1
SGV023,SGV079,11,1
SGV025,SGV079,19,1
SGV026,SGV079,19,1
SGV028,SGV079,13,1
SGV029,SGV079,18,1
SGV030,SGV079,23,1
SGV031,SGV079,9,1
SGV032,SGV079,11,1
SGV033,SGV079,23,1
SGV034,SGV079,16,1
SGV035,SGV079,19,1
SGV036,SGV079,19,1
SGV037,SGV079,22,1
SGV038,SGV079,14,1
SGV039,SGV079,18,0
SGV040,SGV079,12,1
SGV041,SGV079,22,1
SGV042,SGV079,22,1
SGV043,SGV079,25,1
SGV044,SGV079,23,1
SGV045,SGV079,17,0
SGV046,SGV079,23,1
SGV047,SGV079,27,1
SGV048,SGV079,23,1
SGV049,SGV079,15,1
SGV050,SGV079,21,1
SGV051,SGV079,8,1
SGV052,SGV079,20,0
SGV053,SGV079,21,1
SGV054,SGV079,19,0
SGV055,SGV079,22,1
SGV056,SGV079,22,0
SGV057,SGV079,20,1
SGV058,SGV079,20,0
SGV059,SGV079,18,1
SGV060,SGV079,21,1
SGV061,SGV079,27,0
SGV062,SGV079,20,1
SGV063,SGV079,22,1
SGV064,SGV079,11,1
SGV065,SGV079,22,0
SGV066,SGV079,23,1
SGV067,SGV079,24,1
SGV068,SGV079,28,0
SGV069,SGV079,14,1
SGV070,SGV079,21,0
SGV071,SGV079,14,1
SGV072,SGV079,14,1
SGV073,SGV079,21,0
SGV075,SGV079,19,1
SGV077,SGV079,20,0
SGV078,SGV079,19,1
SGV079,SGV079,0,0
SGV080,SGV079,22,1
SGV004,SGV080,103,1
SGV021,SGV080,13,1
SGV022,SGV080,11,1
SGV023,SGV080,15,1
SGV025,SGV080,13,1
SGV026,SGV080,13,1
SGV028,SGV080,15,1
SGV029,SGV080,13,1
SGV030,SGV080,18,1
SGV031,SGV080,15,1
SGV032,SGV080,17,1
SGV033,SGV080,17,1
SGV034,SGV080,18,1
SGV035,SGV080,13,1
SGV036,SGV080,13,1
SGV037,SGV080,16,1
SGV038,SGV080,18,1
SGV039,SGV080,12,1
SGV040,SGV080,20,1
SGV041,SGV080,16,1
SGV042,SGV080,16,1
SGV043,SGV080,19,1
SGV044,SGV080,17,1
SGV045,SGV080,19,1
SGV046,SGV080,13,1
SGV047,SGV080,21,1
SGV048,SGV080,13,1
SGV049,SGV080,17,1
SGV050,SGV080,11,1
SGV051,SGV080,20,1
SGV052,SGV080,10,1
SGV053,SGV080,11,1
SGV054,SGV080,13,1
SGV055,SGV080,12,1
SGV056,SGV080,10,1
SGV057,SGV080,10,1
SGV058,SGV080,10,1
SGV059,SGV080,8,1
SGV060,SGV080,23,1
SGV061,SGV080,21,1
SGV062,SGV080,10,1
SGV063,SGV080,16,1
SGV064,SGV080,19,1
SGV065,SGV080,16,1
SGV066,SGV080,17,1
SGV067,SGV080,14,1
SGV068,SGV080,22,1
SGV069,SGV080,20,1
SGV070,SGV080,11,1
SGV071,SGV080,8,1
SGV072,SGV080,16,1
SGV073,SGV080,9,1
SGV075,SGV080,9,1
SGV077,SGV080,10,1
SGV078,SGV080,9,1
SGV079,SGV080,22,1
SGV080,SGV080,0,0
