"sequence_id","pos_136","pos_140","pos_257","pos_267","pos_292","pos_294","pos_303","mutation_status","Resistance_Enhancement"
"CmeB_allele_2","T","A","D","V","M","N","H","Wild-type or other variant","None"
"CmeB_allele_3","T","A","D","V","M","N","H","Wild-type or other variant","None"
"CmeB_allele_4","T","A","D","V","M","N","H","Wild-type or other variant","None"
"CmeB_allele_9","T","A","D","V","M","N","H","Wild-type or other variant","None"
"CmeB_allele_11","I","V","D","A","I","L","T","M292I only","Low"
"CmeB_allele_16","T","A","D","V","M","N","Y","Wild-type or other variant","None"
"CmeB_allele_19","T","A","D","I","I","N","H","M292I only","Low"
"CmeB_allele_21","A","A","D","I","I","N","H","T136A+N257D+V267I+M292I","High"
"CmeB_allele_24","T","A","D","I","M","N","H","Wild-type or other variant","None"
"CmeB_allele_25","T","V","E","V","I","N","N","M292I only","Low"
"CmeB_allele_26","T","A","D","I","I","N","H","M292I only","Low"
"CmeB_allele_28","I","V","D","A","I","L","T","M292I only","Low"
"CmeB_allele_30","T","A","D","V","M","N","H","Wild-type or other variant","None"
"CmeB_allele_32","I","V","D","A","I","L","T","M292I only","Low"
"CmeB_allele_33","I","V","D","A","I","L","T","M292I only","Low"
"CmeB_allele_37","T","A","D","I","I","N","H","M292I only","Low"
"CmeB_allele_39","A","A","D","V","M","N","H","T136A only","Low"
"CmeB_allele_42","T","A","D","I","I","N","H","M292I only","Low"
"CmeB_allele_44","T","V","E","V","I","N","N","M292I only","Low"
"CmeB_allele_45","I","V","D","A","I","L","T","M292I only","Low"
"CmeB_allele_46","T","A","D","V","M","N","H","Wild-type or other variant","None"
"CmeB_allele_48","T","A","D","V","M","N","H","Wild-type or other variant","None"
"CmeB_allele_49","T","A","D","I","I","N","H","M292I only","Low"
"CmeB_allele_52","T","A","D","I","I","N","H","M292I only","Low"
