"sequence_id","pos_136","pos_140","pos_257","pos_267","pos_292","pos_294","pos_303","mutation_status"
"CmeB_allele_1","T","A","E","V","M","N","N","Wild-type or other variant"
"CmeB_allele_2","A","A","N","V","M","N","N","T136A only"
"CmeB_allele_3","T","A","D","I","I","N","H","M292I only"
"CmeB_allele_4","T","A","N","V","M","N","H","Wild-type or other variant"
"CmeB_allele_5","T","A","D","I","M","N","H","Wild-type or other variant"
"CmeB_allele_6_REM292I","T","A","D","I","I","N","H","M292I only"
"CmeB_allele_7","T","A","E","V","M","N","N","Wild-type or other variant"
"CmeB_allele_8","T","A","E","V","M","N","N","Wild-type or other variant"
"CmeB_allele_9","T","A","E","V","M","N","N","Wild-type or other variant"
"CmeB_allele_10","T","A","E","V","M","N","N","Wild-type or other variant"
"CmeB_allele_11","T","A","N","V","M","N","N","Wild-type or other variant"
"CmeB_allele_12","T","V","D","I","M","N","N","Wild-type or other variant"
"CmeB_allele_13","T","A","N","V","M","N","H","Wild-type or other variant"
"CmeB_allele_14_REM292I","T","A","N","V","I","N","N","M292I only"
"CmeB_allele_15","T","A","E","V","M","N","N","Wild-type or other variant"
"CmeB_allele_16","T","A","E","V","M","N","N","Wild-type or other variant"
"CmeB_allele_17","T","A","D","I","M","N","H","Wild-type or other variant"
