Date,week_num,A,B,C,D
23/08/2005,34,1,0,0,0
30/08/2005,35,0,0,0,0
06/09/2005,36,0,0,0,0
13/09/2005,37,0,0,0,0
20/09/2005,38,0,0,0,0
27/09/2005,39,0,0,0,0
04/10/2005,40,0,0,0,0
11/10/2005,41,0,0,0,0
18/10/2005,42,0,0,0,0
25/10/2005,43,0,0,0,0
01/11/2005,44,0,0,0,0
08/11/2005,45,0,0,0,0
15/11/2005,46,0,0,0,0
22/11/2005,47,0,0,0,0
29/11/2005,48,0,0,0,0
06/12/2005,49,0,0,0,0
13/12/2005,50,0,0,0,0
20/12/2005,51,0,0,0,0
27/12/2005,52,0,0,0,0
03/01/2006,53,0,0,0,0
10/01/2006,54,0,0,0,0
17/01/2006,55,0,0,0,0
24/01/2006,56,0,0,0,0
31/01/2006,57,0,0,0,0
07/02/2006,58,0,0,0,0
14/02/2006,59,0,0,0,0
21/02/2006,60,0,0,0,0
28/02/2006,61,0,0,0,0
07/03/2006,62,0,0,0,0
14/03/2006,63,0,0,0,0
21/03/2006,64,0,0,0,0
28/03/2006,65,0,0,0,0
04/04/2006,66,0,0,0,0
11/04/2006,67,0,0,0,0
18/04/2006,68,0,0,0,0
25/04/2006,69,0,0,0,0
02/05/2006,70,0,0,0,0
09/05/2006,71,0,0,0,0
16/05/2006,72,0,0,0,0
23/05/2006,73,0,0,0,0
30/05/2006,74,0,0,0,0
06/06/2006,75,0,0,0,0
13/06/2006,76,0,0,0,0
20/06/2006,77,0,0,0,0
27/06/2006,78,0,0,0,0
04/07/2006,79,0,0,0,0
11/07/2006,80,0,0,0,0
18/07/2006,81,0,0,0,0
25/07/2006,82,0,0,0,0
01/08/2006,83,0,0,0,0
08/08/2006,84,0,0,0,0
15/08/2006,85,0,0,0,0
22/08/2006,86,0,0,0,0
29/08/2006,87,0,0,0,0
05/09/2006,88,0,0,0,0
12/09/2006,89,0,0,0,0
19/09/2006,90,0,0,0,0
26/09/2006,91,0,0,0,0
03/10/2006,92,0,0,0,0
10/10/2006,93,0,0,0,0
17/10/2006,94,0,0,0,0
24/10/2006,95,0,0,0,0
31/10/2006,96,0,0,0,0
07/11/2006,97,0,0,0,0
14/11/2006,98,0,0,0,0
21/11/2006,99,0,0,0,0
28/11/2006,100,0,0,0,0
05/12/2006,101,0,0,0,0
12/12/2006,102,0,0,0,0
19/12/2006,103,0,0,0,0
26/12/2006,104,0,0,0,0
02/01/2007,105,0,0,0,0
09/01/2007,106,0,0,0,0
16/01/2007,107,0,0,0,0
23/01/2007,108,0,0,0,0
30/01/2007,109,0,0,0,0
06/02/2007,110,0,0,0,0
13/02/2007,111,0,0,0,0
20/02/2007,112,0,0,0,0
27/02/2007,113,0,0,0,0
06/03/2007,114,0,0,0,0
13/03/2007,115,0,0,0,0
20/03/2007,116,0,0,0,0
27/03/2007,117,0,0,0,0
03/04/2007,118,0,0,0,0
10/04/2007,119,0,0,0,0
17/04/2007,120,0,0,0,0
24/04/2007,121,0,0,0,0
01/05/2007,122,0,0,0,0
08/05/2007,123,0,0,0,0
15/05/2007,124,0,0,0,0
22/05/2007,125,0,0,0,0
29/05/2007,126,0,0,0,0
05/06/2007,127,0,0,0,0
12/06/2007,128,0,0,0,0
19/06/2007,129,0,0,0,0
26/06/2007,130,0,0,0,0
03/07/2007,131,0,0,0,0
10/07/2007,132,0,0,0,0
17/07/2007,133,0,0,0,0
24/07/2007,134,0,0,0,0
31/07/2007,135,0,0,0,0
07/08/2007,136,0,0,0,0
14/08/2007,137,0,0,0,0
21/08/2007,138,0,0,0,0
28/08/2007,139,0,0,0,0
04/09/2007,140,0,0,0,0
11/09/2007,141,0,0,0,0
18/09/2007,142,0,0,0,0
25/09/2007,143,0,0,0,0
02/10/2007,144,0,0,0,0
09/10/2007,145,0,0,0,0
16/10/2007,146,0,0,0,0
23/10/2007,147,0,0,0,0
30/10/2007,148,0,0,0,0
06/11/2007,149,0,0,0,0
13/11/2007,150,0,0,0,0
20/11/2007,151,0,0,0,0
27/11/2007,152,0,0,0,0
04/12/2007,153,0,0,0,0
11/12/2007,154,0,0,0,0
18/12/2007,155,0,0,0,0
25/12/2007,156,0,0,0,0
01/01/2008,157,0,0,0,0
08/01/2008,158,0,0,0,0
15/01/2008,159,0,0,0,0
22/01/2008,160,0,0,0,0
29/01/2008,161,0,0,0,0
05/02/2008,162,0,0,0,0
12/02/2008,163,0,0,0,0
19/02/2008,164,0,0,0,0
26/02/2008,165,0,0,0,0
04/03/2008,166,0,0,0,0
11/03/2008,167,0,0,0,0
18/03/2008,168,0,0,0,0
25/03/2008,169,0,0,0,0
01/04/2008,170,0,0,0,0
08/04/2008,171,0,0,0,0
15/04/2008,172,0,0,0,0
22/04/2008,173,0,0,0,0
29/04/2008,174,0,0,0,0
06/05/2008,175,0,0,0,0
13/05/2008,176,0,0,0,0
20/05/2008,177,0,0,0,0
27/05/2008,178,0,0,0,0
03/06/2008,179,0,0,0,0
10/06/2008,180,0,0,0,0
17/06/2008,181,0,0,0,0
24/06/2008,182,0,0,0,0
01/07/2008,183,0,0,0,0
08/07/2008,184,0,0,0,0
15/07/2008,185,0,0,0,0
22/07/2008,186,0,0,0,0
29/07/2008,187,0,0,0,0
05/08/2008,188,0,0,0,0
12/08/2008,189,0,0,0,0
19/08/2008,190,0,0,0,0
26/08/2008,191,0,0,0,0
02/09/2008,192,0,0,0,0
09/09/2008,193,0,0,0,0
16/09/2008,194,0,0,0,0
23/09/2008,195,0,0,0,0
30/09/2008,196,0,0,0,0
07/10/2008,197,0,0,0,0
14/10/2008,198,0,0,0,0
21/10/2008,199,0,0,0,0
28/10/2008,200,0,0,0,0
04/11/2008,201,0,0,0,0
11/11/2008,202,0,0,0,0
18/11/2008,203,0,0,0,0
25/11/2008,204,0,0,0,0
02/12/2008,205,0,0,0,0
09/12/2008,206,0,0,0,0
16/12/2008,207,0,0,0,0
23/12/2008,208,0,0,0,0
30/12/2008,209,0,0,0,0
06/01/2009,210,0,0,0,0
13/01/2009,211,0,0,0,0
20/01/2009,212,0,0,0,0
27/01/2009,213,0,0,0,0
03/02/2009,214,0,0,0,0
10/02/2009,215,0,0,0,0
17/02/2009,216,0,0,0,0
24/02/2009,217,0,0,0,0
03/03/2009,218,0,0,0,0
10/03/2009,219,0,0,0,0
17/03/2009,220,0,0,0,0
24/03/2009,221,0,0,0,0
31/03/2009,222,0,0,0,0
07/04/2009,223,0,0,0,0
14/04/2009,224,0,0,0,0
21/04/2009,225,0,0,0,0
28/04/2009,226,0,0,0,0
05/05/2009,227,0,0,0,0
12/05/2009,228,0,0,0,0
19/05/2009,229,0,0,0,0
26/05/2009,230,0,0,0,0
02/06/2009,231,0,0,0,0
09/06/2009,232,0,0,0,0
16/06/2009,233,0,0,0,0
23/06/2009,234,0,0,0,0
30/06/2009,235,0,0,0,0
07/07/2009,236,0,0,0,0
14/07/2009,237,0,0,0,0
21/07/2009,238,0,0,0,0
28/07/2009,239,0,0,0,0
04/08/2009,240,0,0,0,0
11/08/2009,241,0,0,0,0
18/08/2009,242,0,0,0,0
25/08/2009,243,0,0,0,0
01/09/2009,244,0,0,0,0
08/09/2009,245,0,0,0,0
15/09/2009,246,0,0,0,0
22/09/2009,247,0,0,0,0
29/09/2009,248,0,0,0,0
06/10/2009,249,0,0,0,0
13/10/2009,250,0,0,0,0
20/10/2009,251,0,0,0,0
27/10/2009,252,0,0,0,0
03/11/2009,253,0,0,0,0
10/11/2009,254,0,0,0,0
17/11/2009,255,0,0,0,0
24/11/2009,256,0,0,0,0
01/12/2009,257,0,0,0,0
08/12/2009,258,0,0,0,0
15/12/2009,259,0,0,0,0
22/12/2009,260,0,0,0,0
29/12/2009,261,0,0,0,0
05/01/2010,262,0,0,0,0
12/01/2010,263,0,0,0,0
19/01/2010,264,0,0,0,0
26/01/2010,265,0,0,0,0
02/02/2010,266,0,0,0,0
09/02/2010,267,0,0,0,0
16/02/2010,268,0,0,0,0
23/02/2010,269,0,0,0,0
02/03/2010,270,0,0,0,0
09/03/2010,271,0,0,0,0
16/03/2010,272,0,0,0,0
23/03/2010,273,0,0,0,0
30/03/2010,274,0,0,0,0
06/04/2010,275,0,0,0,0
13/04/2010,276,0,0,0,0
20/04/2010,277,0,0,0,0
27/04/2010,278,0,0,0,0
04/05/2010,279,0,0,0,0
11/05/2010,280,0,0,0,0
18/05/2010,281,0,0,0,0
25/05/2010,282,0,0,0,0
01/06/2010,283,0,0,0,0
08/06/2010,284,0,0,0,0
15/06/2010,285,0,0,0,0
22/06/2010,286,0,0,0,0
29/06/2010,287,0,0,0,0
06/07/2010,288,0,0,0,0
13/07/2010,289,0,0,0,0
20/07/2010,290,0,0,0,0
27/07/2010,291,0,0,0,0
03/08/2010,292,0,0,0,0
10/08/2010,293,0,0,0,0
17/08/2010,294,0,0,0,0
24/08/2010,295,0,0,0,0
31/08/2010,296,0,0,0,0
07/09/2010,297,0,0,0,0
14/09/2010,298,0,0,0,0
21/09/2010,299,0,0,0,0
28/09/2010,300,0,0,0,0
05/10/2010,301,0,0,0,0
12/10/2010,302,0,0,0,0
19/10/2010,303,0,0,0,0
26/10/2010,304,0,0,0,0
02/11/2010,305,0,0,0,0
09/11/2010,306,0,0,0,0
16/11/2010,307,0,0,0,0
23/11/2010,308,0,0,0,0
30/11/2010,309,0,0,0,0
07/12/2010,310,0,0,0,0
14/12/2010,311,0,0,0,0
21/12/2010,312,0,0,0,0
28/12/2010,313,0,0,0,0
04/01/2011,314,0,0,0,0
11/01/2011,315,0,0,0,0
18/01/2011,316,0,0,0,0
25/01/2011,317,0,0,0,0
01/02/2011,318,0,0,0,0
08/02/2011,319,0,0,0,0
15/02/2011,320,0,0,0,0
22/02/2011,321,0,0,0,0
01/03/2011,322,0,0,0,0
08/03/2011,323,0,0,0,0
15/03/2011,324,0,0,0,0
22/03/2011,325,0,0,0,0
29/03/2011,326,0,0,0,0
05/04/2011,327,0,0,0,0
12/04/2011,328,0,0,0,0
19/04/2011,329,0,0,0,0
26/04/2011,330,0,0,0,0
03/05/2011,331,0,0,0,0
10/05/2011,332,0,0,0,0
17/05/2011,333,0,0,0,0
24/05/2011,334,0,0,0,0
31/05/2011,335,0,0,0,0
07/06/2011,336,0,0,0,0
14/06/2011,337,0,0,0,0
21/06/2011,338,0,0,0,0
28/06/2011,339,0,0,0,0
05/07/2011,340,0,0,0,0
12/07/2011,341,0,0,0,0
19/07/2011,342,0,0,0,0
26/07/2011,343,0,0,0,0
02/08/2011,344,0,0,0,0
09/08/2011,345,0,0,0,0
16/08/2011,346,0,0,0,0
23/08/2011,347,0,0,0,0
30/08/2011,348,0,0,0,0
06/09/2011,349,0,0,0,0
13/09/2011,350,0,0,0,0
20/09/2011,351,0,0,0,0
27/09/2011,352,0,0,0,0
04/10/2011,353,0,0,0,0
11/10/2011,354,0,0,0,0
18/10/2011,355,0,0,0,0
25/10/2011,356,0,0,0,0
01/11/2011,357,0,0,0,0
08/11/2011,358,0,0,0,0
15/11/2011,359,0,0,0,0
22/11/2011,360,0,0,0,0
29/11/2011,361,0,0,0,0
06/12/2011,362,0,0,0,0
13/12/2011,363,0,0,0,0
20/12/2011,364,0,0,0,0
27/12/2011,365,0,0,0,0
03/01/2012,366,0,0,0,0
10/01/2012,367,0,0,0,0
17/01/2012,368,0,0,0,0
24/01/2012,369,0,0,0,0
31/01/2012,370,0,0,0,0
07/02/2012,371,0,0,0,0
14/02/2012,372,0,0,0,0
21/02/2012,373,0,0,0,0
28/02/2012,374,0,0,0,0
06/03/2012,375,0,0,0,0
13/03/2012,376,0,0,0,0
20/03/2012,377,0,0,0,0
27/03/2012,378,0,0,0,0
03/04/2012,379,0,0,0,0
10/04/2012,380,0,0,0,0
17/04/2012,381,0,0,0,0
24/04/2012,382,0,0,0,0
01/05/2012,383,0,0,0,0
08/05/2012,384,0,0,0,0
15/05/2012,385,0,0,0,0
22/05/2012,386,0,0,0,0
29/05/2012,387,0,0,0,0
05/06/2012,388,0,0,0,0
12/06/2012,389,0,0,0,0
19/06/2012,390,0,0,0,0
26/06/2012,391,0,0,0,0
03/07/2012,392,0,0,0,0
10/07/2012,393,0,0,0,0
17/07/2012,394,0,0,0,0
24/07/2012,395,0,0,0,0
31/07/2012,396,0,0,0,0
07/08/2012,397,0,0,0,0
14/08/2012,398,0,0,0,0
21/08/2012,399,0,0,0,0
28/08/2012,400,0,0,0,0
04/09/2012,401,0,0,0,0
11/09/2012,402,0,0,0,0
18/09/2012,403,0,0,0,0
25/09/2012,404,0,0,0,0
02/10/2012,405,0,0,0,0
09/10/2012,406,0,0,0,0
16/10/2012,407,0,0,0,0
23/10/2012,408,0,0,0,0
30/10/2012,409,0,0,0,0
06/11/2012,410,0,0,0,0
13/11/2012,411,0,0,0,0
20/11/2012,412,0,0,0,0
27/11/2012,413,0,0,0,0
04/12/2012,414,0,0,0,0
11/12/2012,415,0,0,0,0
18/12/2012,416,0,0,0,0
25/12/2012,417,0,0,0,0
01/01/2013,418,0,0,0,0
08/01/2013,419,0,0,0,0
15/01/2013,420,0,0,0,0
22/01/2013,421,0,0,0,0
29/01/2013,422,0,0,0,0
05/02/2013,423,0,0,0,0
12/02/2013,424,0,0,0,0
19/02/2013,425,0,0,0,0
26/02/2013,426,0,0,0,0
05/03/2013,427,0,0,0,0
12/03/2013,428,0,0,0,0
19/03/2013,429,0,0,0,0
26/03/2013,430,0,0,0,0
02/04/2013,431,0,0,0,0
09/04/2013,432,0,0,0,0
16/04/2013,433,0,0,0,0
23/04/2013,434,0,0,0,0
30/04/2013,435,0,0,0,0
07/05/2013,436,0,0,0,0
14/05/2013,437,0,0,0,0
21/05/2013,438,0,0,0,0
28/05/2013,439,0,0,0,0
04/06/2013,440,0,0,0,0
11/06/2013,441,0,0,0,0
18/06/2013,442,0,0,0,0
25/06/2013,443,0,0,0,0
02/07/2013,444,0,0,0,0
09/07/2013,445,0,0,0,0
16/07/2013,446,0,0,0,0
23/07/2013,447,0,0,0,0
30/07/2013,448,0,0,0,0
06/08/2013,449,0,0,0,0
13/08/2013,450,0,0,0,0
20/08/2013,451,0,0,0,0
27/08/2013,452,0,0,0,0
03/09/2013,453,0,0,0,0
10/09/2013,454,0,0,0,0
17/09/2013,455,0,0,0,0
24/09/2013,456,0,0,0,0
01/10/2013,457,0,0,0,0
08/10/2013,458,0,0,0,0
15/10/2013,459,0,0,0,0
22/10/2013,460,0,0,0,0
29/10/2013,461,0,0,0,0
05/11/2013,462,0,0,0,0
12/11/2013,463,0,0,0,0
19/11/2013,464,0,0,0,0
26/11/2013,465,0,0,0,0
03/12/2013,466,0,0,0,0
10/12/2013,467,0,0,0,0
17/12/2013,468,0,0,0,0
24/12/2013,469,0,0,0,0
31/12/2013,470,0,0,0,0
07/01/2014,471,0,0,0,0
14/01/2014,472,0,0,0,0
21/01/2014,473,0,0,0,0
28/01/2014,474,0,0,0,0
04/02/2014,475,0,0,0,0
11/02/2014,476,0,0,0,0
18/02/2014,477,0,0,0,0
25/02/2014,478,0,0,0,0
04/03/2014,479,0,0,0,0
11/03/2014,480,0,0,0,0
18/03/2014,481,0,0,0,0
25/03/2014,482,0,0,0,0
01/04/2014,483,0,0,0,0
08/04/2014,484,0,0,0,0
15/04/2014,485,0,0,0,0
22/04/2014,486,0,0,0,0
29/04/2014,487,0,0,0,0
06/05/2014,488,0,0,0,0
13/05/2014,489,0,0,0,0
20/05/2014,490,0,0,0,0
27/05/2014,491,0,0,0,0
03/06/2014,492,0,0,0,0
10/06/2014,493,0,0,0,0
17/06/2014,494,0,0,0,0
24/06/2014,495,0,0,0,0
01/07/2014,496,0,0,0,0
08/07/2014,497,0,0,0,0
15/07/2014,498,0,0,0,0
22/07/2014,499,0,0,0,0
29/07/2014,500,0,0,0,0
05/08/2014,501,0,0,0,0
12/08/2014,502,0,0,0,0
19/08/2014,503,0,0,0,0
26/08/2014,504,0,0,0,0
02/09/2014,505,0,0,0,0
09/09/2014,506,0,0,0,0
16/09/2014,507,0,0,0,0
23/09/2014,508,0,0,0,0
30/09/2014,509,0,0,0,0
07/10/2014,510,0,0,0,0
14/10/2014,511,0,0,0,0
21/10/2014,512,0,0,0,0
28/10/2014,513,0,0,0,0
04/11/2014,514,0,0,0,0
11/11/2014,515,0,0,0,0
18/11/2014,516,0,0,0,0
25/11/2014,517,0,0,0,0
02/12/2014,518,0,0,0,0
09/12/2014,519,0,0,0,0
16/12/2014,520,0,0,0,0
23/12/2014,521,0,0,0,0
30/12/2014,522,0,0,0,0
06/01/2015,523,0,0,0,0
13/01/2015,524,0,0,0,0
20/01/2015,525,0,0,0,0
27/01/2015,526,0,0,0,0
03/02/2015,527,0,0,0,0
10/02/2015,528,0,0,0,0
17/02/2015,529,0,0,0,0
24/02/2015,530,0,0,0,0
03/03/2015,531,0,0,0,0
10/03/2015,532,0,0,0,0
17/03/2015,533,0,0,0,0
24/03/2015,534,0,0,0,0
31/03/2015,535,0,0,0,0
07/04/2015,536,0,0,0,0
14/04/2015,537,0,0,0,0
21/04/2015,538,0,0,0,0
28/04/2015,539,0,0,0,0
05/05/2015,540,0,0,0,0
12/05/2015,541,0,0,0,0
19/05/2015,542,0,0,0,0
26/05/2015,543,0,0,0,0
02/06/2015,544,0,0,0,0
09/06/2015,545,0,0,0,0
16/06/2015,546,0,0,0,0
23/06/2015,547,0,0,0,0
30/06/2015,548,0,0,0,0
07/07/2015,549,0,0,0,0
14/07/2015,550,0,0,0,0
21/07/2015,551,0,0,0,0
28/07/2015,552,0,0,0,0
04/08/2015,553,0,0,0,0
11/08/2015,554,0,0,0,0
18/08/2015,555,0,0,0,0
25/08/2015,556,0,0,0,0
01/09/2015,557,0,0,0,0
08/09/2015,558,0,0,0,0
15/09/2015,559,0,0,0,0
22/09/2015,560,0,0,0,0
29/09/2015,561,0,0,0,0
06/10/2015,562,0,0,0,0
13/10/2015,563,0,0,0,0
20/10/2015,564,0,0,0,0
27/10/2015,565,0,0,0,0
03/11/2015,566,0,0,0,0
10/11/2015,567,0,0,0,0
17/11/2015,568,0,0,0,0
24/11/2015,569,0,0,0,0
01/12/2015,570,0,0,0,0
08/12/2015,571,0,0,0,0
15/12/2015,572,0,0,0,0
22/12/2015,573,0,0,0,0
29/12/2015,574,0,0,0,0
05/01/2016,575,0,0,0,0
12/01/2016,576,0,0,0,0
19/01/2016,577,0,0,0,0
26/01/2016,578,0,0,0,0
02/02/2016,579,0,0,0,0
09/02/2016,580,0,0,0,0
16/02/2016,581,0,0,0,0
23/02/2016,582,0,0,0,0
01/03/2016,583,0,0,0,0
08/03/2016,584,0,0,0,0
15/03/2016,585,0,0,0,0
22/03/2016,586,0,0,0,0
29/03/2016,587,0,0,0,0
05/04/2016,588,0,0,0,0
12/04/2016,589,0,0,0,0
19/04/2016,590,0,0,0,0
26/04/2016,591,0,0,0,0
03/05/2016,592,0,0,0,0
10/05/2016,593,0,0,0,0
17/05/2016,594,0,0,0,0
24/05/2016,595,0,0,0,0
31/05/2016,596,0,0,0,0
07/06/2016,597,0,0,0,0
14/06/2016,598,0,0,0,0
21/06/2016,599,0,0,0,0
28/06/2016,600,0,0,0,0
05/07/2016,601,0,0,0,0
12/07/2016,602,0,0,0,0
19/07/2016,603,0,0,0,0
26/07/2016,604,0,0,0,0
02/08/2016,605,0,0,0,0
09/08/2016,606,0,0,0,0
16/08/2016,607,0,0,0,0
23/08/2016,608,0,0,0,0
30/08/2016,609,0,0,0,0
06/09/2016,610,0,0,0,0
13/09/2016,611,0,0,0,0
20/09/2016,612,0,0,0,0
27/09/2016,613,0,0,0,0
04/10/2016,614,0,0,0,0
11/10/2016,615,0,0,0,0
18/10/2016,616,0,0,0,0
25/10/2016,617,0,0,0,0
01/11/2016,618,0,0,0,0
08/11/2016,619,0,0,0,0
15/11/2016,620,0,0,0,0
22/11/2016,621,0,0,0,0
29/11/2016,622,0,0,0,0
06/12/2016,623,0,0,0,0
13/12/2016,624,0,0,0,0
20/12/2016,625,0,0,0,0
27/12/2016,626,0,0,0,0
03/01/2017,627,0,0,0,0
10/01/2017,628,0,0,0,0
17/01/2017,629,0,0,0,0
24/01/2017,630,0,0,0,0
31/01/2017,631,0,0,0,0
07/02/2017,632,0,0,0,0
14/02/2017,633,0,0,0,0
21/02/2017,634,0,0,0,0
28/02/2017,635,0,0,0,0
07/03/2017,636,0,0,0,0
14/03/2017,637,0,0,0,0
21/03/2017,638,0,0,0,0
28/03/2017,639,0,0,0,0
04/04/2017,640,0,0,0,0
11/04/2017,641,0,0,0,0
18/04/2017,642,0,0,0,0
25/04/2017,643,0,0,0,0
02/05/2017,644,0,0,0,0
09/05/2017,645,0,0,0,0
16/05/2017,646,0,0,0,0
23/05/2017,647,0,0,0,0
30/05/2017,648,0,0,0,0
06/06/2017,649,0,0,0,0
13/06/2017,650,0,0,0,0
20/06/2017,651,0,0,0,0
27/06/2017,652,0,0,0,0
04/07/2017,653,0,0,0,0
11/07/2017,654,0,0,0,0
18/07/2017,655,0,0,0,0
25/07/2017,656,0,0,0,0
01/08/2017,657,0,0,0,0
08/08/2017,658,0,0,0,0
15/08/2017,659,0,0,0,0
22/08/2017,660,0,0,0,0
29/08/2017,661,0,0,0,0
05/09/2017,662,0,0,0,0
12/09/2017,663,0,0,0,0
19/09/2017,664,0,0,0,0
26/09/2017,665,0,0,0,0
03/10/2017,666,0,0,0,0
10/10/2017,667,0,0,0,0
17/10/2017,668,0,0,0,0
24/10/2017,669,0,0,0,0
31/10/2017,670,0,0,0,0
07/11/2017,671,0,0,0,0
14/11/2017,672,0,0,0,0
21/11/2017,673,0,0,0,0
28/11/2017,674,0,0,0,0
05/12/2017,675,0,0,0,0
12/12/2017,676,0,0,0,0
19/12/2017,677,0,0,0,0
26/12/2017,678,0,0,0,0
02/01/2018,679,0,0,0,0
09/01/2018,680,0,0,0,0
16/01/2018,681,0,0,0,0
23/01/2018,682,0,0,0,0
30/01/2018,683,0,0,0,0
06/02/2018,684,0,0,0,0
13/02/2018,685,0,0,0,0
20/02/2018,686,0,0,0,0
27/02/2018,687,0,0,0,0
06/03/2018,688,0,0,0,0
13/03/2018,689,0,0,0,0
20/03/2018,690,0,0,0,0
27/03/2018,691,0,0,0,0
03/04/2018,692,0,0,0,0
10/04/2018,693,0,0,0,0
17/04/2018,694,0,0,0,0
24/04/2018,695,0,0,0,0
01/05/2018,696,0,0,0,0
08/05/2018,697,0,0,0,0
15/05/2018,698,0,0,0,0
22/05/2018,699,0,0,0,0
29/05/2018,700,0,0,0,0
05/06/2018,701,0,0,0,0
12/06/2018,702,0,0,0,0
19/06/2018,703,0,0,0,0
26/06/2018,704,0,0,0,0
03/07/2018,705,0,0,0,0
10/07/2018,706,0,0,0,0
17/07/2018,707,0,0,0,0
24/07/2018,708,0,0,0,0
31/07/2018,709,0,0,0,0
07/08/2018,710,0,0,0,0
14/08/2018,711,0,0,0,0
21/08/2018,712,0,0,0,0
28/08/2018,713,0,0,0,0
04/09/2018,714,0,0,0,0
11/09/2018,715,0,0,0,0
18/09/2018,716,0,0,0,0
25/09/2018,717,0,0,0,0
02/10/2018,718,0,0,0,0
09/10/2018,719,0,0,0,0
16/10/2018,720,0,0,0,0
23/10/2018,721,0,0,0,0
30/10/2018,722,0,0,0,0
06/11/2018,723,0,0,0,0
13/11/2018,724,0,0,0,0
20/11/2018,725,0,0,0,0
27/11/2018,726,0,0,0,0
04/12/2018,727,0,0,0,0
11/12/2018,728,0,0,0,0
18/12/2018,729,0,0,0,0
25/12/2018,730,0,0,0,0
01/01/2019,731,0,0,0,0
08/01/2019,732,0,0,0,0
15/01/2019,733,0,0,0,0
22/01/2019,734,0,0,0,0
29/01/2019,735,0,0,0,0
05/02/2019,736,0,0,0,0
12/02/2019,737,0,0,0,0
19/02/2019,738,0,0,0,0
26/02/2019,739,0,0,0,0
05/03/2019,740,0,0,1,0
12/03/2019,741,0,0,0,0
19/03/2019,742,0,1,0,0
26/03/2019,743,0,0,0,0
02/04/2019,744,0,0,0,0
09/04/2019,745,0,0,0,0
16/04/2019,746,0,0,0,0
23/04/2019,747,0,0,0,0
30/04/2019,748,0,0,0,0
07/05/2019,749,0,0,0,0
14/05/2019,750,0,0,0,0
21/05/2019,751,0,0,0,0
28/05/2019,752,0,0,0,0
04/06/2019,753,0,0,0,0
11/06/2019,754,0,0,0,0
18/06/2019,755,0,0,0,0
25/06/2019,756,0,0,0,0
02/07/2019,757,0,0,0,0
09/07/2019,758,0,0,0,0
16/07/2019,759,0,0,0,0
23/07/2019,760,0,0,0,0
30/07/2019,761,0,0,0,0
06/08/2019,762,0,1,0,0
13/08/2019,763,1,0,0,0
20/08/2019,764,0,0,0,0
27/08/2019,765,0,1,0,0
03/09/2019,766,0,0,0,0
10/09/2019,767,0,0,0,0
17/09/2019,768,0,0,0,0
24/09/2019,769,0,0,0,0
01/10/2019,770,0,0,1,0
08/10/2019,771,0,1,0,0
15/10/2019,772,0,0,0,0
22/10/2019,773,0,0,0,0
29/10/2019,774,0,0,0,0
05/11/2019,775,0,0,0,0
12/11/2019,776,0,0,0,0
19/11/2019,777,0,0,0,0
26/11/2019,778,0,0,0,0
03/12/2019,779,0,0,0,0
10/12/2019,780,0,0,0,0
17/12/2019,781,0,0,0,0
24/12/2019,782,0,0,0,0
31/12/2019,783,0,0,0,0
07/01/2020,784,0,0,0,0
14/01/2020,785,0,0,0,0
21/01/2020,786,0,0,0,0
28/01/2020,787,0,1,0,0
04/02/2020,788,0,0,0,0
11/02/2020,789,0,0,0,0
18/02/2020,790,0,0,0,0
25/02/2020,791,0,0,0,0
03/03/2020,792,0,0,0,0
10/03/2020,793,0,0,0,0
17/03/2020,794,0,0,0,0
24/03/2020,795,0,0,0,0
31/03/2020,796,0,0,0,0
07/04/2020,797,0,1,0,0
14/04/2020,798,0,1,0,0
21/04/2020,799,0,0,0,0
28/04/2020,800,0,1,0,0
05/05/2020,801,0,0,0,0
12/05/2020,802,0,1,0,0
19/05/2020,803,0,0,1,0
26/05/2020,804,0,0,0,0
02/06/2020,805,0,0,0,0
09/06/2020,806,0,0,1,0
16/06/2020,807,0,1,0,0
23/06/2020,808,0,0,0,0
30/06/2020,809,0,0,0,0
07/07/2020,810,0,0,0,0
14/07/2020,811,0,1,0,0
21/07/2020,812,0,0,0,0
28/07/2020,813,0,1,0,0
04/08/2020,814,0,0,0,0
11/08/2020,815,0,0,0,0
18/08/2020,816,0,0,0,0
25/08/2020,817,0,0,0,1
01/09/2020,818,0,1,0,0
08/09/2020,819,0,0,0,0
15/09/2020,820,0,0,0,0
22/09/2020,821,0,1,0,0
29/09/2020,822,0,0,0,0
06/10/2020,823,0,0,0,0
13/10/2020,824,0,0,0,0
20/10/2020,825,0,0,0,0
27/10/2020,826,0,0,1,0
03/11/2020,827,0,0,1,0
10/11/2020,828,0,0,2,0
17/11/2020,829,0,0,0,0
24/11/2020,830,0,0,0,0
01/12/2020,831,0,0,0,0
08/12/2020,832,1,0,0,0
15/12/2020,833,0,0,0,0
22/12/2020,834,0,0,0,0
29/12/2020,835,0,0,0,0
05/01/2021,836,0,0,0,0
12/01/2021,837,0,0,0,0
19/01/2021,838,0,0,0,0
26/01/2021,839,0,0,0,0
02/02/2021,840,0,0,1,0
09/02/2021,841,0,0,0,0
16/02/2021,842,0,0,0,0
23/02/2021,843,0,0,0,0
02/03/2021,844,0,0,0,0
09/03/2021,845,0,0,0,0
16/03/2021,846,1,0,0,0
23/03/2021,847,0,0,0,0
30/03/2021,848,0,0,0,0
06/04/2021,849,0,0,1,0
13/04/2021,850,1,0,0,0
20/04/2021,851,0,0,0,0
27/04/2021,852,1,0,0,0
04/05/2021,853,0,0,0,0
11/05/2021,854,0,0,0,0
18/05/2021,855,0,0,0,0
25/05/2021,856,0,0,0,0
01/06/2021,857,1,0,0,0
08/06/2021,858,0,0,0,0
15/06/2021,859,0,0,0,0
22/06/2021,860,0,0,0,0
29/06/2021,861,1,0,0,0
06/07/2021,862,0,0,0,0
13/07/2021,863,0,0,0,0
20/07/2021,864,0,0,0,0
27/07/2021,865,2,0,0,0
03/08/2021,866,0,0,0,0
10/08/2021,867,1,0,0,0
17/08/2021,868,0,0,0,0
24/08/2021,869,1,0,0,0
31/08/2021,870,0,0,0,0
07/09/2021,871,0,0,0,0
14/09/2021,872,0,0,0,0
21/09/2021,873,0,0,0,0
28/09/2021,874,0,0,1,0
05/10/2021,875,0,1,0,1
12/10/2021,876,1,0,0,0
19/10/2021,877,0,0,0,0
26/10/2021,878,0,1,0,0
02/11/2021,879,0,0,1,0
09/11/2021,880,0,0,0,1
16/11/2021,881,0,0,0,0
23/11/2021,882,0,0,0,0
30/11/2021,883,0,0,0,0
07/12/2021,884,0,0,0,0
14/12/2021,885,0,0,0,0
21/12/2021,886,0,0,0,0
28/12/2021,887,0,0,0,0
04/01/2022,888,0,0,0,0
11/01/2022,889,0,0,0,0
18/01/2022,890,0,0,0,0
25/01/2022,891,0,0,0,0
01/02/2022,892,0,0,0,0
08/02/2022,893,1,1,0,0
15/02/2022,894,0,0,0,0
22/02/2022,895,0,0,0,0
01/03/2022,896,0,0,0,0
08/03/2022,897,0,1,0,0
15/03/2022,898,0,0,0,0
22/03/2022,899,0,0,0,0
29/03/2022,900,0,0,0,0
05/04/2022,901,0,0,0,0
12/04/2022,902,0,0,0,0
19/04/2022,903,0,0,0,0
26/04/2022,904,1,0,1,0
03/05/2022,905,1,0,0,0
10/05/2022,906,0,0,0,0
17/05/2022,907,0,0,0,0
24/05/2022,908,0,0,0,0
31/05/2022,909,0,0,0,0
07/06/2022,910,0,0,0,0
14/06/2022,911,0,0,0,0
21/06/2022,912,1,0,1,0
28/06/2022,913,0,0,0,0
05/07/2022,914,0,0,0,0
12/07/2022,915,0,0,0,0
19/07/2022,916,1,0,0,0
26/07/2022,917,0,0,0,0
02/08/2022,918,0,0,0,0
09/08/2022,919,0,0,0,0
16/08/2022,920,0,0,0,0
23/08/2022,921,0,0,0,0
30/08/2022,922,1,0,0,0
06/09/2022,923,1,0,0,0
13/09/2022,924,0,0,0,0
20/09/2022,925,0,0,0,0
27/09/2022,926,0,0,1,0
04/10/2022,927,0,0,0,0
11/10/2022,928,0,0,0,0
18/10/2022,929,0,0,0,0
25/10/2022,930,0,0,0,0
01/11/2022,931,0,0,0,0
08/11/2022,932,0,0,0,0
15/11/2022,933,1,0,0,0
