time,date,datetime,milliseconds,mean,median,upper,lower
2022.86,9/11/2022,2022-11-09T08:36:00,1.66798E+12,109.8356821,107.2687587,179.5269471,57.07363653
2022.3825,19/05/2022,2022-05-19T01:41:53,1.65292E+12,109.8356821,107.2687587,179.5269471,57.07363653
2021.905,25/11/2021,2021-11-25T18:47:46,1.63787E+12,109.8356821,107.2687587,179.5269471,57.07363653
2021.427499,4/06/2021,2021-06-04T11:53:39,1.62281E+12,109.8356821,107.2687587,179.5269471,57.07363653
2020.949999,11/12/2020,2020-12-11T04:59:32,1.60766E+12,109.8356821,107.2687587,179.5269471,57.07363653
2020.472499,19/06/2020,2020-06-19T22:05:24,1.5926E+12,112.9027488,109.6393544,180.289431,65.17859422
2019.994999,28/12/2019,2019-12-28T15:11:17,1.57755E+12,100.8963587,95.39001404,179.0957145,48.07026272
2019.517498,7/07/2019,2019-07-07T08:17:10,1.56249E+12,84.32389617,80.35430092,145.6208193,44.59118212
2019.039998,14/01/2019,2019-01-14T01:23:03,1.54743E+12,87.76231426,81.87859524,165.6879278,43.05065417
2018.562498,23/07/2018,2018-07-23T18:28:56,1.53237E+12,149.3074736,143.3655699,260.6370412,76.18832091
2018.084998,30/01/2018,2018-01-30T11:34:49,1.51731E+12,166.802955,160.8952427,271.6571115,95.59915898
2017.607498,9/08/2017,2017-08-09T04:40:41,1.50225E+12,159.2522243,158.3167818,271.2949139,58.5359652
2017.129997,15/02/2017,2017-02-15T21:46:34,1.4872E+12,85.78718742,80.82985617,157.3997876,39.61689357
2016.652497,24/08/2016,2016-08-24T14:52:27,1.47205E+12,57.45273002,54.17673172,105.8871884,28.19694367
2016.174997,3/03/2016,2016-03-03T07:58:20,1.45699E+12,62.80059937,59.83916734,111.6247693,32.13499934
2015.697497,11/09/2015,2015-09-11T01:04:13,1.44193E+12,59.1376022,55.80565794,112.3144166,25.7753286
2015.219996,20/03/2015,2015-03-20T18:10:06,1.42688E+12,47.56933953,40.51673914,102.2641478,19.91104349
2014.742496,27/09/2014,2014-09-27T11:15:59,1.41182E+12,28.01474595,25.92407248,58.38797083,9.123884309
2014.264996,6/04/2014,2014-04-06T04:21:51,1.39676E+12,17.24211809,16.2499391,30.836301,8.933697083
2013.787496,13/10/2013,2013-10-13T21:27:44,1.3817E+12,23.29334498,22.73870377,36.29859969,13.5809962
2013.309995,22/04/2013,2013-04-22T14:33:37,1.36664E+12,25.38526561,24.6929838,37.93132738,16.65701424
2012.832495,29/10/2012,2012-10-29T07:39:30,1.3515E+12,25.38741794,24.70003465,37.91683572,16.65132738
2012.354995,8/05/2012,2012-05-08T00:45:23,1.33644E+12,25.38407698,24.6988029,37.90766202,16.65049801
2011.877495,15/11/2011,2011-11-15T17:51:16,1.32138E+12,25.3834755,24.69874632,37.90642152,16.65049801
2011.399995,25/05/2011,2011-05-25T10:57:08,1.30632E+12,25.3834755,24.69874632,37.90642152,16.65049801
2010.922494,2/12/2010,2010-12-02T04:03:01,1.29126E+12,25.3834755,24.69874632,37.90642152,16.65049801
2010.444994,10/06/2010,2010-06-10T21:08:54,1.2762E+12,25.3834755,24.69874632,37.90642152,16.65049801
2009.967494,18/12/2009,2009-12-18T14:14:47,1.26115E+12,25.3834755,24.69874632,37.90642152,16.65049801
2009.489994,27/06/2009,2009-06-27T07:20:40,1.24609E+12,25.3834755,24.69874632,37.90642152,16.65049801
2009.012493,4/01/2009,2009-01-04T00:26:33,1.23103E+12,25.3834755,24.69874632,37.90642152,16.65049801
2008.534993,12/07/2008,2008-07-12T17:32:25,1.21588E+12,25.3834755,24.69874632,37.90642152,16.65049801
2008.057493,20/01/2008,2008-01-20T10:38:18,1.20083E+12,25.3834755,24.69874632,37.90642152,16.65049801
2007.579993,30/07/2007,2007-07-30T03:44:11,1.18577E+12,25.3834755,24.69874632,37.90642152,16.65049801
2007.102493,5/02/2007,2007-02-05T20:50:04,1.17071E+12,25.3834755,24.69874632,37.90642152,16.65049801
2006.624992,15/08/2006,2006-08-15T13:55:57,1.15565E+12,25.3834755,24.69874632,37.90642152,16.65049801
2006.147492,22/02/2006,2006-02-22T07:01:50,1.14059E+12,25.3834755,24.69874632,37.90642152,16.65049801
2005.669992,1/09/2005,2005-09-01T00:07:42,1.12553E+12,25.3834755,24.69874632,37.90642152,16.65049801
2005.192492,10/03/2005,2005-03-10T17:13:35,1.11047E+12,25.3834755,24.69874632,37.90642152,16.65049801
2004.714991,16/09/2004,2004-09-16T10:19:28,1.09533E+12,25.3834755,24.69874632,37.90642152,16.65049801
2004.237491,26/03/2004,2004-03-26T03:25:21,1.08027E+12,25.3834755,24.69874632,37.90642152,16.65049801
2003.759991,3/10/2003,2003-10-03T20:31:14,1.06521E+12,25.3834755,24.69874632,37.90642152,16.65049801
2003.282491,12/04/2003,2003-04-12T13:37:07,1.05015E+12,25.3834755,24.69874632,37.90642152,16.65049801
2002.80499,20/10/2002,2002-10-20T06:42:59,1.0351E+12,25.3834755,24.69874632,37.90642152,16.65049801
2002.32749,28/04/2002,2002-04-28T23:48:52,1.02004E+12,25.3834755,24.69874632,37.90642152,16.65049801
2001.84999,5/11/2001,2001-11-05T16:54:45,1.00498E+12,25.3834755,24.69874632,37.90642152,16.65049801
2001.37249,15/05/2001,2001-05-15T10:00:38,9.89921E+11,25.3834755,24.69874632,37.90642152,16.65049801
2000.89499,21/11/2000,2000-11-21T03:06:31,9.74776E+11,25.3834755,24.69874632,37.90642152,16.65049801
2000.417489,30/05/2000,2000-05-30T20:12:24,9.59718E+11,25.3834755,24.69874632,37.90642152,16.65049801
1999.939989,8/12/1999,1999-12-08T13:18:17,9.44659E+11,25.3834755,24.69874632,37.90642152,16.65049801
1999.462489,17/06/1999,1999-06-17T06:24:09,9.29601E+11,25.3834755,24.69874632,37.90642152,16.65049801
1998.984989,24/12/1998,1998-12-24T23:30:02,9.14542E+11,25.3834755,24.69874632,37.90642152,16.65049801
1998.507488,3/07/1998,1998-07-03T16:35:55,8.99484E+11,25.3834755,24.69874632,37.90642152,16.65049801
1998.029988,10/01/1998,1998-01-10T09:41:48,8.84425E+11,25.3834755,24.69874632,37.90642152,16.65049801
1997.552488,20/07/1997,1997-07-20T02:47:41,8.69367E+11,25.3834755,24.69874632,37.90642152,16.65049801
1997.074988,26/01/1997,1997-01-26T19:53:34,8.54308E+11,25.3834755,24.69874632,37.90642152,16.65049801
1996.597488,4/08/1996,1996-08-04T12:59:26,8.39164E+11,25.3834755,24.69874632,37.90642152,16.65049801
1996.119987,12/02/1996,1996-02-12T06:05:19,8.24105E+11,25.3834755,24.69874632,37.90642152,16.65049801
1995.642487,21/08/1995,1995-08-21T23:11:12,8.09047E+11,25.3834755,24.69874632,37.90642152,16.65049801
1995.164987,28/02/1995,1995-02-28T16:17:05,7.93988E+11,25.3834755,24.69874632,37.90642152,16.65049801
1994.687487,7/09/1994,1994-09-07T09:22:58,7.7893E+11,25.3834755,24.69874632,37.90642152,16.65049801
1994.209986,17/03/1994,1994-03-17T02:28:51,7.63871E+11,25.3834755,24.69874632,37.90642152,16.65049801
1993.732486,23/09/1993,1993-09-23T19:34:43,7.48813E+11,25.3834755,24.69874632,37.90642152,16.65049801
1993.254986,2/04/1993,1993-04-02T12:40:36,7.33754E+11,25.3834755,24.69874632,37.90642152,16.65049801
1992.777486,9/10/1992,1992-10-09T05:46:29,7.1861E+11,25.3834755,24.69874632,37.90642152,16.65049801
1992.299985,17/04/1992,1992-04-17T22:52:22,7.03551E+11,25.3834755,24.69874632,37.90642152,16.65049801
1991.822485,26/10/1991,1991-10-26T15:58:15,6.88493E+11,25.3834755,24.69874632,37.90642152,16.65049801
1991.344985,5/05/1991,1991-05-05T09:04:08,6.73434E+11,25.3834755,24.69874632,37.90642152,16.65049801
1990.867485,12/11/1990,1990-11-12T02:10:00,6.58376E+11,25.3834755,24.69874632,37.90642152,16.65049801
1990.389985,21/05/1990,1990-05-21T19:15:53,6.43317E+11,25.3834755,24.69874632,37.90642152,16.65049801
1989.912484,28/11/1989,1989-11-28T12:21:46,6.28259E+11,25.3834755,24.69874632,37.90642152,16.65049801
1989.434984,7/06/1989,1989-06-07T05:27:39,6.132E+11,25.3834755,24.69874632,37.90642152,16.65049801
1988.957484,13/12/1988,1988-12-13T22:33:32,5.98056E+11,25.3834755,24.69874632,37.90642152,16.65049801
1988.479984,22/06/1988,1988-06-22T15:39:25,5.82997E+11,25.3834755,24.69874632,37.90642152,16.65049801
1988.002483,31/12/1987,1987-12-31T08:45:17,5.67939E+11,25.3834755,24.69874632,37.90642152,16.65049801
1987.524983,10/07/1987,1987-07-10T01:51:10,5.5288E+11,25.3834755,24.69874632,37.90642152,16.65049801
1987.047483,16/01/1987,1987-01-16T18:57:03,5.37822E+11,25.3834755,24.69874632,37.90642152,16.65049801
1986.569983,26/07/1986,1986-07-26T12:02:56,5.22763E+11,25.3834755,24.69874632,37.90642152,16.65049801
1986.092483,2/02/1986,1986-02-02T05:08:49,5.07705E+11,25.3834755,24.69874632,37.90642152,16.65049801
1985.614982,11/08/1985,1985-08-11T22:14:42,4.92646E+11,25.3834755,24.69874632,37.90642152,16.65049801
1985.137482,18/02/1985,1985-02-18T15:20:35,4.77588E+11,25.3834755,24.69874632,37.90642152,16.65049801
1984.659982,27/08/1984,1984-08-27T08:26:27,4.62443E+11,25.3834755,24.69874632,37.90642152,16.65049801
1984.182482,6/03/1984,1984-03-06T01:32:20,4.47385E+11,25.3834755,24.69874632,37.90642152,16.65049801
1983.704981,13/09/1983,1983-09-13T18:38:13,4.32326E+11,25.3834755,24.69874632,37.90642152,16.65049801
1983.227481,23/03/1983,1983-03-23T11:44:06,4.17268E+11,25.3834755,24.69874632,37.90642152,16.65049801
1982.749981,30/09/1982,1982-09-30T04:49:59,4.02209E+11,25.3834755,24.69874632,37.90642152,16.65049801
1982.272481,8/04/1982,1982-04-08T21:55:52,3.87151E+11,25.38355147,24.69874632,37.90642152,16.65049801
1981.79498,16/10/1981,1981-10-16T15:01:44,3.72093E+11,25.38355147,24.69874632,37.90642152,16.65049801
1981.31748,25/04/1981,1981-04-25T08:07:37,3.57034E+11,25.38356614,24.6988029,37.90642152,16.65049801
1980.83998,1/11/1980,1980-11-01T01:13:30,3.41889E+11,25.38362255,24.6988029,37.90642152,16.65049801
1980.36248,10/05/1980,1980-05-10T18:19:23,3.26831E+11,25.3839848,24.69896152,37.90642152,16.65132738
1979.88498,18/11/1979,1979-11-18T11:25:16,3.11772E+11,25.38438365,24.6992026,37.90642152,16.65132738
1979.407479,28/05/1979,1979-05-28T04:31:09,2.96714E+11,25.38575982,24.7010825,37.90766202,16.65193528
1978.929979,4/12/1978,1978-12-04T21:37:01,2.81655E+11,25.38723752,24.70262285,37.90994758,16.65332103
1978.452479,13/06/1978,1978-06-13T14:42:54,2.66597E+11,25.38962855,24.70409056,37.91138138,16.65701424
1977.974979,21/12/1977,1977-12-21T07:48:47,2.51539E+11,25.39331556,24.70835259,37.91308396,16.66145349
1977.497478,30/06/1977,1977-06-30T00:54:40,2.3648E+11,25.39929499,24.71547077,37.91663452,16.66435213
1977.019978,6/01/1977,1977-01-06T18:00:33,2.21422E+11,25.40664646,24.72107736,37.9213408,16.67109322
1976.542478,15/07/1976,1976-07-15T11:06:26,2.06277E+11,25.41549492,24.73025277,37.92941482,16.68353035
1976.064978,23/01/1976,1976-01-23T04:12:18,1.91218E+11,25.427976,24.74451115,37.94574979,16.68992736
1975.587478,1/08/1975,1975-08-01T21:18:11,1.7616E+11,NaN,NaN,NaN,NaN
