"Date","week_num","A","B","C","D","E","F","G","H"
"15/11/2004",47,1,0,0,0,0,0,0,0
"22/11/2004",48,0,0,0,0,0,0,0,0
"29/11/2004",49,0,0,0,0,0,0,0,0
"06/12/2004",50,0,0,0,0,0,0,0,0
"13/12/2004",51,0,0,0,0,0,0,0,0
"20/12/2004",52,0,0,0,0,0,0,0,0
"27/12/2004",53,0,0,0,0,0,0,0,0
"03/01/2005",54,0,0,0,0,0,0,0,0
"10/01/2005",55,0,0,0,0,0,0,0,0
"17/01/2005",56,0,0,0,0,0,0,0,0
"24/01/2005",57,0,0,0,0,0,0,0,0
"31/01/2005",58,0,0,0,0,0,0,0,0
"07/02/2005",59,0,0,0,0,0,0,0,0
"14/02/2005",60,0,0,0,0,0,0,0,0
"21/02/2005",61,0,0,0,0,0,0,0,0
"28/02/2005",62,0,0,0,0,0,0,0,0
"07/03/2005",63,0,0,0,0,0,0,0,0
"14/03/2005",64,0,0,0,0,0,0,0,0
"21/03/2005",65,0,0,0,0,0,0,0,0
"28/03/2005",66,0,0,0,0,0,0,0,0
"04/04/2005",67,0,0,0,0,0,0,0,0
"11/04/2005",68,0,0,0,0,0,0,0,0
"18/04/2005",69,0,0,0,0,0,0,0,0
"25/04/2005",70,0,0,0,0,0,0,0,0
"02/05/2005",71,0,0,0,0,0,0,0,0
"09/05/2005",72,0,0,0,0,0,0,0,0
"16/05/2005",73,0,0,0,0,0,0,0,0
"23/05/2005",74,0,0,0,0,0,0,0,0
"30/05/2005",75,0,0,0,0,0,0,0,0
"06/06/2005",76,0,0,0,0,0,0,0,0
"13/06/2005",77,0,0,0,0,0,0,0,0
"20/06/2005",78,0,0,0,0,0,0,0,0
"27/06/2005",79,0,0,0,0,0,0,0,0
"04/07/2005",80,0,0,0,0,0,0,0,0
"11/07/2005",81,0,0,0,0,0,0,0,0
"18/07/2005",82,0,0,0,0,0,0,0,0
"25/07/2005",83,0,0,0,0,0,0,0,0
"01/08/2005",84,0,0,0,0,0,0,0,0
"08/08/2005",85,0,0,0,0,0,0,0,0
"15/08/2005",86,0,0,0,0,0,0,0,0
"22/08/2005",87,0,0,0,0,0,0,0,0
"29/08/2005",88,0,0,0,0,0,0,0,0
"05/09/2005",89,0,0,0,0,0,0,0,0
"12/09/2005",90,0,0,0,0,0,0,0,0
"19/09/2005",91,0,0,0,0,0,0,0,0
"26/09/2005",92,0,0,0,0,0,0,0,0
"03/10/2005",93,0,0,0,0,0,0,0,0
"10/10/2005",94,0,0,0,0,0,0,0,0
"17/10/2005",95,0,0,0,0,0,0,0,0
"24/10/2005",96,0,0,0,0,0,0,0,0
"31/10/2005",97,0,0,0,0,0,0,0,0
"07/11/2005",98,0,0,0,0,0,0,0,0
"14/11/2005",99,0,0,0,0,0,0,0,0
"21/11/2005",100,0,0,0,0,0,0,0,0
"28/11/2005",101,0,0,0,0,0,0,0,0
"05/12/2005",102,0,0,0,0,0,0,0,0
"12/12/2005",103,0,0,0,0,0,0,0,0
"19/12/2005",104,0,0,0,0,0,0,0,0
"26/12/2005",105,0,0,0,0,0,0,0,0
"02/01/2006",106,0,0,0,0,0,0,0,0
"09/01/2006",107,0,0,0,0,0,0,0,0
"16/01/2006",108,0,0,0,0,0,0,0,0
"23/01/2006",109,0,0,0,0,0,0,0,0
"30/01/2006",110,0,0,0,0,0,0,0,0
"06/02/2006",111,0,0,0,0,0,0,0,0
"13/02/2006",112,0,0,0,0,0,0,0,0
"20/02/2006",113,0,0,0,0,0,0,0,0
"27/02/2006",114,0,0,0,0,0,0,0,0
"06/03/2006",115,0,0,0,0,0,0,0,0
"13/03/2006",116,0,0,0,0,0,0,0,0
"20/03/2006",117,0,0,0,0,0,0,0,0
"27/03/2006",118,0,0,0,0,0,0,0,0
"03/04/2006",119,0,0,0,0,0,0,0,0
"10/04/2006",120,0,0,0,0,0,0,0,0
"17/04/2006",121,0,0,0,0,0,0,0,0
"24/04/2006",122,0,0,0,0,0,0,0,0
"01/05/2006",123,0,0,0,0,0,0,0,0
"08/05/2006",124,0,0,0,0,0,0,0,0
"15/05/2006",125,0,0,0,0,0,0,0,0
"22/05/2006",126,0,0,0,0,0,0,0,0
"29/05/2006",127,0,0,0,0,0,0,0,0
"05/06/2006",128,0,0,0,0,0,0,0,0
"12/06/2006",129,0,0,0,0,0,0,0,0
"19/06/2006",130,0,0,0,0,0,0,0,0
"26/06/2006",131,0,0,0,0,0,0,0,0
"03/07/2006",132,0,0,0,0,0,0,0,0
"10/07/2006",133,0,0,0,0,0,0,0,0
"17/07/2006",134,0,0,0,0,0,0,0,0
"24/07/2006",135,0,0,0,0,0,0,0,0
"31/07/2006",136,0,0,0,0,0,0,0,0
"07/08/2006",137,0,0,0,0,0,0,0,0
"14/08/2006",138,0,0,0,0,0,0,0,0
"21/08/2006",139,0,0,0,0,0,0,0,0
"28/08/2006",140,0,0,0,0,0,0,0,0
"04/09/2006",141,0,0,0,0,0,0,0,0
"11/09/2006",142,0,0,0,0,0,0,0,0
"18/09/2006",143,0,0,0,0,0,0,0,0
"25/09/2006",144,0,0,0,0,0,0,0,0
"02/10/2006",145,0,0,0,0,0,0,0,0
"09/10/2006",146,0,0,0,0,0,0,0,0
"16/10/2006",147,0,0,0,0,0,0,0,0
"23/10/2006",148,0,0,0,0,0,0,0,0
"30/10/2006",149,0,0,0,0,0,0,0,0
"06/11/2006",150,0,0,0,0,0,0,0,0
"13/11/2006",151,0,0,0,0,0,0,0,0
"20/11/2006",152,0,0,0,0,0,0,0,0
"27/11/2006",153,0,0,0,0,0,0,0,0
"04/12/2006",154,0,0,0,0,0,0,0,0
"11/12/2006",155,0,0,0,0,0,0,0,0
"18/12/2006",156,0,0,0,0,0,0,0,0
"25/12/2006",157,0,0,0,0,0,0,0,0
"01/01/2007",158,0,0,0,0,0,0,0,0
"08/01/2007",159,0,0,0,0,0,0,0,0
"15/01/2007",160,0,0,0,0,0,0,0,0
"22/01/2007",161,0,0,0,0,0,0,0,0
"29/01/2007",162,0,0,0,0,0,0,0,0
"05/02/2007",163,0,0,0,0,0,0,0,0
"12/02/2007",164,0,0,0,0,0,0,0,0
"19/02/2007",165,0,0,0,0,0,0,0,0
"26/02/2007",166,0,0,0,0,0,0,0,0
"05/03/2007",167,0,0,0,0,0,0,0,0
"12/03/2007",168,0,0,0,0,0,0,0,0
"19/03/2007",169,0,0,0,0,0,0,0,0
"26/03/2007",170,0,0,0,0,0,0,0,0
"02/04/2007",171,0,0,0,0,0,0,0,0
"09/04/2007",172,0,0,0,0,0,0,0,0
"16/04/2007",173,0,0,0,0,0,0,0,0
"23/04/2007",174,0,0,0,0,0,0,0,0
"30/04/2007",175,0,0,0,0,0,0,0,0
"07/05/2007",176,0,0,0,0,0,0,0,0
"14/05/2007",177,0,0,0,0,0,0,0,0
"21/05/2007",178,0,0,0,0,0,0,0,0
"28/05/2007",179,0,0,0,0,0,0,0,0
"04/06/2007",180,1,0,0,0,0,0,0,0
"11/06/2007",181,0,0,0,0,0,0,0,0
"18/06/2007",182,0,0,0,0,0,0,0,0
"25/06/2007",183,0,0,0,0,0,0,0,0
"02/07/2007",184,0,0,0,0,0,0,0,0
"09/07/2007",185,0,0,0,0,0,0,0,0
"16/07/2007",186,0,0,0,0,0,0,0,0
"23/07/2007",187,0,0,0,0,0,0,0,0
"30/07/2007",188,0,0,0,0,0,0,0,0
"06/08/2007",189,0,0,0,0,0,0,0,0
"13/08/2007",190,0,0,0,0,0,0,0,0
"20/08/2007",191,0,0,0,0,0,0,0,0
"27/08/2007",192,0,0,0,0,0,0,0,0
"03/09/2007",193,0,0,0,0,0,0,0,0
"10/09/2007",194,0,0,0,0,0,0,0,0
"17/09/2007",195,0,0,0,0,0,0,0,0
"24/09/2007",196,0,0,0,0,0,0,0,0
"01/10/2007",197,0,0,0,0,0,0,0,0
"08/10/2007",198,0,0,0,0,0,0,0,0
"15/10/2007",199,0,0,0,0,0,0,0,0
"22/10/2007",200,0,0,0,0,0,0,0,0
"29/10/2007",201,0,0,0,0,0,0,0,0
"05/11/2007",202,0,0,0,0,0,0,0,0
"12/11/2007",203,0,0,0,0,0,0,0,0
"19/11/2007",204,0,0,0,0,0,0,0,0
"26/11/2007",205,0,0,0,0,0,0,0,0
"03/12/2007",206,0,0,0,0,0,0,0,0
"10/12/2007",207,0,0,0,0,0,0,0,0
"17/12/2007",208,0,0,0,0,0,0,0,0
"24/12/2007",209,0,0,0,0,0,0,0,0
"31/12/2007",210,0,0,0,0,0,0,0,0
"07/01/2008",211,0,0,0,0,0,0,0,0
"14/01/2008",212,0,0,0,0,0,0,0,0
"21/01/2008",213,0,0,0,0,0,0,0,0
"28/01/2008",214,0,0,0,0,0,0,0,0
"04/02/2008",215,0,0,0,0,0,0,0,0
"11/02/2008",216,0,0,0,0,0,0,0,0
"18/02/2008",217,0,0,0,0,0,0,0,0
"25/02/2008",218,0,0,0,0,0,0,0,0
"03/03/2008",219,0,0,0,0,0,0,0,0
"10/03/2008",220,0,0,0,0,0,0,0,0
"17/03/2008",221,0,0,0,0,0,0,0,0
"24/03/2008",222,0,0,0,0,0,0,0,0
"31/03/2008",223,0,0,0,0,0,0,0,0
"07/04/2008",224,0,0,0,0,0,0,0,0
"14/04/2008",225,0,0,0,0,0,0,0,0
"21/04/2008",226,0,0,0,0,0,0,0,0
"28/04/2008",227,0,0,0,0,0,0,0,0
"05/05/2008",228,0,0,0,0,0,0,0,0
"12/05/2008",229,0,0,0,0,0,0,0,0
"19/05/2008",230,0,0,0,0,0,0,0,0
"26/05/2008",231,0,0,0,0,0,0,0,0
"02/06/2008",232,0,0,0,0,0,0,0,0
"09/06/2008",233,0,0,0,0,0,0,0,0
"16/06/2008",234,0,0,0,0,0,0,0,0
"23/06/2008",235,0,0,0,0,0,0,0,0
"30/06/2008",236,0,0,0,0,0,0,0,0
"07/07/2008",237,0,0,0,0,0,0,0,0
"14/07/2008",238,0,0,0,0,0,0,0,0
"21/07/2008",239,0,0,0,0,0,0,0,0
"28/07/2008",240,0,0,0,0,0,0,0,0
"04/08/2008",241,0,0,0,0,0,0,0,0
"11/08/2008",242,0,0,0,0,0,0,0,0
"18/08/2008",243,0,0,0,0,0,0,0,0
"25/08/2008",244,1,0,0,0,0,0,0,0
"01/09/2008",245,0,0,0,0,0,0,0,0
"08/09/2008",246,0,0,0,0,0,0,0,0
"15/09/2008",247,0,0,0,0,0,0,0,0
"22/09/2008",248,0,0,0,0,0,0,0,0
"29/09/2008",249,0,0,0,0,0,0,0,0
"06/10/2008",250,0,0,0,0,0,0,0,0
"13/10/2008",251,0,0,0,0,0,0,0,0
"20/10/2008",252,0,0,0,0,0,0,0,0
"27/10/2008",253,0,0,0,0,0,0,0,0
"03/11/2008",254,0,0,0,0,0,0,0,0
"10/11/2008",255,0,0,0,0,0,0,0,0
"17/11/2008",256,0,0,0,0,0,0,0,0
"24/11/2008",257,0,0,0,0,0,0,0,0
"01/12/2008",258,0,0,0,0,0,0,0,0
"08/12/2008",259,0,0,0,0,0,0,0,0
"15/12/2008",260,0,0,0,0,0,0,0,0
"22/12/2008",261,0,0,0,0,0,0,0,0
"29/12/2008",262,0,0,0,0,0,0,0,0
"05/01/2009",263,0,0,0,0,0,0,0,0
"12/01/2009",264,0,0,0,0,0,0,0,0
"19/01/2009",265,0,0,0,0,0,0,0,0
"26/01/2009",266,0,0,0,0,0,0,0,0
"02/02/2009",267,0,0,0,0,0,0,0,0
"09/02/2009",268,0,0,0,0,0,0,0,0
"16/02/2009",269,0,0,0,0,0,0,0,0
"23/02/2009",270,0,0,0,0,0,0,0,0
"02/03/2009",271,0,0,0,0,0,0,0,0
"09/03/2009",272,0,0,0,0,0,0,0,0
"16/03/2009",273,0,0,0,0,0,0,0,0
"23/03/2009",274,0,0,0,0,0,0,0,0
"30/03/2009",275,0,0,0,0,0,0,0,0
"06/04/2009",276,0,0,0,0,0,0,0,0
"13/04/2009",277,0,0,0,0,0,0,0,0
"20/04/2009",278,0,0,0,0,0,0,0,0
"27/04/2009",279,0,0,0,0,0,0,0,0
"04/05/2009",280,0,0,0,0,0,0,0,0
"11/05/2009",281,0,0,0,0,0,0,0,0
"18/05/2009",282,0,0,0,0,0,0,0,0
"25/05/2009",283,0,0,0,0,0,0,0,0
"01/06/2009",284,0,0,0,0,0,0,0,0
"08/06/2009",285,0,0,0,0,0,0,0,0
"15/06/2009",286,0,0,0,0,0,0,0,0
"22/06/2009",287,0,0,0,0,0,0,0,0
"29/06/2009",288,0,0,0,0,0,0,0,0
"06/07/2009",289,0,0,0,0,0,0,0,0
"13/07/2009",290,0,0,0,0,0,0,0,0
"20/07/2009",291,0,0,0,0,0,0,0,0
"27/07/2009",292,0,0,0,0,0,0,0,0
"03/08/2009",293,0,0,0,0,0,0,0,0
"10/08/2009",294,0,0,0,0,0,0,0,0
"17/08/2009",295,0,0,0,0,0,0,0,0
"24/08/2009",296,0,0,0,0,0,0,0,0
"31/08/2009",297,0,0,0,0,0,0,0,0
"07/09/2009",298,0,0,0,0,0,0,0,0
"14/09/2009",299,0,0,0,0,0,0,0,0
"21/09/2009",300,0,0,0,0,0,0,0,0
"28/09/2009",301,0,0,0,0,0,0,0,0
"05/10/2009",302,0,0,0,0,0,0,0,0
"12/10/2009",303,0,0,0,0,0,0,0,0
"19/10/2009",304,0,0,0,0,0,0,0,0
"26/10/2009",305,0,0,0,0,0,0,0,0
"02/11/2009",306,0,0,0,0,0,0,0,0
"09/11/2009",307,0,0,0,0,0,0,0,0
"16/11/2009",308,0,0,0,0,0,0,0,0
"23/11/2009",309,0,0,0,0,0,0,0,0
"30/11/2009",310,0,0,0,0,0,0,0,0
"07/12/2009",311,0,0,0,0,0,0,0,0
"14/12/2009",312,0,0,0,0,0,0,0,0
"21/12/2009",313,0,0,0,0,0,0,0,0
"28/12/2009",314,0,0,0,0,0,0,0,0
"04/01/2010",315,0,0,0,0,0,0,0,0
"11/01/2010",316,0,0,0,0,0,0,0,0
"18/01/2010",317,0,0,0,0,0,0,0,0
"25/01/2010",318,0,0,0,0,0,0,0,0
"01/02/2010",319,0,0,0,0,0,0,0,0
"08/02/2010",320,0,0,0,0,0,0,0,0
"15/02/2010",321,0,0,0,0,0,0,0,0
"22/02/2010",322,0,0,0,0,0,0,0,0
"01/03/2010",323,0,0,0,0,0,0,0,0
"08/03/2010",324,0,0,0,0,0,0,0,0
"15/03/2010",325,0,0,0,0,0,0,0,0
"22/03/2010",326,0,0,0,0,0,0,0,0
"29/03/2010",327,0,0,0,0,0,0,0,0
"05/04/2010",328,0,0,0,0,0,0,0,0
"12/04/2010",329,0,0,0,0,0,0,0,0
"19/04/2010",330,0,0,0,0,0,0,0,0
"26/04/2010",331,0,0,0,0,0,0,0,0
"03/05/2010",332,0,0,0,0,0,0,0,0
"10/05/2010",333,0,0,0,0,0,0,0,0
"17/05/2010",334,0,0,0,0,0,0,0,0
"24/05/2010",335,0,0,0,0,0,0,0,0
"31/05/2010",336,0,0,0,0,0,0,0,0
"07/06/2010",337,0,0,0,0,0,0,0,0
"14/06/2010",338,0,0,0,0,0,0,0,0
"21/06/2010",339,0,0,0,0,0,0,0,0
"28/06/2010",340,0,0,0,0,0,0,0,0
"05/07/2010",341,0,0,0,0,0,0,0,0
"12/07/2010",342,0,0,0,0,0,0,0,0
"19/07/2010",343,0,0,0,0,0,0,0,0
"26/07/2010",344,0,0,0,0,0,0,0,0
"02/08/2010",345,0,0,0,0,0,0,0,0
"09/08/2010",346,0,0,0,0,0,0,0,0
"16/08/2010",347,0,0,0,0,0,0,0,0
"23/08/2010",348,0,0,0,0,0,0,0,0
"30/08/2010",349,0,0,0,0,0,0,0,0
"06/09/2010",350,0,0,0,0,0,0,0,0
"13/09/2010",351,0,0,0,0,0,0,0,0
"20/09/2010",352,0,0,0,0,0,0,0,0
"27/09/2010",353,0,0,0,0,0,0,0,0
"04/10/2010",354,0,0,0,0,0,0,0,0
"11/10/2010",355,0,0,0,0,0,0,0,0
"18/10/2010",356,0,0,0,0,0,0,0,0
"25/10/2010",357,0,0,0,0,0,0,0,0
"01/11/2010",358,0,0,0,0,0,0,0,0
"08/11/2010",359,0,0,0,0,0,0,0,0
"15/11/2010",360,0,0,0,0,0,0,0,0
"22/11/2010",361,0,0,0,0,0,0,0,0
"29/11/2010",362,0,0,0,0,0,0,0,0
"06/12/2010",363,0,0,0,0,0,0,0,0
"13/12/2010",364,0,0,0,0,0,0,0,0
"20/12/2010",365,0,0,0,0,0,0,0,0
"27/12/2010",366,0,0,0,0,0,0,0,0
"03/01/2011",367,0,0,0,0,0,0,0,0
"10/01/2011",368,0,0,0,0,0,0,0,0
"17/01/2011",369,0,0,0,0,0,0,0,0
"24/01/2011",370,0,0,0,0,0,0,0,0
"31/01/2011",371,0,0,0,0,0,0,0,0
"07/02/2011",372,0,0,0,0,0,0,0,0
"14/02/2011",373,0,0,0,0,0,0,0,0
"21/02/2011",374,0,0,0,0,0,0,0,0
"28/02/2011",375,0,0,0,0,0,0,0,0
"07/03/2011",376,0,0,0,0,0,0,0,0
"14/03/2011",377,0,0,0,0,0,0,0,0
"21/03/2011",378,0,0,0,0,0,0,0,0
"28/03/2011",379,0,0,0,0,0,0,0,0
"04/04/2011",380,0,0,0,0,0,0,0,0
"11/04/2011",381,0,0,0,0,0,0,0,0
"18/04/2011",382,0,0,0,0,0,0,0,0
"25/04/2011",383,0,0,0,0,0,0,0,0
"02/05/2011",384,0,0,0,0,0,0,0,0
"09/05/2011",385,0,0,0,0,0,0,0,0
"16/05/2011",386,0,0,0,0,0,0,0,0
"23/05/2011",387,0,0,0,0,0,0,0,0
"30/05/2011",388,0,0,0,0,0,0,0,0
"06/06/2011",389,0,0,0,0,0,0,0,0
"13/06/2011",390,0,0,0,0,0,0,0,0
"20/06/2011",391,0,0,0,0,0,0,0,0
"27/06/2011",392,0,0,0,0,0,0,0,0
"04/07/2011",393,0,0,0,0,0,0,0,0
"11/07/2011",394,0,0,0,0,0,0,0,0
"18/07/2011",395,0,0,0,0,0,0,0,0
"25/07/2011",396,0,0,0,0,0,0,0,0
"01/08/2011",397,0,0,0,0,0,0,0,0
"08/08/2011",398,0,0,0,0,0,0,0,0
"15/08/2011",399,0,0,0,0,0,0,0,0
"22/08/2011",400,0,0,0,0,0,0,0,0
"29/08/2011",401,0,0,0,0,0,0,0,0
"05/09/2011",402,0,0,0,0,0,0,0,0
"12/09/2011",403,0,0,0,0,0,0,0,0
"19/09/2011",404,0,0,0,0,0,0,0,0
"26/09/2011",405,0,0,0,0,0,0,0,0
"03/10/2011",406,0,0,0,0,0,0,0,0
"10/10/2011",407,0,0,0,0,0,0,0,0
"17/10/2011",408,0,0,0,0,0,0,0,0
"24/10/2011",409,0,0,0,0,0,0,0,0
"31/10/2011",410,0,0,0,0,0,0,0,0
"07/11/2011",411,0,0,0,0,0,0,0,0
"14/11/2011",412,0,1,0,0,0,0,0,0
"21/11/2011",413,0,0,0,0,0,0,0,0
"28/11/2011",414,0,0,0,0,0,0,0,0
"05/12/2011",415,0,0,0,0,0,0,0,0
"12/12/2011",416,0,0,0,0,0,0,0,0
"19/12/2011",417,0,0,0,0,0,0,0,0
"26/12/2011",418,0,0,0,0,0,0,0,0
"02/01/2012",419,0,0,0,0,0,0,0,0
"09/01/2012",420,0,0,0,0,0,0,0,0
"16/01/2012",421,1,0,0,0,0,0,0,0
"23/01/2012",422,0,0,0,0,0,0,0,0
"30/01/2012",423,0,0,0,0,0,0,0,0
"06/02/2012",424,0,0,0,0,0,0,0,0
"13/02/2012",425,0,0,0,0,1,0,0,0
"20/02/2012",426,0,0,0,0,0,0,0,0
"27/02/2012",427,0,0,0,0,0,0,0,0
"05/03/2012",428,0,0,0,0,0,0,0,0
"12/03/2012",429,0,0,0,0,0,0,0,0
"19/03/2012",430,0,0,0,0,0,0,0,0
"26/03/2012",431,0,0,0,0,0,0,0,0
"02/04/2012",432,0,0,0,0,0,0,0,0
"09/04/2012",433,0,0,0,0,0,0,0,0
"16/04/2012",434,0,0,0,0,0,0,0,0
"23/04/2012",435,0,0,0,0,0,0,0,0
"30/04/2012",436,0,0,0,0,0,0,0,0
"07/05/2012",437,0,0,0,0,0,0,0,0
"14/05/2012",438,0,0,0,0,0,0,0,0
"21/05/2012",439,0,0,0,0,0,0,0,0
"28/05/2012",440,0,0,0,0,0,0,0,0
"04/06/2012",441,0,0,0,0,0,0,0,0
"11/06/2012",442,0,0,0,0,0,0,0,0
"18/06/2012",443,0,0,0,0,0,0,0,0
"25/06/2012",444,0,0,0,0,0,0,0,0
"02/07/2012",445,0,0,0,0,0,0,0,0
"09/07/2012",446,0,0,0,0,0,0,0,0
"16/07/2012",447,0,1,0,0,0,0,0,0
"23/07/2012",448,0,0,0,0,0,0,0,0
"30/07/2012",449,0,0,0,0,0,0,0,0
"06/08/2012",450,0,0,0,0,0,0,0,0
"13/08/2012",451,0,0,0,0,0,0,0,0
"20/08/2012",452,0,0,0,0,0,0,0,0
"27/08/2012",453,0,0,0,0,0,0,0,0
"03/09/2012",454,0,0,0,0,0,0,0,0
"10/09/2012",455,0,0,0,0,0,0,0,0
"17/09/2012",456,0,0,0,0,0,0,0,0
"24/09/2012",457,0,0,0,0,0,0,0,0
"01/10/2012",458,0,0,0,0,0,0,0,0
"08/10/2012",459,0,0,0,0,1,0,0,0
"15/10/2012",460,0,0,0,0,0,0,0,0
"22/10/2012",461,0,0,0,0,0,0,0,0
"29/10/2012",462,0,0,0,0,0,0,0,0
"05/11/2012",463,0,0,0,0,0,0,0,0
"12/11/2012",464,0,0,0,0,0,0,0,0
"19/11/2012",465,0,0,0,0,0,0,0,0
"26/11/2012",466,0,0,0,0,0,0,0,0
"03/12/2012",467,0,0,0,0,0,0,0,0
"10/12/2012",468,0,0,0,0,0,0,0,0
"17/12/2012",469,0,0,0,0,0,0,0,0
"24/12/2012",470,0,0,0,0,0,0,0,0
"31/12/2012",471,0,0,0,0,0,0,0,0
"07/01/2013",472,0,0,0,0,0,0,0,0
"14/01/2013",473,0,0,0,0,0,0,0,0
"21/01/2013",474,0,0,0,0,0,0,0,0
"28/01/2013",475,0,0,0,0,0,0,0,0
"04/02/2013",476,0,0,0,0,0,0,0,0
"11/02/2013",477,0,0,0,0,0,0,0,0
"18/02/2013",478,0,0,0,0,0,0,0,0
"25/02/2013",479,0,0,0,0,0,0,0,0
"04/03/2013",480,0,0,0,0,0,0,0,0
"11/03/2013",481,0,0,0,0,0,0,0,0
"18/03/2013",482,0,0,0,0,0,0,0,0
"25/03/2013",483,0,0,0,0,0,0,0,0
"01/04/2013",484,0,0,0,0,0,0,0,0
"08/04/2013",485,0,0,0,0,1,0,0,0
"15/04/2013",486,0,0,0,0,0,0,0,0
"22/04/2013",487,0,0,0,0,0,0,0,0
"29/04/2013",488,0,0,0,0,0,0,0,0
"06/05/2013",489,0,0,0,0,0,0,0,0
"13/05/2013",490,0,0,0,0,0,0,0,0
"20/05/2013",491,0,0,0,0,0,0,0,0
"27/05/2013",492,0,0,0,0,0,0,0,0
"03/06/2013",493,0,0,0,0,0,0,0,0
"10/06/2013",494,0,0,0,0,0,0,0,0
"17/06/2013",495,0,0,0,0,0,0,0,0
"24/06/2013",496,0,0,0,0,0,0,0,0
"01/07/2013",497,0,0,0,0,0,0,0,0
"08/07/2013",498,0,0,0,0,0,0,0,0
"15/07/2013",499,0,0,0,0,0,0,0,0
"22/07/2013",500,0,0,0,0,0,0,0,0
"29/07/2013",501,0,0,0,0,0,0,0,0
"05/08/2013",502,0,0,0,0,0,0,0,0
"12/08/2013",503,0,0,0,0,0,0,0,0
"19/08/2013",504,0,0,1,0,0,0,0,0
"26/08/2013",505,0,0,0,0,0,0,0,0
"02/09/2013",506,0,0,0,0,0,0,0,0
"09/09/2013",507,0,0,0,0,0,0,0,0
"16/09/2013",508,0,0,0,0,0,0,0,0
"23/09/2013",509,0,0,0,0,0,0,0,0
"30/09/2013",510,0,0,0,0,0,0,0,0
"07/10/2013",511,0,0,0,0,0,0,0,0
"14/10/2013",512,0,0,0,0,0,0,0,0
"21/10/2013",513,0,0,0,0,0,0,0,0
"28/10/2013",514,0,0,0,0,0,0,0,0
"04/11/2013",515,0,0,0,0,0,0,0,0
"11/11/2013",516,0,0,0,0,0,0,0,0
"18/11/2013",517,0,0,0,0,0,0,0,0
"25/11/2013",518,0,0,0,0,0,0,0,0
"02/12/2013",519,0,0,0,0,0,0,0,0
"09/12/2013",520,0,0,0,0,0,0,0,0
"16/12/2013",521,0,0,0,0,0,0,0,0
"23/12/2013",522,0,0,0,0,0,0,0,0
"30/12/2013",523,0,0,0,0,0,0,0,0
"06/01/2014",524,0,0,0,0,0,0,0,0
"13/01/2014",525,0,0,0,0,0,0,0,0
"20/01/2014",526,0,0,0,0,0,0,0,0
"27/01/2014",527,0,0,0,0,0,0,0,0
"03/02/2014",528,0,0,0,0,1,0,0,0
"10/02/2014",529,0,0,0,0,0,0,0,0
"17/02/2014",530,0,0,0,0,0,0,0,0
"24/02/2014",531,0,0,0,0,0,0,0,0
"03/03/2014",532,0,0,0,0,0,0,0,0
"10/03/2014",533,0,0,0,0,0,0,0,0
"17/03/2014",534,0,0,0,0,0,0,0,0
"24/03/2014",535,0,0,0,0,0,0,0,0
"31/03/2014",536,0,0,0,0,0,0,0,0
"07/04/2014",537,0,0,0,0,0,0,0,0
"14/04/2014",538,0,0,0,0,0,0,0,0
"21/04/2014",539,0,0,0,0,0,0,0,0
"28/04/2014",540,0,0,0,0,0,0,0,0
"05/05/2014",541,0,0,0,0,0,0,0,0
"12/05/2014",542,0,0,0,0,0,0,0,0
"19/05/2014",543,0,0,0,0,0,0,0,0
"26/05/2014",544,0,0,0,0,0,0,0,0
"02/06/2014",545,0,0,1,0,1,0,0,0
"09/06/2014",546,0,0,0,0,0,0,0,0
"16/06/2014",547,0,0,0,0,0,0,0,0
"23/06/2014",548,0,0,0,0,0,0,0,0
"30/06/2014",549,0,0,0,0,0,0,0,0
"07/07/2014",550,0,0,0,0,0,0,0,0
"14/07/2014",551,0,0,0,0,0,0,0,0
"21/07/2014",552,0,0,0,0,0,0,0,0
"28/07/2014",553,0,0,0,0,0,0,0,0
"04/08/2014",554,0,0,0,0,0,0,0,0
"11/08/2014",555,0,0,0,0,0,0,0,0
"18/08/2014",556,0,0,0,0,0,0,0,0
"25/08/2014",557,0,0,0,0,0,0,0,0
"01/09/2014",558,0,0,0,0,0,0,0,0
"08/09/2014",559,0,0,0,0,0,0,0,0
"15/09/2014",560,0,0,0,0,0,0,0,0
"22/09/2014",561,0,0,0,0,0,0,0,0
"29/09/2014",562,0,0,0,0,0,0,0,0
"06/10/2014",563,0,0,0,0,0,0,0,0
"13/10/2014",564,0,0,0,0,0,0,0,0
"20/10/2014",565,0,0,0,0,0,0,0,0
"27/10/2014",566,0,0,0,0,0,0,0,0
"03/11/2014",567,0,0,0,0,0,0,0,0
"10/11/2014",568,0,0,0,0,0,0,0,0
"17/11/2014",569,0,0,0,0,0,0,0,0
"24/11/2014",570,0,0,0,0,0,0,0,0
"01/12/2014",571,0,0,0,0,0,0,0,0
"08/12/2014",572,0,0,0,0,0,0,0,0
"15/12/2014",573,0,0,0,0,0,0,0,0
"22/12/2014",574,0,0,0,0,0,0,0,0
"29/12/2014",575,0,0,0,2,0,0,0,0
"05/01/2015",576,0,0,0,0,1,0,0,0
"12/01/2015",577,0,0,0,0,0,0,0,0
"19/01/2015",578,0,0,0,0,0,0,0,0
"26/01/2015",579,0,0,0,0,0,0,0,0
"02/02/2015",580,0,0,0,0,0,0,0,0
"09/02/2015",581,0,0,0,1,0,0,0,0
"16/02/2015",582,0,0,0,0,0,0,0,0
"23/02/2015",583,0,0,0,0,0,0,0,0
"02/03/2015",584,0,0,0,0,0,0,0,0
"09/03/2015",585,0,0,0,0,0,0,0,0
"16/03/2015",586,0,0,0,0,0,0,0,1
"23/03/2015",587,0,0,0,0,0,0,0,0
"30/03/2015",588,0,0,0,0,0,0,0,0
"06/04/2015",589,0,0,0,0,0,0,0,0
"13/04/2015",590,0,0,0,0,0,0,0,0
"20/04/2015",591,0,0,0,0,0,0,0,1
"27/04/2015",592,0,0,0,0,0,0,0,1
"04/05/2015",593,0,0,0,1,0,0,0,2
"11/05/2015",594,0,0,0,0,0,0,0,0
"18/05/2015",595,0,0,0,0,0,0,0,3
"25/05/2015",596,0,0,0,0,0,0,0,0
"01/06/2015",597,0,0,0,0,0,0,0,1
"08/06/2015",598,0,0,0,0,0,0,0,1
"15/06/2015",599,0,0,0,0,0,0,0,0
"22/06/2015",600,0,0,0,0,0,0,0,0
"29/06/2015",601,0,0,0,0,0,0,0,3
"06/07/2015",602,0,0,0,0,0,0,0,0
"13/07/2015",603,0,0,0,0,0,0,0,0
"20/07/2015",604,0,0,0,0,1,0,0,0
"27/07/2015",605,0,0,0,1,0,0,0,0
"03/08/2015",606,0,0,0,0,0,0,0,1
"10/08/2015",607,0,0,0,1,0,0,0,1
"17/08/2015",608,0,0,0,0,1,0,0,0
"24/08/2015",609,0,0,0,1,0,0,0,0
"31/08/2015",610,0,0,0,1,1,0,0,0
"07/09/2015",611,0,0,0,0,0,0,0,0
"14/09/2015",612,0,0,0,2,0,0,0,1
"21/09/2015",613,0,0,0,1,0,0,0,0
"28/09/2015",614,0,0,0,1,0,0,0,0
"05/10/2015",615,0,0,0,0,0,0,0,0
"12/10/2015",616,0,0,0,0,0,0,0,1
"19/10/2015",617,0,0,0,1,0,0,0,0
"26/10/2015",618,0,0,0,0,0,0,0,0
"02/11/2015",619,0,0,0,0,0,0,0,0
"09/11/2015",620,0,0,0,0,0,0,0,0
"16/11/2015",621,0,0,0,0,0,0,0,1
"23/11/2015",622,0,0,0,0,0,0,0,0
"30/11/2015",623,0,0,0,1,0,0,0,0
"07/12/2015",624,0,0,0,0,0,0,0,0
"14/12/2015",625,0,0,0,0,0,0,0,1
"21/12/2015",626,0,0,0,0,0,0,0,0
"28/12/2015",627,0,0,0,0,0,0,0,0
"04/01/2016",628,0,0,0,0,0,0,0,0
"11/01/2016",629,0,0,0,0,1,0,0,2
"18/01/2016",630,0,0,0,0,0,0,0,0
"25/01/2016",631,0,0,0,1,0,0,0,0
"01/02/2016",632,0,0,0,1,0,0,0,0
"08/02/2016",633,0,0,0,0,0,0,0,0
"15/02/2016",634,0,0,0,0,0,0,0,1
"22/02/2016",635,0,0,0,0,0,0,0,0
"29/02/2016",636,0,0,0,0,0,0,0,0
"07/03/2016",637,0,0,0,0,0,0,0,1
"14/03/2016",638,0,0,0,0,0,0,0,0
"21/03/2016",639,0,0,0,0,0,0,0,0
"28/03/2016",640,0,0,0,0,0,0,0,0
"04/04/2016",641,0,0,0,1,0,0,0,0
"11/04/2016",642,0,0,0,0,0,0,0,1
"18/04/2016",643,0,0,0,0,1,0,0,0
"25/04/2016",644,0,0,0,0,0,0,0,1
"02/05/2016",645,0,0,0,1,1,0,0,1
"09/05/2016",646,0,0,0,0,0,0,0,0
"16/05/2016",647,0,0,0,0,0,0,0,0
"23/05/2016",648,0,0,0,0,0,0,0,0
"30/05/2016",649,0,0,0,1,0,0,0,0
"06/06/2016",650,0,0,0,2,0,0,0,0
"13/06/2016",651,0,0,0,0,0,0,0,2
"20/06/2016",652,0,0,0,0,0,0,0,0
"27/06/2016",653,0,0,0,0,0,0,0,0
"04/07/2016",654,0,0,0,0,0,0,0,1
"11/07/2016",655,0,0,0,0,0,0,0,1
"18/07/2016",656,0,0,0,0,0,0,0,1
"25/07/2016",657,0,0,0,0,1,0,0,0
"01/08/2016",658,0,0,0,0,0,0,0,1
"08/08/2016",659,0,0,0,0,0,0,0,1
"15/08/2016",660,0,0,0,1,0,0,0,1
"22/08/2016",661,0,0,0,1,0,0,0,0
"29/08/2016",662,0,0,0,1,0,0,0,0
"05/09/2016",663,0,0,0,0,0,0,0,1
"12/09/2016",664,0,0,0,0,0,0,0,1
"19/09/2016",665,0,0,0,0,0,0,0,1
"26/09/2016",666,0,0,0,1,0,0,0,2
"03/10/2016",667,0,0,0,1,0,0,0,1
"10/10/2016",668,0,0,0,0,0,0,0,2
"17/10/2016",669,0,0,0,0,0,0,0,1
"24/10/2016",670,0,0,0,0,0,0,0,0
"31/10/2016",671,0,0,0,0,0,0,0,0
"07/11/2016",672,0,0,0,0,0,0,0,0
"14/11/2016",673,0,0,0,0,0,0,0,0
"21/11/2016",674,0,0,0,0,0,0,0,0
"28/11/2016",675,0,0,0,0,0,0,0,0
"05/12/2016",676,0,0,0,0,0,0,0,0
"12/12/2016",677,0,0,0,0,0,0,0,0
"19/12/2016",678,0,0,0,0,0,0,0,1
"26/12/2016",679,0,0,0,0,0,0,0,3
"02/01/2017",680,0,0,0,0,0,0,0,1
"09/01/2017",681,0,0,0,0,0,0,0,1
"16/01/2017",682,0,0,0,1,0,0,0,0
"23/01/2017",683,0,0,0,0,0,0,0,1
"30/01/2017",684,0,0,0,1,0,0,0,0
"06/02/2017",685,0,0,0,0,0,0,0,0
"13/02/2017",686,0,0,0,0,0,0,0,0
"20/02/2017",687,0,0,0,0,0,0,0,1
"27/02/2017",688,0,0,0,0,0,0,0,0
"06/03/2017",689,0,0,0,0,0,0,0,0
"13/03/2017",690,0,0,0,0,0,0,0,1
"20/03/2017",691,0,0,0,0,0,0,0,1
"27/03/2017",692,0,0,0,0,0,0,0,0
"03/04/2017",693,0,0,0,1,0,0,0,1
"10/04/2017",694,0,0,0,0,0,0,0,1
"17/04/2017",695,0,0,0,0,0,0,0,0
"24/04/2017",696,0,0,0,0,0,0,0,1
"01/05/2017",697,0,0,0,0,1,0,0,1
"08/05/2017",698,0,0,0,0,0,0,0,0
"15/05/2017",699,0,0,0,0,0,0,0,1
"22/05/2017",700,0,0,0,0,0,0,0,0
"29/05/2017",701,0,0,0,0,0,0,0,1
"05/06/2017",702,0,0,0,0,0,0,0,2
"12/06/2017",703,0,0,0,0,0,0,0,1
"19/06/2017",704,0,0,0,0,0,0,0,0
"26/06/2017",705,0,0,0,0,0,0,0,1
"03/07/2017",706,0,0,0,0,0,0,0,0
"10/07/2017",707,0,0,0,0,0,0,0,1
"17/07/2017",708,0,0,0,0,0,0,0,0
"24/07/2017",709,0,0,0,0,0,0,0,1
"31/07/2017",710,0,0,0,0,0,0,0,1
"07/08/2017",711,0,0,0,0,0,0,0,2
"14/08/2017",712,0,0,0,0,0,0,0,0
"21/08/2017",713,0,0,0,0,0,0,0,1
"28/08/2017",714,0,0,0,0,0,0,0,0
"04/09/2017",715,0,0,0,1,0,0,0,3
"11/09/2017",716,0,0,0,0,0,0,0,0
"18/09/2017",717,0,0,0,1,0,0,0,0
"25/09/2017",718,0,0,0,0,0,0,0,0
"02/10/2017",719,0,0,0,0,0,0,0,1
"09/10/2017",720,0,0,0,0,0,0,0,0
"16/10/2017",721,0,0,0,1,0,0,0,0
"23/10/2017",722,0,0,0,0,0,0,0,0
"30/10/2017",723,0,0,0,0,0,0,0,1
"06/11/2017",724,0,0,0,0,0,0,0,0
"13/11/2017",725,0,0,0,0,0,0,0,0
"20/11/2017",726,0,0,0,0,0,0,0,1
"27/11/2017",727,0,0,0,0,0,0,0,0
"04/12/2017",728,0,0,0,0,0,0,0,0
"11/12/2017",729,0,0,0,0,0,0,0,0
"18/12/2017",730,0,0,0,0,0,0,0,1
"25/12/2017",731,0,0,0,0,0,0,0,0
"01/01/2018",732,0,0,0,0,1,0,0,1
"08/01/2018",733,0,0,0,1,0,0,0,0
"15/01/2018",734,0,0,0,0,0,0,0,3
"22/01/2018",735,0,0,0,0,0,0,0,2
"29/01/2018",736,0,0,0,0,0,0,0,2
"05/02/2018",737,0,0,0,0,0,0,0,2
"12/02/2018",738,0,0,0,0,0,0,0,0
"19/02/2018",739,0,0,0,1,0,0,0,1
"26/02/2018",740,0,0,0,0,0,0,0,0
"05/03/2018",741,0,0,0,1,0,0,0,1
"12/03/2018",742,0,0,0,0,0,0,0,2
"19/03/2018",743,0,0,0,0,0,0,0,0
"26/03/2018",744,0,0,0,0,0,0,0,0
"02/04/2018",745,0,0,0,0,0,0,0,0
"09/04/2018",746,0,0,0,0,0,0,0,2
"16/04/2018",747,0,0,0,0,0,0,0,0
"23/04/2018",748,0,0,0,0,0,0,0,0
"30/04/2018",749,0,0,0,1,0,1,0,1
"07/05/2018",750,0,0,0,0,0,0,0,1
"14/05/2018",751,0,0,0,0,0,0,0,0
"21/05/2018",752,0,0,0,0,0,0,0,0
"28/05/2018",753,0,0,0,0,0,0,0,1
"04/06/2018",754,0,0,0,1,0,0,0,1
"11/06/2018",755,0,0,0,0,0,0,0,0
"18/06/2018",756,0,0,0,0,0,0,0,1
"25/06/2018",757,0,0,0,0,0,0,0,0
"02/07/2018",758,0,0,0,0,0,0,0,1
"09/07/2018",759,0,0,0,0,0,0,0,0
"16/07/2018",760,0,0,0,0,0,0,0,0
"23/07/2018",761,0,0,0,0,0,0,0,1
"30/07/2018",762,0,0,0,0,0,0,0,2
"06/08/2018",763,0,0,0,0,0,0,0,0
"13/08/2018",764,0,0,0,0,0,0,0,1
"20/08/2018",765,0,0,0,0,1,0,0,1
"27/08/2018",766,0,0,0,0,0,0,0,0
"03/09/2018",767,0,0,0,0,0,0,0,3
"10/09/2018",768,0,0,0,0,0,0,0,0
"17/09/2018",769,0,0,0,0,0,0,0,1
"24/09/2018",770,0,0,0,0,0,0,0,0
"01/10/2018",771,0,0,0,1,0,0,0,0
"08/10/2018",772,0,0,0,1,0,0,0,0
"15/10/2018",773,0,0,0,0,0,0,0,1
"22/10/2018",774,0,0,0,0,0,0,0,0
"29/10/2018",775,0,0,0,0,0,0,0,0
"05/11/2018",776,0,0,0,0,0,0,0,1
"12/11/2018",777,0,0,0,0,0,0,0,0
"19/11/2018",778,0,0,0,0,0,0,0,1
"26/11/2018",779,0,0,0,1,0,0,0,0
"03/12/2018",780,0,0,0,0,0,0,0,1
"10/12/2018",781,0,0,0,0,0,0,0,1
"17/12/2018",782,0,0,0,0,0,0,0,1
"24/12/2018",783,0,0,0,0,1,0,0,0
"31/12/2018",784,0,0,0,1,0,0,0,0
"07/01/2019",785,0,0,0,0,0,0,0,2
"14/01/2019",786,0,0,0,0,0,0,1,1
"21/01/2019",787,0,0,0,0,0,0,0,0
"28/01/2019",788,0,0,0,0,1,0,0,1
"04/02/2019",789,0,0,0,0,1,0,0,1
"11/02/2019",790,0,0,0,0,0,0,0,0
"18/02/2019",791,0,0,0,0,0,0,0,1
"25/02/2019",792,0,0,0,0,0,0,0,1
"04/03/2019",793,0,0,0,0,0,0,0,0
"11/03/2019",794,0,0,0,0,0,0,0,0
"18/03/2019",795,0,0,0,1,0,0,0,1
"25/03/2019",796,0,0,0,0,0,0,0,0
"01/04/2019",797,0,0,0,0,2,0,0,0
"08/04/2019",798,0,0,0,0,0,0,0,1
"15/04/2019",799,0,0,0,0,0,0,0,0
"22/04/2019",800,0,0,0,0,0,0,0,1
"29/04/2019",801,0,0,0,0,0,0,0,0
"06/05/2019",802,0,0,0,0,0,0,0,1
"13/05/2019",803,0,0,0,0,0,0,0,1
"20/05/2019",804,0,0,0,0,0,0,0,0
"27/05/2019",805,0,0,0,1,0,0,0,0
"03/06/2019",806,0,0,0,0,2,0,0,3
"10/06/2019",807,0,0,0,0,0,0,0,2
"17/06/2019",808,0,0,0,0,0,0,0,1
"24/06/2019",809,0,0,0,0,0,0,0,0
"01/07/2019",810,0,0,0,0,0,0,0,1
"08/07/2019",811,0,0,0,0,0,0,0,0
"15/07/2019",812,0,0,0,0,0,0,0,1
"22/07/2019",813,0,0,0,0,0,0,0,1
"29/07/2019",814,0,0,0,0,0,0,0,0
"05/08/2019",815,0,0,0,0,0,0,0,0
"12/08/2019",816,0,0,0,0,1,0,0,2
"19/08/2019",817,0,0,0,0,0,0,0,0
"26/08/2019",818,0,0,0,0,0,0,0,1
"02/09/2019",819,0,0,0,0,0,0,0,0
"09/09/2019",820,0,0,0,0,0,0,0,2
"16/09/2019",821,0,0,0,0,1,0,0,0
"23/09/2019",822,0,0,0,0,0,0,0,0
"30/09/2019",823,0,0,0,0,0,0,0,1
"07/10/2019",824,0,0,0,0,0,0,0,0
"14/10/2019",825,0,0,0,0,0,0,0,1
"21/10/2019",826,0,0,0,0,0,0,0,0
"28/10/2019",827,0,0,0,0,0,0,0,1
"04/11/2019",828,0,0,0,0,0,1,0,1
"11/11/2019",829,0,0,0,0,0,0,0,0
"18/11/2019",830,0,0,0,0,0,0,0,0
"25/11/2019",831,0,0,0,0,0,0,0,0
"02/12/2019",832,0,0,0,0,0,0,0,0
"09/12/2019",833,0,0,0,0,0,0,0,0
"16/12/2019",834,0,0,0,0,0,0,0,0
"23/12/2019",835,0,0,0,0,0,0,1,0
"30/12/2019",836,0,0,0,0,0,0,0,2
"06/01/2020",837,0,0,0,0,0,0,0,0
"13/01/2020",838,0,0,0,0,0,0,0,1
"20/01/2020",839,0,0,0,0,0,1,0,0
"27/01/2020",840,0,0,0,0,0,0,1,0
"03/02/2020",841,0,0,0,0,0,0,0,0
"10/02/2020",842,0,0,0,0,0,1,0,1
"17/02/2020",843,0,0,0,0,0,0,0,0
"24/02/2020",844,0,0,0,0,0,1,0,1
"02/03/2020",845,0,0,0,0,0,1,0,0
"09/03/2020",846,0,0,0,0,0,0,0,0
"16/03/2020",847,0,0,0,0,1,1,0,0
"23/03/2020",848,0,0,0,0,0,0,0,0
"30/03/2020",849,0,0,0,0,0,0,0,0
"06/04/2020",850,0,0,0,0,0,0,0,1
"13/04/2020",851,0,0,0,0,0,0,0,0
"20/04/2020",852,0,0,0,0,0,0,0,2
"27/04/2020",853,0,0,0,0,0,0,0,0
"04/05/2020",854,0,0,0,1,0,0,0,0
"11/05/2020",855,0,0,0,0,0,1,0,0
"18/05/2020",856,0,0,0,0,0,0,0,0
"25/05/2020",857,0,0,0,0,0,0,0,0
"01/06/2020",858,0,0,1,0,0,0,0,0
"08/06/2020",859,0,0,0,0,0,0,0,1
"15/06/2020",860,0,0,0,1,0,1,0,0
"22/06/2020",861,0,0,0,0,0,0,0,0
"29/06/2020",862,0,0,0,0,0,0,0,0
"06/07/2020",863,0,0,0,0,0,0,0,0
"13/07/2020",864,0,0,0,0,0,0,0,1
"20/07/2020",865,0,0,0,0,0,0,0,1
"27/07/2020",866,0,0,0,0,0,0,0,0
"03/08/2020",867,0,0,0,0,0,0,0,1
"10/08/2020",868,0,0,0,0,0,0,0,0
"17/08/2020",869,0,0,0,0,0,0,0,1
"24/08/2020",870,0,0,0,0,0,0,0,0
"31/08/2020",871,0,0,0,0,0,0,0,1
"07/09/2020",872,0,0,0,0,0,0,0,0
"14/09/2020",873,0,0,0,0,0,0,0,1
"21/09/2020",874,0,0,0,0,0,1,0,1
"28/09/2020",875,0,0,0,0,0,0,0,2
"05/10/2020",876,0,0,0,0,0,0,1,1
"12/10/2020",877,0,0,0,0,0,0,0,1
"19/10/2020",878,0,0,0,0,0,0,0,0
"26/10/2020",879,0,0,0,0,0,0,0,1
"02/11/2020",880,0,0,0,0,0,0,2,1
"09/11/2020",881,0,0,0,0,0,0,0,0
"16/11/2020",882,0,0,0,0,0,0,0,1
"23/11/2020",883,0,0,0,0,0,0,0,0
"30/11/2020",884,0,0,0,0,0,0,0,0
"07/12/2020",885,0,0,0,0,0,0,0,0
"14/12/2020",886,0,0,0,0,0,1,0,0
"21/12/2020",887,0,0,0,0,0,0,0,2
"28/12/2020",888,0,0,0,0,0,0,0,2
"04/01/2021",889,0,0,0,0,0,1,0,0
"11/01/2021",890,0,0,0,0,0,0,1,1
"18/01/2021",891,0,0,0,0,0,0,0,0
"25/01/2021",892,0,0,0,0,0,0,0,0
"01/02/2021",893,0,0,0,0,0,0,0,0
"08/02/2021",894,0,0,0,0,0,0,0,0
"15/02/2021",895,0,0,0,0,0,0,0,2
"22/02/2021",896,0,0,0,0,0,0,0,0
"01/03/2021",897,0,0,0,0,0,0,0,0
"08/03/2021",898,0,0,0,0,0,0,1,0
"15/03/2021",899,0,0,0,0,0,0,0,0
"22/03/2021",900,0,0,0,0,0,0,0,0
"29/03/2021",901,0,0,0,0,0,0,0,0
"05/04/2021",902,0,0,0,0,0,0,0,0
"12/04/2021",903,0,0,0,0,0,0,0,0
"19/04/2021",904,0,0,0,0,0,0,0,1
"26/04/2021",905,0,0,0,0,0,0,1,0
"03/05/2021",906,0,0,0,1,0,0,0,0
"10/05/2021",907,0,0,0,0,0,0,0,0
"17/05/2021",908,0,0,0,0,0,0,1,0
"24/05/2021",909,0,0,0,0,0,0,0,0
"31/05/2021",910,0,0,0,0,2,0,0,0
"07/06/2021",911,0,0,1,0,0,0,0,1
"14/06/2021",912,0,0,0,0,1,0,0,0
"21/06/2021",913,0,0,0,1,0,1,0,1
"28/06/2021",914,0,0,0,0,1,1,0,1
"05/07/2021",915,0,0,0,0,0,0,0,0
"12/07/2021",916,0,0,0,0,0,0,0,1
"19/07/2021",917,0,0,0,0,0,0,0,1
"26/07/2021",918,0,0,0,0,0,0,0,0
"02/08/2021",919,0,0,0,0,0,0,0,0
"09/08/2021",920,0,0,0,0,0,0,0,1
"16/08/2021",921,0,0,0,0,0,0,0,1
"23/08/2021",922,0,0,0,0,0,0,0,0
"30/08/2021",923,0,0,0,0,1,0,0,1
"06/09/2021",924,0,0,0,0,0,0,0,0
"13/09/2021",925,0,0,0,0,1,0,0,0
"20/09/2021",926,0,0,0,0,0,0,0,0
"27/09/2021",927,0,0,0,0,1,0,0,1
"04/10/2021",928,0,0,0,0,0,0,1,0
"11/10/2021",929,0,0,0,0,0,0,0,0
"18/10/2021",930,0,0,0,0,0,0,0,0
"25/10/2021",931,0,0,0,0,0,0,0,1
"01/11/2021",932,0,0,0,0,0,0,0,0
"08/11/2021",933,0,0,0,0,0,0,0,0
"15/11/2021",934,0,0,0,0,1,0,0,0
"22/11/2021",935,0,0,0,0,0,0,1,0
"29/11/2021",936,0,0,0,0,0,0,0,0
"06/12/2021",937,0,0,0,0,1,0,0,0
"13/12/2021",938,0,0,0,0,0,1,1,0
"20/12/2021",939,0,0,0,0,1,1,1,0
"27/12/2021",940,0,0,0,0,0,0,0,0
"03/01/2022",941,0,0,0,0,0,0,0,0
"10/01/2022",942,0,0,0,0,0,0,0,0
"17/01/2022",943,0,0,0,0,0,0,0,0
"24/01/2022",944,0,0,0,0,0,0,1,0
"31/01/2022",945,0,0,0,0,0,0,0,0
"07/02/2022",946,0,0,0,0,0,0,0,1
"14/02/2022",947,0,0,0,0,0,0,1,1
"21/02/2022",948,0,0,0,0,0,0,0,0
"28/02/2022",949,0,0,0,0,0,0,0,0
"07/03/2022",950,0,0,0,0,0,0,0,0
"14/03/2022",951,0,0,0,0,0,0,0,1
"21/03/2022",952,0,0,0,0,0,0,0,0
"28/03/2022",953,0,0,0,1,1,0,0,0
"04/04/2022",954,0,0,0,0,0,1,1,0
"11/04/2022",955,0,0,0,0,0,0,0,1
"18/04/2022",956,0,0,0,0,1,0,0,1
"25/04/2022",957,0,0,0,0,0,0,0,0
"02/05/2022",958,0,0,0,0,0,0,0,0
"09/05/2022",959,0,0,0,0,0,0,0,2
"16/05/2022",960,0,0,0,0,0,0,0,1
"23/05/2022",961,0,0,0,0,0,0,0,0
"30/05/2022",962,0,0,0,0,0,0,0,1
"06/06/2022",963,0,0,0,0,0,0,1,1
"13/06/2022",964,0,0,0,0,0,0,0,1
"20/06/2022",965,0,0,0,0,0,0,0,0
"27/06/2022",966,0,0,0,0,0,0,0,0
"04/07/2022",967,0,0,0,0,0,0,0,0
"11/07/2022",968,0,0,0,0,0,0,1,0
"18/07/2022",969,0,0,0,0,0,0,1,1
"25/07/2022",970,0,0,0,0,0,0,0,0
"01/08/2022",971,0,0,0,0,0,0,0,0
"08/08/2022",972,0,0,0,0,0,0,0,1
"15/08/2022",973,0,0,0,0,0,0,0,0
"22/08/2022",974,0,0,0,0,0,0,0,1
"29/08/2022",975,0,0,0,0,0,0,0,1
"05/09/2022",976,0,0,0,0,0,0,1,0
"12/09/2022",977,0,0,0,0,0,0,0,1
"19/09/2022",978,0,0,0,0,0,0,1,0
"26/09/2022",979,0,0,0,0,0,0,1,0
"03/10/2022",980,0,0,0,0,0,0,0,1
"10/10/2022",981,0,0,0,0,0,0,0,0
"17/10/2022",982,0,0,0,0,1,0,0,0
"24/10/2022",983,0,0,0,0,0,0,1,0
"31/10/2022",984,0,0,0,0,0,0,0,1
