label,ID,Source,Year,date,ESR number,Clades,Clades_B,tetA,other_AMR_genes,IncF,mobilisable_plasmids,other_conjugative,line
SBV005_plate01|2004.87158469945,SBV005,Human,2004,15/11/2004,ERL043647,A,A,0,0,1,1,0,1
SBV007_plate01|2015.66849315068,SBV007,Bovine,2015,2/09/2015,15ER2926,B,D,0,0,1,1,0,1
SBV010_plate01|2007.42739726027,SBV010,Porcine,2007,6/06/2007,ERL073269,A,A,0,0,1,0,0,1
SBV011_plate01|2008.65300546448,SBV011,Human,2008,27/08/2008,ERL083120,A,A,0,0,1,0,0,1
SBV019_plate01|2011.87945205479,SBV019,Bovine,2011,18/11/2011,ERL114022,A,B,0,0,1,0,0,1
SBV021_plate01|2012.04644808743,SBV021,Human,2012,18/01/2012,ERL12317,A,A,0,0,1,0,0,1
SBV022_plate01|2012.12295081967,SBV022,Human,2012,15/02/2012,ERL12624,B,E,0,0,1,1,0,1
SBV023_plate01|2016.75683060109,SBV023,Bovine,2016,4/10/2016,16ER3657,C,H,0,0,1,1,0,1
SBV024_plate01|2012.54371584699,SBV024,Equine,2012,18/07/2012,H12ESR00377,A,B,0,0,1,0,0,1
SBV025_plate01|2012.77595628415,SBV025,Bovine,2012,11/10/2012,H12ESR03823,B,E,0,0,1,1,1,1
SBV027_plate01|2013.27397260274,SBV027,Human,2013,11/04/2013,H13ESR02347,B,E,0,0,1,1,0,1
SBV029_plate01|2013.6301369863,SBV029,Bovine,2013,19/08/2013,13ER4997,A,C,0,0,1,0,0,1
SBV030_plate01|2014.0904109589,SBV030,Human,2014,3/02/2014,14ER0508,B,E,0,0,1,2,0,1
SBV032_plate01|2014.41917808219,SBV032,Canine,2014,3/06/2014,14ER1685,A,C,0,0,1,0,0,1
SBV033_plate01|2014.42739726027,SBV033,Feline,2014,6/06/2014,14ER1691,B,E,0,0,1,1,0,1
SBV035_plate01|2014.99726027397,SBV035,Human,2015,31/12/2014,15ER0095,B,D,0,0,1,1,0,1
SBV036_plate01|2015,SBV036,Human,2015,1/01/2015,15ER0178,B,D,0,0,1,1,0,1
SBV037_plate01|2015.02465753425,SBV037,Human,2015,10/01/2015,15ER0194,B,E,0,0,1,1,0,1
SBV038_plate01|2015.11506849315,SBV038,Human,2015,12/02/2015,15ER0637,B,D,1,1,1,1,1,1
SBV039_plate01|2015.30136986301,SBV039,Human,2015,21/04/2015,15ER1435,C,H,0,0,1,1,0,1
SBV040_plate03|2015.33698630137,SBV040,Human,2015,4/05/2015,15ER1503,B,D,0,0,1,1,0,1
SBV041_plate01|2015.43287671233,SBV041,Human,2015,8/06/2015,15ER1806,C,H,0,0,1,1,0,1
SBV042_plate01|2015.70136986301,SBV042,Human,2015,14/09/2015,15ER3144,B,D,0,0,1,1,0,1
SBV043_plate01|2015.20821917808,SBV043,Bovine,2015,18/03/2015,15ER1053,C,H,0,0,1,1,0,1
SBV044_plate01|2015.32054794521,SBV044,Bovine,2015,28/04/2015,15ER1470,C,H,0,0,1,1,0,1
SBV045_plate01|2015.34794520548,SBV045,Bovine,2015,8/05/2015,15ER1565,C,H,0,0,1,0,0,1
SBV046_plate01|2015.37534246575,SBV046,Bovine,2015,18/05/2015,15ER1653,C,H,0,0,1,1,0,1
SBV047_plate01|2015.38082191781,SBV047,Bovine,2015,20/05/2015,15ER1696,C,H,0,0,1,1,0,1
SBV048_plate01|2015.33698630137,SBV048,Bovine,2015,4/05/2015,15ER1562,C,H,0,0,1,1,0,1
SBV049_plate01|2015.37534246575,SBV049,Bovine,2015,18/05/2015,15ER1667,C,H,0,0,1,1,0,1
SBV050_plate01|2015.4904109589,SBV050,Bovine,2015,29/06/2015,15ER1954,C,H,0,0,1,1,0,1
SBV051_plate01|2015.42465753425,SBV051,Bovine,2015,5/06/2015,15ER1780,C,H,0,0,1,1,0,1
SBV052_plate01|2015.49863013699,SBV052,Bovine,2015,2/07/2015,15ER1969,C,H,0,0,1,1,0,1
SBV053_plate01|2015.55068493151,SBV053,UI_Animal,2015,21/07/2015,15ER2131,B,E,0,0,1,1,1,1
SBV054_plate01|2015.60547945205,SBV054,Bovine,2015,10/08/2015,15ER2462,B,D,0,0,1,1,0,1
SBV055_plate01|2015.61643835616,SBV055,Bovine,2015,14/08/2015,15ER2539,C,H,0,0,1,1,0,1
SBV057_plate01|2015.63287671233,SBV057,Canine,2015,20/08/2015,15ER2642,B,E,0,0,1,2,0,1
SBV058_plate01|2015.65205479452,SBV058,Bovine,2015,27/08/2015,15ER2773,B,D,0,0,1,1,0,1
SBV059_plate01|2015.4904109589,SBV059,Bovine,2015,29/06/2015,15ER1955,C,H,0,0,1,1,0,1
SBV060_plate01|2015.67397260274,SBV060,Bovine,2015,4/09/2015,15ER2921,B,E,0,0,1,0,0,1
SBV061_plate01|2015.58356164384,SBV061,Bovine,2015,2/08/2015,15ER2335,B,D,0,0,1,0,0,1
SBV062_plate01|2015.7095890411,SBV062,Bovine,2015,17/09/2015,15ER3176,B,D,0,0,1,0,0,1
SBV063_plate01|2015.71506849315,SBV063,Feline,2015,19/09/2015,15ER3246,C,H,0,0,1,1,0,1
SBV064_plate01|2015.72602739726,SBV064,Bovine,2015,23/09/2015,15ER3291,B,D,0,0,1,1,0,1
SBV065_plate03|2015.74246575342,SBV065,Bovine,2015,29/09/2015,15ER3387,B,D,0,0,1,1,1,1
SBV067_plate01|2015.78904109589,SBV067,Bovine,2015,16/10/2015,15ER3630,C,H,0,0,1,1,0,1
SBV068_plate01|2015.80547945205,SBV068,Bovine,2015,22/10/2015,15ER3684,B,D,0,0,1,1,0,1
SBV069_plate01|2015.87945205479,SBV069,Bovine,2015,18/11/2015,15ER4007,C,H,0,0,1,1,0,1
SBV070_plate01|2015.91780821918,SBV070,Bovine,2015,2/12/2015,15ER4153,B,D,0,0,1,0,0,1
SBV071_plate01|2015.95616438356,SBV071,Bovine,2015,16/12/2015,15ER4284,C,H,0,0,1,1,0,1
SBV072_plate02|2016.02732240437,SBV072,Human,2016,11/01/2016,16ER0179,B,E,0,0,1,1,0,1
SBV073_plate03|2016.06557377049,SBV073,Human,2016,25/01/2016,16ER0429,B,D,0,0,1,1,0,1
SBV074_plate03|2016.08469945355,SBV074,Human,2016,1/02/2016,16ER0489,B,D,0,0,1,1,0,1
SBV075_plate02|2016.19398907104,SBV075,Human,2016,12/03/2016,16ER1009,C,H,0,0,1,1,0,1
SBV076_plate02|2016.71584699454,SBV076,Human,2016,19/09/2016,16ER3470,C,H,0,0,1,1,0,1
SBV077_plate02|2016.31967213115,SBV077,Human,2016,27/04/2016,16ER1661,C,H,0,0,1,1,2,1
SBV078_plate02|2016.42349726776,SBV078,Human,2016,4/06/2016,16ER2052,B,D,0,0,1,1,0,1
SBV079_plate02|2016.45628415301,SBV079,Human,2016,16/06/2016,16ER2129,C,H,0,0,1,1,0,1
SBV080_plate02|2016.42896174863,SBV080,Human,2016,6/06/2016,16ER2296,B,D,0,0,1,1,0,1
SBV081_plate02|2016.62568306011,SBV081,Human,2016,17/08/2016,16ER3158,C,H,0,0,1,1,0,1
SBV082_plate02|2016.74590163934,SBV082,Human,2016,30/09/2016,16ER3613,C,H,0,0,1,3,0,1
SBV083_plate02|2016.77595628415,SBV083,Human,2016,11/10/2016,16ER3769,C,H,0,0,1,1,0,1
SBV084_plate02|2016.03825136612,SBV084,Bovine,2016,15/01/2016,16ER0183,C,H,0,0,1,1,0,1
SBV085_plate03|2016.03551912568,SBV085,Bovine,2016,14/01/2016,16ER0184,C,H,0,0,1,1,0,1
SBV087_plate02|2016.12295081967,SBV087,Feline,2016,15/02/2016,16ER0737,C,H,0,0,1,0,0,1
SBV088_plate02|2016.25956284153,SBV088,Bovine,2016,5/04/2016,16ER1373,B,D,0,0,1,2,0,1
SBV089_plate02|2016.28415300546,SBV089,Bovine,2016,14/04/2016,16ER1568,C,H,0,0,1,0,0,1
SBV090_plate02|2016.30601092896,SBV090,Bovine,2016,22/04/2016,16ER1625,B,E,0,0,1,0,1,1
SBV091_plate02|2016.34153005464,SBV091,Bovine,2016,5/05/2016,16ER1748,B,D,0,0,1,1,0,1
SBV092_plate02|2016.33879781421,SBV092,Bovine,2016,4/05/2016,16ER1714,B,E,0,0,1,0,0,1
SBV093_plate02|2016.42896174863,SBV093,Canine,2016,6/06/2016,16ER0676,B,D,0,0,1,1,0,1
SBV094_plate02|2016.45081967213,SBV094,Bovine,2016,14/06/2016,16ER2133,C,H,0,0,1,1,0,1
SBV095_plate02|2016.34153005464,SBV095,Bovine,2016,5/05/2016,16ER1715,C,H,0,0,1,1,0,1
SBV096_plate02|2016.50819672131,SBV096,Bovine,2016,5/07/2016,16ER2282,C,H,0,0,1,1,0,1
SBV097_plate02|2016.53551912568,SBV097,Bovine,2016,15/07/2016,16ER2358,C,H,0,0,1,1,0,1
SBV098_plate02|2016.55191256831,SBV098,Bovine,2016,21/07/2016,16ER2419,C,H,0,0,1,0,0,1
SBV099_plate02|2016.56557377049,SBV099,Bovine,2016,26/07/2016,16ER2486,B,E,0,0,1,1,1,1
SBV100_plate02|2016.58196721311,SBV100,Bovine,2016,1/08/2016,16ER2529,C,H,0,0,1,1,0,1
SBV101_plate02|2016.60928961749,SBV101,Bovine,2016,11/08/2016,16ER2768,C,H,0,0,1,1,0,1
SBV102_plate02|2016.62568306011,SBV102,Bovine,2016,17/08/2016,16ER2925,B,D,0,0,1,2,1,1
SBV103_plate02|2016.65027322404,SBV103,Bovine,2016,26/08/2016,16ER3160,B,D,0,0,1,1,0,1
SBV104_plate02|2016.66666666667,SBV104,Bovine,2016,1/09/2016,16ER3191,B,D,0,0,1,1,0,1
SBV105_plate02|2016.68579234973,SBV105,Bovine,2016,8/09/2016,16ER3311,C,H,0,0,1,1,0,1
SBV106_plate02|2016.69672131148,SBV106,Bovine,2016,12/09/2016,16ER3385,C,H,0,0,1,1,0,1
SBV107_plate02|2016.7349726776,SBV107,Bovine,2016,26/09/2016,16ER3584,B,D,0,0,1,1,0,1
SBV108_plate02|2016.74316939891,SBV108,Bovine,2016,29/09/2016,16ER3638,C,H,0,0,1,1,0,1
SBV109_plate02|2019.62191780822,SBV109,Bovine,2019,16/08/2019,19ER3240,C,H,0,0,1,0,0,1
SBV110_plate02|2016.7650273224,SBV110,Bovine,2016,7/10/2016,16ER3718,B,D,0,0,1,1,0,1
SBV111_plate02|2016.77595628415,SBV111,Bovine,2016,11/10/2016,16ER3736,C,H,0,0,1,1,0,1
SBV112_plate02|2016.80054644809,SBV112,Bovine,2016,20/10/2016,16ER3837,C,H,0,0,1,0,0,1
SBV113_plate02|2016.98907103825,SBV113,Human,2017,28/12/2016,17ER0064,C,H,0,0,1,1,0,1
SBV114_plate02|2016.98087431694,SBV114,Human,2017,25/12/2016,17ER0093,C,H,0,0,1,1,0,1
SBV115_plate02|2016.99180327869,SBV115,Human,2017,29/12/2016,17ER0094,C,H,0,0,1,1,0,1
SBV116_plate02|2017.05753424658,SBV116,Human,2017,22/01/2017,17ER0316,B,D,0,0,1,1,0,1
SBV117_plate02|2017.06301369863,SBV117,Human,2017,24/01/2017,17ER0327,C,H,0,0,1,1,0,1
SBV118_plate02|2017.21369863014,SBV118,Human,2017,20/03/2017,17ER1013,C,H,0,0,1,0,0,1
SBV119_plate02|2017.25479452055,SBV119,Human,2017,4/04/2017,17ER1201,B,D,0,0,1,1,0,1
SBV121_plate02|2017.68219178082,SBV121,Human,2017,7/09/2017,17ER3299,C,H,0,0,1,1,0,1
SBV122_plate02|2017.68219178082,SBV122,Human,2017,7/09/2017,17ER3341,C,H,0,0,1,1,0,1
SBV123_plate02|2017.42739726027,SBV123,Human,2017,6/06/2017,17ER3473,C,H,0,0,1,1,0,1
SBV124_plate02|2016.99180327869,SBV124,Ovine,2017,29/12/2016,17ER0016,C,H,0,0,1,1,0,1
SBV125_plate02|2017.00821917808,SBV125,Bovine,2017,4/01/2017,17ER0117,C,H,0,0,1,1,0,1
SBV126_plate03|2017.02739726027,SBV126,Bovine,2017,11/01/2017,17ER0167,C,H,0,0,1,0,0,1
SBV127_plate02|2017.08493150685,SBV127,Bovine,2017,1/02/2017,17ER0426,B,D,0,0,1,1,0,1
SBV128_plate02|2017.14794520548,SBV128,Bovine,2017,24/02/2017,17ER0638,C,H,0,0,1,1,0,1
SBV130_plate02|2017.2,SBV130,Bovine,2017,15/03/2017,17ER0914,C,H,0,0,1,1,0,1
SBV131_plate03|2017.25205479452,SBV131,Bovine,2017,3/04/2017,17ER1185,C,H,0,0,1,1,0,1
SBV132_plate02|2017.27945205479,SBV132,Bovine,2017,13/04/2017,17ER1320,C,H,1,6,1,0,1,1
SBV133_plate02|2017.31780821918,SBV133,Bovine,2017,27/04/2017,17ER1490,C,H,0,0,1,1,0,1
SBV134_plate02|2017.33698630137,SBV134,Bovine,2017,4/05/2017,17ER1591,C,H,0,0,1,1,0,1
SBV135_plate02|2017.33698630137,SBV135,Feline,2017,4/05/2017,17ER1651,B,E,0,0,1,1,0,1
SBV136_plate02|2017.37534246575,SBV136,Equine,2017,18/05/2017,17ER1827,C,H,0,0,1,1,1,1
SBV137_plate03|2017.41095890411,SBV137,Bovine,2017,31/05/2017,17ER1920,C,H,0,0,1,1,0,1
SBV138_plate02|2017.43561643836,SBV138,Bovine,2017,9/06/2017,17ER2028,C,H,0,0,1,1,0,1
SBV139_plate02|2017.44657534247,SBV139,Bovine,2017,13/06/2017,17ER2059,C,H,1,1,1,1,1,1
SBV140_plate02|2017.48767123288,SBV140,Bovine,2017,28/06/2017,17ER2209,C,H,0,0,1,1,0,1
SBV141_plate02|2017.52876712329,SBV141,Bovine,2017,13/07/2017,17ER2357,C,H,0,0,1,1,0,1
SBV142_plate02|2017.56712328767,SBV142,Bovine,2017,27/07/2017,17ER2544,C,H,0,0,1,1,0,1
SBV143_plate02|2017.57808219178,SBV143,Bovine,2017,31/07/2017,17ER2613,C,H,0,0,1,1,0,1
SBV144_plate02|2017.6,SBV144,Bovine,2017,8/08/2017,17ER2712,C,H,0,0,1,1,0,1
SBV145_plate02|2017.61095890411,SBV145,Canine,2017,12/08/2017,17ER2806,C,H,0,0,1,1,0,1
SBV146_plate02|2017.64109589041,SBV146,Bovine,2017,23/08/2017,17ER2961,C,H,0,0,1,1,0,1
SBV147_plate02|2017.67397260274,SBV147,Bovine,2017,4/09/2017,17ER3241,B,D,0,0,1,1,0,1
SBV148_plate02|2017.6904109589,SBV148,Bovine,2017,10/09/2017,17ER3376,C,H,0,0,1,1,0,1
SBV149_plate03|2017.71780821918,SBV149,Bovine,2017,20/09/2017,17ER3602,B,D,0,0,1,1,0,1
SBV150_plate02|2017.75068493151,SBV150,Bovine,2017,2/10/2017,17ER3752,C,H,0,0,1,1,0,1
SBV151_plate02|2017.79726027397,SBV151,Bovine,2017,19/10/2017,17ER3994,B,D,0,0,1,1,0,1
SBV152_plate02|2017.83835616438,SBV152,Bovine,2017,3/11/2017,17ER4222,C,H,0,0,1,1,0,1
SBV153_plate02|2017.89589041096,SBV153,Bovine,2017,24/11/2017,17ER4419,C,H,0,0,1,0,0,1
SBV154_plate03|2018.02465753425,SBV154,Human,2018,10/01/2018,18ER0252,B,D,0,0,1,1,0,1
SBV155_plate03|2018.00821917808,SBV155,Human,2018,4/01/2018,18ER0137,B,E,0,0,1,1,0,1
SBV156_plate02|2018.04109589041,SBV156,Human,2018,16/01/2018,18ER0396,C,H,0,0,1,1,0,1
SBV157_plate02|2018.04109589041,SBV157,Human,2018,16/01/2018,18ER0457,C,H,0,0,1,1,0,1
SBV158_plate02|2018.0602739726,SBV158,Human,2018,23/01/2018,18ER0601,C,H,0,0,1,1,0,1
SBV159_plate02|2018.07945205479,SBV159,Human,2018,30/01/2018,18ER0674,C,H,0,0,1,1,1,1
SBV160_plate02|2018.09315068493,SBV160,Human,2018,4/02/2018,18ER0729,C,H,0,0,1,1,0,1
SBV161_plate02|2018.13424657534,SBV161,Human,2018,19/02/2018,18ER1047,B,D,0,0,1,1,0,1
SBV162_plate02|2018.1095890411,SBV162,Human,2018,10/02/2018,18ER1086,C,H,0,0,1,1,0,1
SBV163_plate02|2018.18356164384,SBV163,Human,2018,9/03/2018,18ER1319,C,H,0,0,1,1,0,1
SBV164_plate02|2018.19452054795,SBV164,Human,2018,13/03/2018,18ER1416,C,H,0,0,1,1,0,1
SBV165_plate02|2018.33150684932,SBV165,Human,2018,2/05/2018,18ER2147,B,D,0,0,1,1,0,1
SBV166_plate02|2018.34246575342,SBV166,Human,2018,6/05/2018,18ER2161,C,H,0,0,1,1,0,1
SBV167_plate02|2018.63561643836,SBV167,Human,2018,21/08/2018,18ER3558,C,H,0,0,1,1,0,1
SBV168_plate02|2018.62191780822,SBV168,Human,2018,16/08/2018,18ER3561,C,H,0,0,1,1,0,1
SBV169_plate02|2018.68219178082,SBV169,Human,2018,7/09/2018,18ER3883,C,H,0,0,1,1,0,1
SBV170_plate02|2018.77808219178,SBV170,Human,2018,12/10/2018,18ER4480,B,D,0,0,1,1,0,1
SBV171_plate02|2017.96438356164,SBV171,Ovine,2018,19/12/2017,18ER0058,C,H,0,0,1,1,0,1
SBV172_plate02|2018.01095890411,SBV172,Bovine,2018,5/01/2018,18ER0145,C,H,0,0,1,1,0,1
SBV173_plate02|2018.04657534247,SBV173,Bovine,2018,18/01/2018,18ER0505,C,H,0,0,1,1,0,1
SBV174_plate02|2018.06849315068,SBV174,Bovine,2018,26/01/2018,18ER0608,C,H,0,0,1,1,0,1
SBV175_plate02|2018.10410958904,SBV175,Bovine,2018,8/02/2018,18ER0775,C,H,0,0,1,1,0,1
SBV176_plate02|2018.42739726027,SBV176,Canine,2018,6/06/2018,18ER3184,B,D,0,0,1,1,0,1
SBV177_plate03|2018.14520547945,SBV177,Bovine,2018,23/02/2018,18ER1060,C,H,0,0,1,1,0,1
SBV178_plate03|2018.17534246575,SBV178,Bovine,2018,6/03/2018,18ER1287,B,D,0,0,1,1,0,1
SBV179_plate03|2018.19452054795,SBV179,Bovine,2018,13/03/2018,18ER1425,C,H,0,0,1,1,0,1
SBV180_plate03|2018.27123287671,SBV180,Bovine,2018,10/04/2018,18ER1821,C,H,0,0,1,1,0,1
SBV181_plate03|2018.27671232877,SBV181,Feline,2018,12/04/2018,18ER1869,C,H,0,0,1,1,0,1
SBV183_plate03|2018.33150684932,SBV183,Bovine,2018,2/05/2018,18ER2130,B,F,0,0,1,1,0,1
SBV184_plate03|2018.35890410959,SBV184,Bovine,2018,12/05/2018,18ER2241,C,H,0,0,1,1,0,1
SBV185_plate03|2018.40273972603,SBV185,Bovine,2018,28/05/2018,18ER2454,C,H,0,0,1,1,0,1
SBV186_plate03|2018.42465753425,SBV186,Bovine,2018,5/06/2018,18ER2545,C,H,0,0,1,1,0,1
SBV187_plate03|2018.46575342466,SBV187,Bovine,2018,20/06/2018,18ER2687,C,H,0,0,1,1,0,1
SBV188_plate03|2018.5095890411,SBV188,Bovine,2018,6/07/2018,18ER2861,C,H,0,0,1,1,0,1
SBV189_plate03|2018.56712328767,SBV189,Bovine,2018,27/07/2018,18ER3100,C,H,0,0,1,1,0,1
SBV190_plate03|2018.58082191781,SBV190,Bovine,2018,1/08/2018,18ER3179,C,H,0,0,1,1,0,1
SBV191_plate03|2018.58356164384,SBV191,Equine,2018,2/08/2018,18ER3235,C,H,0,0,1,1,0,1
SBV192_plate03|2018.64657534247,SBV192,Bovine,2018,25/08/2018,18ER3662,B,E,0,0,1,1,0,1
SBV193_plate03|2018.67397260274,SBV193,Bovine,2018,4/09/2018,18ER3858,C,H,0,0,1,1,1,1
SBV194_plate03|2018.67945205479,SBV194,Canine,2018,6/09/2018,18ER3888,C,H,0,0,1,1,0,1
SBV195_plate03|2018.71780821918,SBV195,Bovine,2018,20/09/2018,18ER4167,C,H,0,0,1,0,0,1
SBV196_plate03|2018.74794520548,SBV196,Bovine,2018,1/10/2018,18ER4314,B,D,0,0,1,1,0,1
SBV197_plate03|2018.79452054795,SBV197,Bovine,2018,18/10/2018,18ER4590,C,H,0,0,1,1,0,1
SBV198_plate03|2018.84383561644,SBV198,Bovine,2018,5/11/2018,18ER4795,C,H,0,0,1,1,0,1
SBV199_plate03|2018.8904109589,SBV199,Feline,2018,22/11/2018,18ER5028,C,H,0,0,1,1,0,1
SBV200_plate03|2018.90410958904,SBV200,Bovine,2018,27/11/2018,18ER5054,B,D,0,0,1,1,0,1
SBV201_plate03|2018.92054794521,SBV201,Bovine,2018,3/12/2018,18ER5182,C,H,0,0,1,2,0,1
SBV202_plate03|2018.95068493151,SBV202,Bovine,2018,14/12/2018,18ER5277,C,H,0,0,1,1,0,1
SBV203_plate03|2018.96438356164,SBV203,Human,2019,19/12/2018,19ER0032,C,H,0,0,1,1,0,1
SBV204_plate03|2019.42739726027,SBV204,Human,2019,6/06/2019,19ER0065,C,H,0,0,1,1,0,1
SBV205_plate03|2018.99452054795,SBV205,Human,2019,30/12/2018,19ER0127,B,E,0,0,1,1,0,1
SBV206_plate03|2019.01643835616,SBV206,Human,2019,7/01/2019,19ER0161,C,H,0,0,1,1,0,1
SBV207_plate03|2019.0301369863,SBV207,Human,2019,12/01/2019,19ER0377,C,H,1,1,1,1,1,1
SBV208_plate03|2019.04657534247,SBV208,Human,2019,18/01/2019,19ER0411,B,G,0,0,1,1,0,1
SBV209_plate03|2019.05205479452,SBV209,Human,2019,20/01/2019,19ER0454,C,H,0,0,1,1,1,1
SBV210_plate03|2019.08493150685,SBV210,Human,2019,1/02/2019,19ER0646,B,E,0,0,1,1,0,1
SBV211_plate03|2019.21095890411,SBV211,Human,2019,19/03/2019,19ER1394,C,H,0,0,1,1,0,1
SBV212_plate03|2019.24931506849,SBV212,Human,2019,2/04/2019,19ER1534,B,E,0,0,1,1,0,1
SBV213_plate03|2019.27945205479,SBV213,Human,2019,13/04/2019,19ER1678,C,H,0,0,1,1,0,1
SBV214_plate03|2019.44383561644,SBV214,Human,2019,12/06/2019,19ER2342,C,H,0,0,1,1,0,1
SBV216_plate03|2019.00821917808,SBV216,Bovine,2019,4/01/2019,19ER0191,B,D,0,0,1,1,0,1
SBV217_plate03|2019.07945205479,SBV217,Bovine,2019,30/01/2019,19ER0577,C,H,0,0,1,1,0,1
SBV218_plate05|2019.09315068493,SBV218,Bovine,2019,4/02/2019,19ER0688,B,E,0,0,1,1,0,1
SBV219_plate03|2019.10136986301,SBV219,Bovine,2019,7/02/2019,19ER0689,C,H,0,0,1,1,0,1
SBV220_plate03|2019.1397260274,SBV220,Ovine,2019,21/02/2019,19ER0915,C,H,0,0,1,1,0,1
SBV221_plate03|2019.20821917808,SBV221,Bovine,2019,18/03/2019,19ER1294,B,D,0,0,1,1,0,1
SBV222_plate03|2019.42739726027,SBV222,Bovine,2019,6/06/2019,19ER1295,B,E,0,0,1,1,0,1
SBV224_plate03|2019.25753424658,SBV224,Bovine,2019,5/04/2019,19ER1477,B,E,0,0,1,1,1,1
SBV225_plate03|2019.30684931507,SBV225,Bovine,2019,23/04/2019,19ER1774,C,H,0,0,1,1,0,1
SBV226_plate03|2019.34520547945,SBV226,Bovine,2019,7/05/2019,19ER1926,C,H,0,0,1,1,0,1
SBV227_plate03|2019.65753424658,SBV227,Bovine,2019,29/08/2019,19ER3383,C,H,0,0,1,1,0,1
SBV228_plate03|2019.40547945205,SBV228,Bovine,2019,29/05/2019,19ER2189,B,D,0,0,1,1,0,1
SBV229_plate03|2019.36164383562,SBV229,Feline,2019,13/05/2019,19ER2199,C,H,0,0,1,1,0,1
SBV230_plate03|2019.43835616438,SBV230,Bovine,2019,10/06/2019,19ER2291,C,H,0,0,1,1,0,1
SBV231_plate03|2019.45753424658,SBV231,Bovine,2019,17/06/2019,19ER2338,C,H,0,0,1,1,0,1
SBV232_plate03|2019.50410958904,SBV232,Bovine,2019,4/07/2019,19ER2522,C,H,0,0,1,1,0,1
SBV233_plate03|2019.5397260274,SBV233,Bovine,2019,17/07/2019,19ER2690,C,H,0,0,1,1,0,1
SBV234_plate05|2019.55342465753,SBV234,Bovine,2019,22/07/2019,19ER2815,C,H,0,0,1,1,0,1
SBV235_plate05|2019.42739726027,SBV235,Bovine,2019,6/06/2019,19ER2959,C,H,0,0,1,1,0,1
SBV236_plate03|2019.61369863014,SBV236,Bovine,2019,13/08/2019,19ER3123,C,H,0,0,1,1,0,1
SBV237_plate03|2019.61917808219,SBV237,Avian,2019,15/08/2019,19ER3175,B,E,0,0,1,1,0,1
SBV238_plate03|2019.84383561644,SBV238,Bovine,2019,5/11/2019,19ER4585,C,H,0,0,1,1,0,1
SBV239_plate03|2019.15068493151,SBV239,Canine,2019,25/02/2019,19ER1078,C,H,0,0,1,1,0,1
SBV240_plate05|2019.69863013699,SBV240,Bovine,2019,13/09/2019,19ER3743,C,H,0,0,1,1,0,1
SBV241_plate03|2019.72328767123,SBV241,Bovine,2019,22/09/2019,19ER3881,B,E,0,0,1,1,0,1
SBV242_plate03|2019.74794520548,SBV242,Bovine,2019,1/10/2019,19ER4076,C,H,0,0,1,2,0,1
SBV243_plate03|2019.78356164384,SBV243,Bovine,2019,14/10/2019,19ER4190,C,H,0,0,1,1,0,1
SBV244_plate03|2019.82739726027,SBV244,Bovine,2019,30/10/2019,19ER4538,C,H,1,0,1,1,1,1
SBV245_plate03|2019.84657534247,SBV245,Bovine,2019,6/11/2019,19ER4576,B,F,1,0,1,1,1,1
SBV246_plate03|2019.42739726027,SBV246,Bovine,2019,6/06/2019,19ER1794,B,E,0,0,1,1,0,1
SBV247_plate03|2019.99452054795,SBV247,Human,2020,30/12/2019,20ER0152,C,H,0,0,1,1,0,1
SBV249_plate03|2020.07650273224,SBV249,Human,2020,29/01/2020,20ER0468,B,G,0,0,1,1,0,1
SBV251_plate03|2020.15027322404,SBV251,Human,2020,25/02/2020,20ER0802,C,H,0,0,1,1,0,1
SBV252_plate03|2020.17759562842,SBV252,Human,2020,6/03/2020,20ER0943,B,F,1,0,1,1,1,1
SBV253_plate03|2020.31420765027,SBV253,Human,2020,25/04/2020,20ER1317,C,H,0,0,1,1,0,1
SBV254_plate03|2020.42896174863,SBV254,Human,2020,6/06/2020,20ER1325,A,C,0,0,1,0,0,1
SBV255_plate03|2020.43442622951,SBV255,Human,2020,8/06/2020,20ER1679,C,H,0,0,1,1,0,1
SBV256_plate03|2020.59836065574,SBV256,Human,2020,7/08/2020,20ER2330,C,H,0,0,1,2,0,1
SBV257_plate05|2019.42739726027,SBV257,Bovine,2019,6/06/2019,19ER2842,C,H,0,0,1,1,0,1
SBV258_plate03|2020.75136612022,SBV258,Human,2020,2/10/2020,20ER3216,C,H,0,0,1,1,0,1
SBV259_plate03|2020.76229508197,SBV259,Human,2020,6/10/2020,20ER3270,C,H,0,0,1,1,0,1
SBV260_plate03|2020.74316939891,SBV260,Human,2020,29/09/2020,20ER3518,C,H,0,0,1,1,0,1
SBV261_plate03|2020.85245901639,SBV261,Human,2020,8/11/2020,20ER3713,C,H,0,0,1,1,0,1
SBV262_plate03|2019.98630136986,SBV262,Bovine,2020,27/12/2019,20ER0092,B,G,0,0,1,1,0,1
SBV263_plate03|2020.2131147541,SBV263,Bovine,2020,19/03/2020,20ER1202,B,F,1,0,1,1,1,1
SBV265_plate03|2020.30601092896,SBV265,Bovine,2020,22/04/2020,20ER1415,C,H,0,0,1,1,0,1
SBV266_plate03|2020.10928961749,SBV266,Feline,2020,10/02/2020,20ER1431,C,H,0,0,1,1,0,1
SBV267_plate03|2020.00546448087,SBV267,Canine,2020,3/01/2020,20ER1445,C,H,0,0,1,1,0,1
SBV268_plate03|2020.26229508197,SBV268,Bovine,2020,6/04/2020,20ER1483,C,H,0,0,1,1,0,1
SBV269_plate05|2020.34426229508,SBV269,Bovine,2020,6/05/2020,20ER1504,B,D,0,0,1,1,0,1
SBV270_plate04|2020.37431693989,SBV270,Bovine,2020,17/05/2020,20ER1511,B,F,1,0,1,1,1,1
SBV271_plate04|2020.21857923497,SBV271,Bovine,2020,21/03/2020,20ER1545,B,E,0,0,1,1,0,1
SBV272_plate04|2020.03825136612,SBV272,Bovine,2020,15/01/2020,20ER1610,C,H,0,0,1,1,0,1
SBV273_plate04|2020.06557377049,SBV273,Bovine,2020,25/01/2020,20ER1611,B,F,0,0,1,1,0,1
SBV274_plate04|2020.12295081967,SBV274,Bovine,2020,15/02/2020,20ER1612,B,F,1,0,1,1,1,1
SBV275_plate04|2020.15846994536,SBV275,Bovine,2020,28/02/2020,20ER1614,B,F,1,0,1,1,1,1
SBV276_plate04|2020.46448087432,SBV276,Bovine,2020,19/06/2020,20ER1718,B,F,1,0,1,1,2,1
SBV277_plate04|2020.45628415301,SBV277,Bovine,2020,16/06/2020,20ER1736,B,D,0,0,1,1,0,1
SBV278_plate04|2020.53005464481,SBV278,Bovine,2020,13/07/2020,20ER1971,C,H,0,0,1,1,0,1
SBV279_plate04|2020.55191256831,SBV279,Bovine,2020,21/07/2020,20ER2107,C,H,0,0,1,1,0,1
SBV280_plate05|2019.69863013699,SBV280,Bovine,2019,13/09/2019,19ER3744,C,H,0,0,0,2,0,1
SBV281_plate04|2020.63661202186,SBV281,Bovine,2020,21/08/2020,20ER2508,C,H,0,0,1,1,0,1
SBV282_plate04|2020.67213114754,SBV282,Bovine,2020,3/09/2020,20ER2811,C,H,0,0,1,1,0,1
SBV283_plate04|2020.70491803279,SBV283,Bovine,2020,15/09/2020,20ER3016,C,H,1,0,1,0,1,1
SBV284_plate04|2020.72404371585,SBV284,Canine,2020,22/09/2020,20ER3126,B,F,1,0,1,1,1,1
SBV285_plate04|2020.72950819672,SBV285,Bovine,2020,24/09/2020,20ER3131,C,H,0,0,1,1,0,1
SBV286_plate04|2020.7650273224,SBV286,Bovine,2020,7/10/2020,20ER3306,B,G,0,0,1,1,0,1
SBV287_plate04|2020.78961748634,SBV287,Bovine,2020,16/10/2020,20ER3454,C,H,0,0,1,1,0,1
SBV288_plate04|2020.82240437158,SBV288,Bovine,2020,28/10/2020,20ER3594,C,H,0,0,1,0,0,1
SBV289_plate04|2020.84153005464,SBV289,Bovine,2020,4/11/2020,20ER3648,B,G,0,0,1,0,0,1
SBV290_plate04|2020.83879781421,SBV290,Feline,2020,3/11/2020,20ER3679,B,G,0,0,1,1,0,1
SBV291_plate04|2020.87704918033,SBV291,Bovine,2020,17/11/2020,20ER3910,C,H,0,0,1,0,0,1
SBV292_plate04|2020.95355191257,SBV292,Bovine,2020,15/12/2020,20ER4115,B,F,0,0,1,1,0,1
SBV293_plate04|2020.97540983607,SBV293,Human,2021,23/12/2020,21ER0011,C,H,0,0,1,1,0,1
SBV294_plate04|2020.97267759563,SBV294,Human,2021,22/12/2020,21ER0095,C,H,0,0,1,0,0,1
SBV295_plate04|2021.01369863014,SBV295,Human,2021,6/01/2021,21ER0171,B,F,1,0,1,1,1,1
SBV296_plate04|2021.02739726027,SBV296,Human,2021,11/01/2021,21ER0173,C,H,0,0,1,1,0,1
SBV297_plate04|2020.99453551913,SBV297,Human,2021,30/12/2020,21ER0247,C,H,0,0,1,1,0,1
SBV298_plate04|2021.12328767123,SBV298,Human,2021,15/02/2021,21ER0584,C,H,0,0,1,1,1,1
SBV299_plate04|2021.44383561644,SBV299,Human,2021,12/06/2021,21ER2065,C,H,0,0,1,0,0,1
SBV300_plate04|2021.00547945205,SBV300,Human,2021,3/01/2021,21ER0801,C,H,0,0,1,0,0,1
SBV301_plate04|2021.19726027397,SBV301,Human,2021,14/03/2021,21ER0878,B,G,0,0,1,0,0,1
SBV302_plate04|2021.30684931507,SBV302,Human,2021,23/04/2021,21ER1414,C,H,0,0,1,1,0,1
SBV305_plate04|2021.46849315068,SBV305,Human,2021,21/06/2021,21ER2186,B,D,0,0,1,1,0,1
SBV306_plate04|2021.95616438356,SBV306,Human,2021,16/12/2021,21ER4541,B,G,0,0,1,1,1,1
SBV307_plate04|2021.0301369863,SBV307,Bovine,2021,12/01/2021,21ER0197,B,G,0,0,1,1,0,1
SBV308_plate04|2021.13424657534,SBV308,Bovine,2021,19/02/2021,21ER0609,C,H,0,0,1,1,0,1
SBV310_plate04|2021.31780821918,SBV310,Bovine,2021,27/04/2021,21ER1459,B,G,0,0,1,1,0,1
SBV311_plate04|2021.33424657534,SBV311,Bovine,2021,3/05/2021,21ER1605,B,D,0,0,1,1,0,1
SBV312_plate04|2021.37808219178,SBV312,Bovine,2021,19/05/2021,21ER1746,B,G,0,0,1,0,0,1
SBV313_plate04|2021.44657534247,SBV313,Canine,2021,13/06/2021,21ER2047,A,C,0,0,0,0,0,1
SBV314_plate04|2021.44931506849,SBV314,Bovine,2021,14/06/2021,21ER2111,B,E,0,0,1,1,0,1
SBV315_plate04|2021.47397260274,SBV315,Bovine,2021,23/06/2021,21ER2188,C,H,1,1,1,1,1,1
SBV316_plate04|2021.48767123288,SBV316,Bovine,2021,28/06/2021,21ER2264,B,F,0,0,1,1,0,1
SBV317_plate04|2021.49589041096,SBV317,Bovine,2021,1/07/2021,21ER2281,C,H,0,0,1,1,0,1
SBV318_plate04|2021.4904109589,SBV318,Ovine,2021,29/06/2021,21ER2301,B,E,0,0,1,1,0,1
SBV319_plate04|2021.46849315068,SBV319,Porcine,2021,21/06/2021,21ER2376,B,F,1,0,1,1,1,1
SBV320_plate04|2021.42739726027,SBV320,Bovine,2021,6/06/2021,21ER2610,B,E,0,0,1,1,0,1
SBV321_plate04|2021.52602739726,SBV321,Bovine,2021,12/07/2021,21ER2405,C,H,0,0,1,1,0,1
SBV322_plate04|2021.54794520548,SBV322,Bovine,2021,20/07/2021,21ER2615,C,H,0,0,1,1,0,1
SBV323_plate04|2021.60273972603,SBV323,Bovine,2021,9/08/2021,21ER2809,C,H,0,0,1,1,0,1
SBV324_plate04|2021.62191780822,SBV324,Bovine,2021,16/08/2021,21ER2961,C,H,0,0,1,1,0,1
SBV325_plate04|2021.6602739726,SBV325,Bovine,2021,30/08/2021,21ER3189,B,E,0,0,1,1,0,1
SBV326_plate04|2021.67397260274,SBV326,Bovine,2021,4/09/2021,21ER3301,C,H,0,0,1,0,0,1
SBV327_plate04|2021.7095890411,SBV327,Bovine,2021,17/09/2021,21ER3355,B,E,0,0,1,1,0,1
SBV328_plate04|2021.42739726027,SBV328,Bovine,2021,6/06/2021,21ER3387,B,E,0,0,1,1,0,1
SBV329_plate04|2021.74520547945,SBV329,Bovine,2021,30/09/2021,21ER3534,C,H,0,0,1,0,0,1
SBV330_plate04|2021.74794520548,SBV330,Bovine,2021,1/10/2021,21ER3620,B,E,0,0,1,1,0,1
SBV331_plate04|2021.77260273973,SBV331,Bovine,2021,10/10/2021,21ER3743,B,G,0,0,1,1,0,1
SBV332_plate04|2021.81643835616,SBV332,Bovine,2021,26/10/2021,21ER3978,C,H,0,0,1,1,0,1
SBV333_plate04|2021.87123287671,SBV333,Feline,2021,15/11/2021,21ER4208,B,E,0,0,1,1,0,1
SBV334_plate04|2021.8904109589,SBV334,Bovine,2021,22/11/2021,21ER4276,B,G,0,0,1,1,0,1
SBV335_plate04|2021.93424657534,SBV335,Bovine,2021,8/12/2021,21ER4423,B,E,0,0,1,1,0,1
SBV336_plate04|2021.96712328767,SBV336,Bovine,2021,20/12/2021,21ER4510,B,E,0,0,1,1,0,1
SBV337_plate04|2015.6,SBV337,Bovine,2015,8/08/2015,15ER2436,C,H,0,0,1,1,1,1
SBV338_plate04|2021.97808219178,SBV338,Human,2022,24/12/2021,22ER0019,B,G,0,0,1,2,0,1
SBV339_plate04|2021.96164383562,SBV339,Human,2022,18/12/2021,22ER0024,B,F,1,0,1,1,1,1
SBV340_plate04|2021.98356164384,SBV340,Human,2022,26/12/2021,22ER0087,B,F,1,0,1,1,1,1
SBV341_plate04|2022.06301369863,SBV341,Human,2022,24/01/2022,22ER0423,B,G,0,0,1,1,0,1
SBV343_plate04|2022.12328767123,SBV343,Bovine,2022,15/02/2022,22ER0681,B,G,0,0,1,1,0,1
SBV344_plate04|2022.11232876712,SBV344,Human,2022,11/02/2022,22ER0714,C,H,0,0,1,1,0,1
SBV345_plate04|2022.42739726027,SBV345,Feline,2022,6/06/2022,22ER0723,C,H,0,0,1,1,1,1
SBV347_plate04|2022.13698630137,SBV347,Human,2022,20/02/2022,22ER0998,C,H,0,0,1,1,0,1
SBV348_plate04|2022.20273972603,SBV348,Ovine,2022,16/03/2022,22ER1141,C,H,0,0,1,1,0,1
SBV349_plate04|2022.23561643836,SBV349,Human,2022,28/03/2022,22ER1238,B,E,0,0,1,1,0,1
SBV350_plate04|2022.24657534247,SBV350,Human,2022,1/04/2022,22ER1290,B,D,0,0,1,1,0,1
SBV351_plate04|2022.2602739726,SBV351,Human,2022,6/04/2022,22ER1398,B,F,1,0,1,1,1,1
SBV352_plate04|2022.25753424658,SBV352,Canine,2022,5/04/2022,22ER1418,B,G,0,0,1,1,0,1
SBV353_plate04|2022.27671232877,SBV353,Bovine,2022,12/04/2022,22ER1491,C,H,0,0,1,1,0,1
SBV354_plate04|2022.29589041096,SBV354,Bovine,2022,19/04/2022,22ER1515,B,E,0,0,1,1,0,1
SBV355_plate04|2022.29589041096,SBV355,Equine,2022,19/04/2022,22ER1629,C,H,0,0,1,1,0,1
SBV356_plate04|2022.35616438356,SBV356,Human,2022,11/05/2022,22ER1812,C,H,0,0,1,1,0,1
SBV357_plate04|2022.36164383562,SBV357,Bovine,2022,13/05/2022,22ER1821,C,H,0,0,1,1,0,1
SBV358_plate04|2022.37260273973,SBV358,Bovine,2022,17/05/2022,22ER1892,C,H,0,0,1,1,0,1
SBV359_plate04|2022.41369863014,SBV359,Bovine,2022,1/06/2022,22ER2018,C,H,0,0,1,1,0,1
SBV361_plate04|2022.44657534247,SBV361,Bovine,2022,13/06/2022,22ER2110,C,H,0,0,1,1,0,1
SBV362_plate04|2022.54520547945,SBV362,Bovine,2022,19/07/2022,22ER2478,C,H,0,0,1,1,0,1
SBV363_plate04|2022.55068493151,SBV363,Bovine,2022,21/07/2022,22ER2482,B,G,0,0,1,1,0,1
SBV364_plate04|2022.53150684932,SBV364,Human,2022,14/07/2022,22ER2488,B,G,0,0,1,1,0,1
SBV365_plate04|2022.60547945205,SBV365,Bovine,2022,10/08/2022,22ER2771,C,H,0,0,1,1,0,1
SBV366_plate04|2022.64931506849,SBV366,Bovine,2022,26/08/2022,22ER3000,C,H,0,0,1,1,0,1
SBV367_plate04|2022.67397260274,SBV367,Human,2022,4/09/2022,22ER3166,C,H,0,0,1,1,0,1
SBV368_plate04|2022.68767123288,SBV368,Bovine,2022,9/09/2022,22ER3208,B,G,0,0,1,1,0,1
SBV369_plate04|2022.69863013699,SBV369,Bovine,2022,13/09/2022,22ER3257,C,H,0,0,1,1,0,1
SBV370_plate05|2022.72602739726,SBV370,Canine,2022,23/09/2022,22ER3384,B,G,0,0,1,1,0,1
SBV371_plate05|2022.74794520548,SBV371,Bovine,2022,1/10/2022,22ER3470,B,G,0,0,1,1,0,1
SBV372_plate05|2022.75890410959,SBV372,Human,2022,5/10/2022,22ER3539,C,H,0,0,1,1,0,1
SBV373_plate05|2022.79178082192,SBV373,Bovine,2022,17/10/2022,22ER3719,B,E,0,0,1,1,0,1
SBV374_plate05|2022.82191780822,SBV374,Avian,2022,28/10/2022,22ER3902,B,G,0,0,1,1,0,1
SBV375_plate05|2022.83561643836,SBV375,Bovine,2022,2/11/2022,22ER3903,C,H,0,0,1,1,0,1
SBV376_plate05|2022.42739726027,SBV376,Bovine,2022,6/06/2022,22ER4305,B,G,0,0,0,1,0,1
