Isolate,Isolate,level 1,level 2,Isolate,cluster_A,cluster_B,,,,,,,,Isolate
SBV005_plate01|2004.87158469945,SBV005,1,1,SBV005_plate01|2004.87158469945,A,A,,,,,,,,SBV005
SBV007_plate01|2015.66849315068,SBV007,2,4,SBV007_plate01|2015.66849315068,B,D,,,,,,,,SBV007
SBV010_plate01|2007.42739726027,SBV010,1,1,SBV010_plate01|2007.42739726027,A,A,,,,1,A,,,SBV010
SBV011_plate01|2008.65300546448,SBV011,1,1,SBV011_plate01|2008.65300546448,A,A,,,,2,B,,,SBV011
SBV019_plate01|2011.87945205479,SBV019,1,2,SBV019_plate01|2011.87945205479,A,B,,,,3,C,,,SBV019
SBV021_plate01|2012.04644808743,SBV021,1,1,SBV021_plate01|2012.04644808743,A,A,,,,4,D,,,SBV021
SBV022_plate01|2012.12295081967,SBV022,2,5,SBV022_plate01|2012.12295081967,B,E,,,,5,E,,,SBV022
SBV023_plate01|2016.75683060109,SBV023,3,8,SBV023_plate01|2016.75683060109,C,H,,,,6,F,,,SBV023
SBV024_plate01|2012.54371584699,SBV024,1,2,SBV024_plate01|2012.54371584699,A,B,,,,7,G,,,SBV024
SBV025_plate01|2012.77595628415,SBV025,2,5,SBV025_plate01|2012.77595628415,B,E,,,,8,H,,,SBV025
SBV027_plate01|2013.27397260274,SBV027,2,5,SBV027_plate01|2013.27397260274,B,E,,,,,,,,SBV027
SBV029_plate01|2013.6301369863,SBV029,1,3,SBV029_plate01|2013.6301369863,A,C,,,,,,,,SBV029
SBV030_plate01|2014.0904109589,SBV030,2,5,SBV030_plate01|2014.0904109589,B,E,,,,,,,,SBV030
SBV032_plate01|2014.41917808219,SBV032,1,3,SBV032_plate01|2014.41917808219,A,C,,,,,,,,SBV032
SBV033_plate01|2014.42739726027,SBV033,2,5,SBV033_plate01|2014.42739726027,B,E,,,,,,,,SBV033
SBV035_plate01|2014.99726027397,SBV035,2,4,SBV035_plate01|2014.99726027397,B,D,,,,,,,,SBV035
SBV036_plate01|2015,SBV036,2,4,SBV036_plate01|2015,B,D,,,,,,,,SBV036
SBV037_plate01|2015.02465753425,SBV037,2,5,SBV037_plate01|2015.02465753425,B,E,,,,,,,,SBV037
SBV038_plate01|2015.11506849315,SBV038,2,4,SBV038_plate01|2015.11506849315,B,D,,,,,,,,SBV038
SBV039_plate01|2015.30136986301,SBV039,3,8,SBV039_plate01|2015.30136986301,C,H,,,,,,,,SBV039
SBV040_plate03|2015.33698630137,SBV040,2,4,SBV040_plate03|2015.33698630137,B,D,,,,,,,,SBV040
SBV041_plate01|2015.43287671233,SBV041,3,8,SBV041_plate01|2015.43287671233,C,H,,,,,,,,SBV041
SBV042_plate01|2015.70136986301,SBV042,2,4,SBV042_plate01|2015.70136986301,B,D,,,,,,,,SBV042
SBV043_plate01|2015.20821917808,SBV043,3,8,SBV043_plate01|2015.20821917808,C,H,,,,,,,,SBV043
SBV044_plate01|2015.32054794521,SBV044,3,8,SBV044_plate01|2015.32054794521,C,H,,,,,,,,SBV044
SBV045_plate01|2015.34794520548,SBV045,3,8,SBV045_plate01|2015.34794520548,C,H,,,,,,,,SBV045
SBV046_plate01|2015.37534246575,SBV046,3,8,SBV046_plate01|2015.37534246575,C,H,,,,,,,,SBV046
SBV047_plate01|2015.38082191781,SBV047,3,8,SBV047_plate01|2015.38082191781,C,H,,,,,,,,SBV047
SBV048_plate01|2015.33698630137,SBV048,3,8,SBV048_plate01|2015.33698630137,C,H,,,,,,,,SBV048
SBV049_plate01|2015.37534246575,SBV049,3,8,SBV049_plate01|2015.37534246575,C,H,,,,,,,,SBV049
SBV050_plate01|2015.4904109589,SBV050,3,8,SBV050_plate01|2015.4904109589,C,H,,,,,,,,SBV050
SBV051_plate01|2015.42465753425,SBV051,3,8,SBV051_plate01|2015.42465753425,C,H,,,,,,,,SBV051
SBV052_plate01|2015.49863013699,SBV052,3,8,SBV052_plate01|2015.49863013699,C,H,,,,,,,,SBV052
SBV053_plate01|2015.55068493151,SBV053,2,5,SBV053_plate01|2015.55068493151,B,E,,,,,,,,SBV053
SBV054_plate01|2015.60547945205,SBV054,2,4,SBV054_plate01|2015.60547945205,B,D,,,,,,,,SBV054
SBV055_plate01|2015.61643835616,SBV055,3,8,SBV055_plate01|2015.61643835616,C,H,,,,,,,,SBV055
SBV057_plate01|2015.63287671233,SBV057,2,5,SBV057_plate01|2015.63287671233,B,E,,,,,,,,SBV057
SBV058_plate01|2015.65205479452,SBV058,2,4,SBV058_plate01|2015.65205479452,B,D,,,,,,,,SBV058
SBV059_plate01|2015.4904109589,SBV059,3,8,SBV059_plate01|2015.4904109589,C,H,,,,,,,,SBV059
SBV060_plate01|2015.67397260274,SBV060,2,5,SBV060_plate01|2015.67397260274,B,E,,,,,,,,SBV060
SBV061_plate01|2015.58356164384,SBV061,2,4,SBV061_plate01|2015.58356164384,B,D,,,,,,,,SBV061
SBV062_plate01|2015.7095890411,SBV062,2,4,SBV062_plate01|2015.7095890411,B,D,,,,,,,,SBV062
SBV063_plate01|2015.71506849315,SBV063,3,8,SBV063_plate01|2015.71506849315,C,H,,,,,,,,SBV063
SBV064_plate01|2015.72602739726,SBV064,2,4,SBV064_plate01|2015.72602739726,B,D,,,,,,,,SBV064
SBV065_plate03|2015.74246575342,SBV065,2,4,SBV065_plate03|2015.74246575342,B,D,,,,,,,,SBV065
SBV067_plate01|2015.78904109589,SBV067,3,8,SBV067_plate01|2015.78904109589,C,H,,,,,,,,SBV067
SBV068_plate01|2015.80547945205,SBV068,2,4,SBV068_plate01|2015.80547945205,B,D,,,,,,,,SBV068
SBV069_plate01|2015.87945205479,SBV069,3,8,SBV069_plate01|2015.87945205479,C,H,,,,,,,,SBV069
SBV070_plate01|2015.91780821918,SBV070,2,4,SBV070_plate01|2015.91780821918,B,D,,,,,,,,SBV070
SBV071_plate01|2015.95616438356,SBV071,3,8,SBV071_plate01|2015.95616438356,C,H,,,,,,,,SBV071
SBV072_plate02|2016.02732240437,SBV072,2,5,SBV072_plate02|2016.02732240437,B,E,,,,,,,,SBV072
SBV073_plate03|2016.06557377049,SBV073,2,4,SBV073_plate03|2016.06557377049,B,D,,,,,,,,SBV073
SBV074_plate03|2016.08469945355,SBV074,2,4,SBV074_plate03|2016.08469945355,B,D,,,,,,,,SBV074
SBV075_plate02|2016.19398907104,SBV075,3,8,SBV075_plate02|2016.19398907104,C,H,,,,,,,,SBV075
SBV076_plate02|2016.71584699454,SBV076,3,8,SBV076_plate02|2016.71584699454,C,H,,,,,,,,SBV076
SBV077_plate02|2016.31967213115,SBV077,3,8,SBV077_plate02|2016.31967213115,C,H,,,,,,,,SBV077
SBV078_plate02|2016.42349726776,SBV078,2,4,SBV078_plate02|2016.42349726776,B,D,,,,,,,,SBV078
SBV079_plate02|2016.45628415301,SBV079,3,8,SBV079_plate02|2016.45628415301,C,H,,,,,,,,SBV079
SBV080_plate02|2016.42896174863,SBV080,2,4,SBV080_plate02|2016.42896174863,B,D,,,,,,,,SBV080
SBV081_plate02|2016.62568306011,SBV081,3,8,SBV081_plate02|2016.62568306011,C,H,,,,,,,,SBV081
SBV082_plate02|2016.74590163934,SBV082,3,8,SBV082_plate02|2016.74590163934,C,H,,,,,,,,SBV082
SBV083_plate02|2016.77595628415,SBV083,3,8,SBV083_plate02|2016.77595628415,C,H,,,,,,,,SBV083
SBV084_plate02|2016.03825136612,SBV084,3,8,SBV084_plate02|2016.03825136612,C,H,,,,,,,,SBV084
SBV085_plate03|2016.03551912568,SBV085,3,8,SBV085_plate03|2016.03551912568,C,H,,,,,,,,SBV085
SBV087_plate02|2016.12295081967,SBV087,3,8,SBV087_plate02|2016.12295081967,C,H,,,,,,,,SBV087
SBV088_plate02|2016.25956284153,SBV088,2,4,SBV088_plate02|2016.25956284153,B,D,,,,,,,,SBV088
SBV089_plate02|2016.28415300546,SBV089,3,8,SBV089_plate02|2016.28415300546,C,H,,,,,,,,SBV089
SBV090_plate02|2016.30601092896,SBV090,2,5,SBV090_plate02|2016.30601092896,B,E,,,,,,,,SBV090
SBV091_plate02|2016.34153005464,SBV091,2,4,SBV091_plate02|2016.34153005464,B,D,,,,,,,,SBV091
SBV092_plate02|2016.33879781421,SBV092,2,5,SBV092_plate02|2016.33879781421,B,E,,,,,,,,SBV092
SBV093_plate02|2016.42896174863,SBV093,2,4,SBV093_plate02|2016.42896174863,B,D,,,,,,,,SBV093
SBV094_plate02|2016.45081967213,SBV094,3,8,SBV094_plate02|2016.45081967213,C,H,,,,,,,,SBV094
SBV095_plate02|2016.34153005464,SBV095,3,8,SBV095_plate02|2016.34153005464,C,H,,,,,,,,SBV095
SBV096_plate02|2016.50819672131,SBV096,3,8,SBV096_plate02|2016.50819672131,C,H,,,,,,,,SBV096
SBV097_plate02|2016.53551912568,SBV097,3,8,SBV097_plate02|2016.53551912568,C,H,,,,,,,,SBV097
SBV098_plate02|2016.55191256831,SBV098,3,8,SBV098_plate02|2016.55191256831,C,H,,,,,,,,SBV098
SBV099_plate02|2016.56557377049,SBV099,2,5,SBV099_plate02|2016.56557377049,B,E,,,,,,,,SBV099
SBV100_plate02|2016.58196721311,SBV100,3,8,SBV100_plate02|2016.58196721311,C,H,,,,,,,,SBV100
SBV101_plate02|2016.60928961749,SBV101,3,8,SBV101_plate02|2016.60928961749,C,H,,,,,,,,SBV101
SBV102_plate02|2016.62568306011,SBV102,2,4,SBV102_plate02|2016.62568306011,B,D,,,,,,,,SBV102
SBV103_plate02|2016.65027322404,SBV103,2,4,SBV103_plate02|2016.65027322404,B,D,,,,,,,,SBV103
SBV104_plate02|2016.66666666667,SBV104,2,4,SBV104_plate02|2016.66666666667,B,D,,,,,,,,SBV104
SBV105_plate02|2016.68579234973,SBV105,3,8,SBV105_plate02|2016.68579234973,C,H,,,,,,,,SBV105
SBV106_plate02|2016.69672131148,SBV106,3,8,SBV106_plate02|2016.69672131148,C,H,,,,,,,,SBV106
SBV107_plate02|2016.7349726776,SBV107,2,4,SBV107_plate02|2016.7349726776,B,D,,,,,,,,SBV107
SBV108_plate02|2016.74316939891,SBV108,3,8,SBV108_plate02|2016.74316939891,C,H,,,,,,,,SBV108
SBV109_plate02|2019.62191780822,SBV109,3,8,SBV109_plate02|2019.62191780822,C,H,,,,,,,,SBV109
SBV110_plate02|2016.7650273224,SBV110,2,4,SBV110_plate02|2016.7650273224,B,D,,,,,,,,SBV110
SBV111_plate02|2016.77595628415,SBV111,3,8,SBV111_plate02|2016.77595628415,C,H,,,,,,,,SBV111
SBV112_plate02|2016.80054644809,SBV112,3,8,SBV112_plate02|2016.80054644809,C,H,,,,,,,,SBV112
SBV113_plate02|2016.98907103825,SBV113,3,8,SBV113_plate02|2016.98907103825,C,H,,,,,,,,SBV113
SBV114_plate02|2016.98087431694,SBV114,3,8,SBV114_plate02|2016.98087431694,C,H,,,,,,,,SBV114
SBV115_plate02|2016.99180327869,SBV115,3,8,SBV115_plate02|2016.99180327869,C,H,,,,,,,,SBV115
SBV116_plate02|2017.05753424658,SBV116,2,4,SBV116_plate02|2017.05753424658,B,D,,,,,,,,SBV116
SBV117_plate02|2017.06301369863,SBV117,3,8,SBV117_plate02|2017.06301369863,C,H,,,,,,,,SBV117
SBV118_plate02|2017.21369863014,SBV118,3,8,SBV118_plate02|2017.21369863014,C,H,,,,,,,,SBV118
SBV119_plate02|2017.25479452055,SBV119,2,4,SBV119_plate02|2017.25479452055,B,D,,,,,,,,SBV119
SBV121_plate02|2017.68219178082,SBV121,3,8,SBV121_plate02|2017.68219178082,C,H,,,,,,,,SBV121
SBV122_plate02|2017.68219178082,SBV122,3,8,SBV122_plate02|2017.68219178082,C,H,,,,,,,,SBV122
SBV123_plate02|2017.42739726027,SBV123,3,8,SBV123_plate02|2017.42739726027,C,H,,,,,,,,SBV123
SBV124_plate02|2016.99180327869,SBV124,3,8,SBV124_plate02|2016.99180327869,C,H,,,,,,,,SBV124
SBV125_plate02|2017.00821917808,SBV125,3,8,SBV125_plate02|2017.00821917808,C,H,,,,,,,,SBV125
SBV126_plate03|2017.02739726027,SBV126,3,8,SBV126_plate03|2017.02739726027,C,H,,,,,,,,SBV126
SBV127_plate02|2017.08493150685,SBV127,2,4,SBV127_plate02|2017.08493150685,B,D,,,,,,,,SBV127
SBV128_plate02|2017.14794520548,SBV128,3,8,SBV128_plate02|2017.14794520548,C,H,,,,,,,,SBV128
SBV130_plate02|2017.2,SBV130,3,8,SBV130_plate02|2017.2,C,H,,,,,,,,SBV130
SBV131_plate03|2017.25205479452,SBV131,3,8,SBV131_plate03|2017.25205479452,C,H,,,,,,,,SBV131
SBV132_plate02|2017.27945205479,SBV132,3,8,SBV132_plate02|2017.27945205479,C,H,,,,,,,,SBV132
SBV133_plate02|2017.31780821918,SBV133,3,8,SBV133_plate02|2017.31780821918,C,H,,,,,,,,SBV133
SBV134_plate02|2017.33698630137,SBV134,3,8,SBV134_plate02|2017.33698630137,C,H,,,,,,,,SBV134
SBV135_plate02|2017.33698630137,SBV135,2,5,SBV135_plate02|2017.33698630137,B,E,,,,,,,,SBV135
SBV136_plate02|2017.37534246575,SBV136,3,8,SBV136_plate02|2017.37534246575,C,H,,,,,,,,SBV136
SBV137_plate03|2017.41095890411,SBV137,3,8,SBV137_plate03|2017.41095890411,C,H,,,,,,,,SBV137
SBV138_plate02|2017.43561643836,SBV138,3,8,SBV138_plate02|2017.43561643836,C,H,,,,,,,,SBV138
SBV139_plate02|2017.44657534247,SBV139,3,8,SBV139_plate02|2017.44657534247,C,H,,,,,,,,SBV139
SBV140_plate02|2017.48767123288,SBV140,3,8,SBV140_plate02|2017.48767123288,C,H,,,,,,,,SBV140
SBV141_plate02|2017.52876712329,SBV141,3,8,SBV141_plate02|2017.52876712329,C,H,,,,,,,,SBV141
SBV142_plate02|2017.56712328767,SBV142,3,8,SBV142_plate02|2017.56712328767,C,H,,,,,,,,SBV142
SBV143_plate02|2017.57808219178,SBV143,3,8,SBV143_plate02|2017.57808219178,C,H,,,,,,,,SBV143
SBV144_plate02|2017.6,SBV144,3,8,SBV144_plate02|2017.6,C,H,,,,,,,,SBV144
SBV145_plate02|2017.61095890411,SBV145,3,8,SBV145_plate02|2017.61095890411,C,H,,,,,,,,SBV145
SBV146_plate02|2017.64109589041,SBV146,3,8,SBV146_plate02|2017.64109589041,C,H,,,,,,,,SBV146
SBV147_plate02|2017.67397260274,SBV147,2,4,SBV147_plate02|2017.67397260274,B,D,,,,,,,,SBV147
SBV148_plate02|2017.6904109589,SBV148,3,8,SBV148_plate02|2017.6904109589,C,H,,,,,,,,SBV148
SBV149_plate03|2017.71780821918,SBV149,2,4,SBV149_plate03|2017.71780821918,B,D,,,,,,,,SBV149
SBV150_plate02|2017.75068493151,SBV150,3,8,SBV150_plate02|2017.75068493151,C,H,,,,,,,,SBV150
SBV151_plate02|2017.79726027397,SBV151,2,4,SBV151_plate02|2017.79726027397,B,D,,,,,,,,SBV151
SBV152_plate02|2017.83835616438,SBV152,3,8,SBV152_plate02|2017.83835616438,C,H,,,,,,,,SBV152
SBV153_plate02|2017.89589041096,SBV153,3,8,SBV153_plate02|2017.89589041096,C,H,,,,,,,,SBV153
SBV154_plate03|2018.02465753425,SBV154,2,4,SBV154_plate03|2018.02465753425,B,D,,,,,,,,SBV154
SBV155_plate03|2018.00821917808,SBV155,2,5,SBV155_plate03|2018.00821917808,B,E,,,,,,,,SBV155
SBV156_plate02|2018.04109589041,SBV156,3,8,SBV156_plate02|2018.04109589041,C,H,,,,,,,,SBV156
SBV157_plate02|2018.04109589041,SBV157,3,8,SBV157_plate02|2018.04109589041,C,H,,,,,,,,SBV157
SBV158_plate02|2018.0602739726,SBV158,3,8,SBV158_plate02|2018.0602739726,C,H,,,,,,,,SBV158
SBV159_plate02|2018.07945205479,SBV159,3,8,SBV159_plate02|2018.07945205479,C,H,,,,,,,,SBV159
SBV160_plate02|2018.09315068493,SBV160,3,8,SBV160_plate02|2018.09315068493,C,H,,,,,,,,SBV160
SBV161_plate02|2018.13424657534,SBV161,2,4,SBV161_plate02|2018.13424657534,B,D,,,,,,,,SBV161
SBV162_plate02|2018.1095890411,SBV162,3,8,SBV162_plate02|2018.1095890411,C,H,,,,,,,,SBV162
SBV163_plate02|2018.18356164384,SBV163,3,8,SBV163_plate02|2018.18356164384,C,H,,,,,,,,SBV163
SBV164_plate02|2018.19452054795,SBV164,3,8,SBV164_plate02|2018.19452054795,C,H,,,,,,,,SBV164
SBV165_plate02|2018.33150684932,SBV165,2,4,SBV165_plate02|2018.33150684932,B,D,,,,,,,,SBV165
SBV166_plate02|2018.34246575342,SBV166,3,8,SBV166_plate02|2018.34246575342,C,H,,,,,,,,SBV166
SBV167_plate02|2018.63561643836,SBV167,3,8,SBV167_plate02|2018.63561643836,C,H,,,,,,,,SBV167
SBV168_plate02|2018.62191780822,SBV168,3,8,SBV168_plate02|2018.62191780822,C,H,,,,,,,,SBV168
SBV169_plate02|2018.68219178082,SBV169,3,8,SBV169_plate02|2018.68219178082,C,H,,,,,,,,SBV169
SBV170_plate02|2018.77808219178,SBV170,2,4,SBV170_plate02|2018.77808219178,B,D,,,,,,,,SBV170
SBV171_plate02|2017.96438356164,SBV171,3,8,SBV171_plate02|2017.96438356164,C,H,,,,,,,,SBV171
SBV172_plate02|2018.01095890411,SBV172,3,8,SBV172_plate02|2018.01095890411,C,H,,,,,,,,SBV172
SBV173_plate02|2018.04657534247,SBV173,3,8,SBV173_plate02|2018.04657534247,C,H,,,,,,,,SBV173
SBV174_plate02|2018.06849315068,SBV174,3,8,SBV174_plate02|2018.06849315068,C,H,,,,,,,,SBV174
SBV175_plate02|2018.10410958904,SBV175,3,8,SBV175_plate02|2018.10410958904,C,H,,,,,,,,SBV175
SBV176_plate02|2018.42739726027,SBV176,2,4,SBV176_plate02|2018.42739726027,B,D,,,,,,,,SBV176
SBV177_plate03|2018.14520547945,SBV177,3,8,SBV177_plate03|2018.14520547945,C,H,,,,,,,,SBV177
SBV178_plate03|2018.17534246575,SBV178,2,4,SBV178_plate03|2018.17534246575,B,D,,,,,,,,SBV178
SBV179_plate03|2018.19452054795,SBV179,3,8,SBV179_plate03|2018.19452054795,C,H,,,,,,,,SBV179
SBV180_plate03|2018.27123287671,SBV180,3,8,SBV180_plate03|2018.27123287671,C,H,,,,,,,,SBV180
SBV181_plate03|2018.27671232877,SBV181,3,8,SBV181_plate03|2018.27671232877,C,H,,,,,,,,SBV181
SBV183_plate03|2018.33150684932,SBV183,2,6,SBV183_plate03|2018.33150684932,B,F,,,,,,,,SBV183
SBV184_plate03|2018.35890410959,SBV184,3,8,SBV184_plate03|2018.35890410959,C,H,,,,,,,,SBV184
SBV185_plate03|2018.40273972603,SBV185,3,8,SBV185_plate03|2018.40273972603,C,H,,,,,,,,SBV185
SBV186_plate03|2018.42465753425,SBV186,3,8,SBV186_plate03|2018.42465753425,C,H,,,,,,,,SBV186
SBV187_plate03|2018.46575342466,SBV187,3,8,SBV187_plate03|2018.46575342466,C,H,,,,,,,,SBV187
SBV188_plate03|2018.5095890411,SBV188,3,8,SBV188_plate03|2018.5095890411,C,H,,,,,,,,SBV188
SBV189_plate03|2018.56712328767,SBV189,3,8,SBV189_plate03|2018.56712328767,C,H,,,,,,,,SBV189
SBV190_plate03|2018.58082191781,SBV190,3,8,SBV190_plate03|2018.58082191781,C,H,,,,,,,,SBV190
SBV191_plate03|2018.58356164384,SBV191,3,8,SBV191_plate03|2018.58356164384,C,H,,,,,,,,SBV191
SBV192_plate03|2018.64657534247,SBV192,2,5,SBV192_plate03|2018.64657534247,B,E,,,,,,,,SBV192
SBV193_plate03|2018.67397260274,SBV193,3,8,SBV193_plate03|2018.67397260274,C,H,,,,,,,,SBV193
SBV194_plate03|2018.67945205479,SBV194,3,8,SBV194_plate03|2018.67945205479,C,H,,,,,,,,SBV194
SBV195_plate03|2018.71780821918,SBV195,3,8,SBV195_plate03|2018.71780821918,C,H,,,,,,,,SBV195
SBV196_plate03|2018.74794520548,SBV196,2,4,SBV196_plate03|2018.74794520548,B,D,,,,,,,,SBV196
SBV197_plate03|2018.79452054795,SBV197,3,8,SBV197_plate03|2018.79452054795,C,H,,,,,,,,SBV197
SBV198_plate03|2018.84383561644,SBV198,3,8,SBV198_plate03|2018.84383561644,C,H,,,,,,,,SBV198
SBV199_plate03|2018.8904109589,SBV199,3,8,SBV199_plate03|2018.8904109589,C,H,,,,,,,,SBV199
SBV200_plate03|2018.90410958904,SBV200,2,4,SBV200_plate03|2018.90410958904,B,D,,,,,,,,SBV200
SBV201_plate03|2018.92054794521,SBV201,3,8,SBV201_plate03|2018.92054794521,C,H,,,,,,,,SBV201
SBV202_plate03|2018.95068493151,SBV202,3,8,SBV202_plate03|2018.95068493151,C,H,,,,,,,,SBV202
SBV203_plate03|2018.96438356164,SBV203,3,8,SBV203_plate03|2018.96438356164,C,H,,,,,,,,SBV203
SBV204_plate03|2019.42739726027,SBV204,3,8,SBV204_plate03|2019.42739726027,C,H,,,,,,,,SBV204
SBV205_plate03|2018.99452054795,SBV205,2,5,SBV205_plate03|2018.99452054795,B,E,,,,,,,,SBV205
SBV206_plate03|2019.01643835616,SBV206,3,8,SBV206_plate03|2019.01643835616,C,H,,,,,,,,SBV206
SBV207_plate03|2019.0301369863,SBV207,3,8,SBV207_plate03|2019.0301369863,C,H,,,,,,,,SBV207
SBV208_plate03|2019.04657534247,SBV208,2,7,SBV208_plate03|2019.04657534247,B,G,,,,,,,,SBV208
SBV209_plate03|2019.05205479452,SBV209,3,8,SBV209_plate03|2019.05205479452,C,H,,,,,,,,SBV209
SBV210_plate03|2019.08493150685,SBV210,2,5,SBV210_plate03|2019.08493150685,B,E,,,,,,,,SBV210
SBV211_plate03|2019.21095890411,SBV211,3,8,SBV211_plate03|2019.21095890411,C,H,,,,,,,,SBV211
SBV212_plate03|2019.24931506849,SBV212,2,5,SBV212_plate03|2019.24931506849,B,E,,,,,,,,SBV212
SBV213_plate03|2019.27945205479,SBV213,3,8,SBV213_plate03|2019.27945205479,C,H,,,,,,,,SBV213
SBV214_plate03|2019.44383561644,SBV214,3,8,SBV214_plate03|2019.44383561644,C,H,,,,,,,,SBV214
SBV216_plate03|2019.00821917808,SBV216,2,4,SBV216_plate03|2019.00821917808,B,D,,,,,,,,SBV216
SBV217_plate03|2019.07945205479,SBV217,3,8,SBV217_plate03|2019.07945205479,C,H,,,,,,,,SBV217
SBV218_plate05|2019.09315068493,SBV218,2,5,SBV218_plate05|2019.09315068493,B,E,,,,,,,,SBV218
SBV219_plate03|2019.10136986301,SBV219,3,8,SBV219_plate03|2019.10136986301,C,H,,,,,,,,SBV219
SBV220_plate03|2019.1397260274,SBV220,3,8,SBV220_plate03|2019.1397260274,C,H,,,,,,,,SBV220
SBV221_plate03|2019.20821917808,SBV221,2,4,SBV221_plate03|2019.20821917808,B,D,,,,,,,,SBV221
SBV222_plate03|2019.42739726027,SBV222,2,5,SBV222_plate03|2019.42739726027,B,E,,,,,,,,SBV222
SBV224_plate03|2019.25753424658,SBV224,2,5,SBV224_plate03|2019.25753424658,B,E,,,,,,,,SBV224
SBV225_plate03|2019.30684931507,SBV225,3,8,SBV225_plate03|2019.30684931507,C,H,,,,,,,,SBV225
SBV226_plate03|2019.34520547945,SBV226,3,8,SBV226_plate03|2019.34520547945,C,H,,,,,,,,SBV226
SBV227_plate03|2019.65753424658,SBV227,3,8,SBV227_plate03|2019.65753424658,C,H,,,,,,,,SBV227
SBV228_plate03|2019.40547945205,SBV228,2,4,SBV228_plate03|2019.40547945205,B,D,,,,,,,,SBV228
SBV229_plate03|2019.36164383562,SBV229,3,8,SBV229_plate03|2019.36164383562,C,H,,,,,,,,SBV229
SBV230_plate03|2019.43835616438,SBV230,3,8,SBV230_plate03|2019.43835616438,C,H,,,,,,,,SBV230
SBV231_plate03|2019.45753424658,SBV231,3,8,SBV231_plate03|2019.45753424658,C,H,,,,,,,,SBV231
SBV232_plate03|2019.50410958904,SBV232,3,8,SBV232_plate03|2019.50410958904,C,H,,,,,,,,SBV232
SBV233_plate03|2019.5397260274,SBV233,3,8,SBV233_plate03|2019.5397260274,C,H,,,,,,,,SBV233
SBV234_plate05|2019.55342465753,SBV234,3,8,SBV234_plate05|2019.55342465753,C,H,,,,,,,,SBV234
SBV235_plate05|2019.42739726027,SBV235,3,8,SBV235_plate05|2019.42739726027,C,H,,,,,,,,SBV235
SBV236_plate03|2019.61369863014,SBV236,3,8,SBV236_plate03|2019.61369863014,C,H,,,,,,,,SBV236
SBV237_plate03|2019.61917808219,SBV237,2,5,SBV237_plate03|2019.61917808219,B,E,,,,,,,,SBV237
SBV238_plate03|2019.84383561644,SBV238,3,8,SBV238_plate03|2019.84383561644,C,H,,,,,,,,SBV238
SBV239_plate03|2019.15068493151,SBV239,3,8,SBV239_plate03|2019.15068493151,C,H,,,,,,,,SBV239
SBV240_plate05|2019.69863013699,SBV240,3,8,SBV240_plate05|2019.69863013699,C,H,,,,,,,,SBV240
SBV241_plate03|2019.72328767123,SBV241,2,5,SBV241_plate03|2019.72328767123,B,E,,,,,,,,SBV241
SBV242_plate03|2019.74794520548,SBV242,3,8,SBV242_plate03|2019.74794520548,C,H,,,,,,,,SBV242
SBV243_plate03|2019.78356164384,SBV243,3,8,SBV243_plate03|2019.78356164384,C,H,,,,,,,,SBV243
SBV244_plate03|2019.82739726027,SBV244,3,8,SBV244_plate03|2019.82739726027,C,H,,,,,,,,SBV244
SBV245_plate03|2019.84657534247,SBV245,2,6,SBV245_plate03|2019.84657534247,B,F,,,,,,,,SBV245
SBV246_plate03|2019.42739726027,SBV246,2,5,SBV246_plate03|2019.42739726027,B,E,,,,,,,,SBV246
SBV247_plate03|2019.99452054795,SBV247,3,8,SBV247_plate03|2019.99452054795,C,H,,,,,,,,SBV247
SBV249_plate03|2020.07650273224,SBV249,2,7,SBV249_plate03|2020.07650273224,B,G,,,,,,,,SBV249
SBV251_plate03|2020.15027322404,SBV251,3,8,SBV251_plate03|2020.15027322404,C,H,,,,,,,,SBV251
SBV252_plate03|2020.17759562842,SBV252,2,6,SBV252_plate03|2020.17759562842,B,F,,,,,,,,SBV252
SBV253_plate03|2020.31420765027,SBV253,3,8,SBV253_plate03|2020.31420765027,C,H,,,,,,,,SBV253
SBV254_plate03|2020.42896174863,SBV254,1,3,SBV254_plate03|2020.42896174863,A,C,,,,,,,,SBV254
SBV255_plate03|2020.43442622951,SBV255,3,8,SBV255_plate03|2020.43442622951,C,H,,,,,,,,SBV255
SBV256_plate03|2020.59836065574,SBV256,3,8,SBV256_plate03|2020.59836065574,C,H,,,,,,,,SBV256
SBV257_plate05|2019.42739726027,SBV257,3,8,SBV257_plate05|2019.42739726027,C,H,,,,,,,,SBV257
SBV258_plate03|2020.75136612022,SBV258,3,8,SBV258_plate03|2020.75136612022,C,H,,,,,,,,SBV258
SBV259_plate03|2020.76229508197,SBV259,3,8,SBV259_plate03|2020.76229508197,C,H,,,,,,,,SBV259
SBV260_plate03|2020.74316939891,SBV260,3,8,SBV260_plate03|2020.74316939891,C,H,,,,,,,,SBV260
SBV261_plate03|2020.85245901639,SBV261,3,8,SBV261_plate03|2020.85245901639,C,H,,,,,,,,SBV261
SBV262_plate03|2019.98630136986,SBV262,2,7,SBV262_plate03|2019.98630136986,B,G,,,,,,,,SBV262
SBV263_plate03|2020.2131147541,SBV263,2,6,SBV263_plate03|2020.2131147541,B,F,,,,,,,,SBV263
SBV265_plate03|2020.30601092896,SBV265,3,8,SBV265_plate03|2020.30601092896,C,H,,,,,,,,SBV265
SBV266_plate03|2020.10928961749,SBV266,3,8,SBV266_plate03|2020.10928961749,C,H,,,,,,,,SBV266
SBV267_plate03|2020.00546448087,SBV267,3,8,SBV267_plate03|2020.00546448087,C,H,,,,,,,,SBV267
SBV268_plate03|2020.26229508197,SBV268,3,8,SBV268_plate03|2020.26229508197,C,H,,,,,,,,SBV268
SBV269_plate05|2020.34426229508,SBV269,2,4,SBV269_plate05|2020.34426229508,B,D,,,,,,,,SBV269
SBV270_plate04|2020.37431693989,SBV270,2,6,SBV270_plate04|2020.37431693989,B,F,,,,,,,,SBV270
SBV271_plate04|2020.21857923497,SBV271,2,5,SBV271_plate04|2020.21857923497,B,E,,,,,,,,SBV271
SBV272_plate04|2020.03825136612,SBV272,3,8,SBV272_plate04|2020.03825136612,C,H,,,,,,,,SBV272
SBV273_plate04|2020.06557377049,SBV273,2,6,SBV273_plate04|2020.06557377049,B,F,,,,,,,,SBV273
SBV274_plate04|2020.12295081967,SBV274,2,6,SBV274_plate04|2020.12295081967,B,F,,,,,,,,SBV274
SBV275_plate04|2020.15846994536,SBV275,2,6,SBV275_plate04|2020.15846994536,B,F,,,,,,,,SBV275
SBV276_plate04|2020.46448087432,SBV276,2,6,SBV276_plate04|2020.46448087432,B,F,,,,,,,,SBV276
SBV277_plate04|2020.45628415301,SBV277,2,4,SBV277_plate04|2020.45628415301,B,D,,,,,,,,SBV277
SBV278_plate04|2020.53005464481,SBV278,3,8,SBV278_plate04|2020.53005464481,C,H,,,,,,,,SBV278
SBV279_plate04|2020.55191256831,SBV279,3,8,SBV279_plate04|2020.55191256831,C,H,,,,,,,,SBV279
SBV280_plate05|2019.69863013699,SBV280,3,8,SBV280_plate05|2019.69863013699,C,H,,,,,,,,SBV280
SBV281_plate04|2020.63661202186,SBV281,3,8,SBV281_plate04|2020.63661202186,C,H,,,,,,,,SBV281
SBV282_plate04|2020.67213114754,SBV282,3,8,SBV282_plate04|2020.67213114754,C,H,,,,,,,,SBV282
SBV283_plate04|2020.70491803279,SBV283,3,8,SBV283_plate04|2020.70491803279,C,H,,,,,,,,SBV283
SBV284_plate04|2020.72404371585,SBV284,2,6,SBV284_plate04|2020.72404371585,B,F,,,,,,,,SBV284
SBV285_plate04|2020.72950819672,SBV285,3,8,SBV285_plate04|2020.72950819672,C,H,,,,,,,,SBV285
SBV286_plate04|2020.7650273224,SBV286,2,7,SBV286_plate04|2020.7650273224,B,G,,,,,,,,SBV286
SBV287_plate04|2020.78961748634,SBV287,3,8,SBV287_plate04|2020.78961748634,C,H,,,,,,,,SBV287
SBV288_plate04|2020.82240437158,SBV288,3,8,SBV288_plate04|2020.82240437158,C,H,,,,,,,,SBV288
SBV289_plate04|2020.84153005464,SBV289,2,7,SBV289_plate04|2020.84153005464,B,G,,,,,,,,SBV289
SBV290_plate04|2020.83879781421,SBV290,2,7,SBV290_plate04|2020.83879781421,B,G,,,,,,,,SBV290
SBV291_plate04|2020.87704918033,SBV291,3,8,SBV291_plate04|2020.87704918033,C,H,,,,,,,,SBV291
SBV292_plate04|2020.95355191257,SBV292,2,6,SBV292_plate04|2020.95355191257,B,F,,,,,,,,SBV292
SBV293_plate04|2020.97540983607,SBV293,3,8,SBV293_plate04|2020.97540983607,C,H,,,,,,,,SBV293
SBV294_plate04|2020.97267759563,SBV294,3,8,SBV294_plate04|2020.97267759563,C,H,,,,,,,,SBV294
SBV295_plate04|2021.01369863014,SBV295,2,6,SBV295_plate04|2021.01369863014,B,F,,,,,,,,SBV295
SBV296_plate04|2021.02739726027,SBV296,3,8,SBV296_plate04|2021.02739726027,C,H,,,,,,,,SBV296
SBV297_plate04|2020.99453551913,SBV297,3,8,SBV297_plate04|2020.99453551913,C,H,,,,,,,,SBV297
SBV298_plate04|2021.12328767123,SBV298,3,8,SBV298_plate04|2021.12328767123,C,H,,,,,,,,SBV298
SBV299_plate04|2021.44383561644,SBV299,3,8,SBV299_plate04|2021.44383561644,C,H,,,,,,,,SBV299
SBV300_plate04|2021.00547945205,SBV300,3,8,SBV300_plate04|2021.00547945205,C,H,,,,,,,,SBV300
SBV301_plate04|2021.19726027397,SBV301,2,7,SBV301_plate04|2021.19726027397,B,G,,,,,,,,SBV301
SBV302_plate04|2021.30684931507,SBV302,3,8,SBV302_plate04|2021.30684931507,C,H,,,,,,,,SBV302
SBV305_plate04|2021.46849315068,SBV305,2,4,SBV305_plate04|2021.46849315068,B,D,,,,,,,,SBV305
SBV306_plate04|2021.95616438356,SBV306,2,7,SBV306_plate04|2021.95616438356,B,G,,,,,,,,SBV306
SBV307_plate04|2021.0301369863,SBV307,2,7,SBV307_plate04|2021.0301369863,B,G,,,,,,,,SBV307
SBV308_plate04|2021.13424657534,SBV308,3,8,SBV308_plate04|2021.13424657534,C,H,,,,,,,,SBV308
SBV310_plate04|2021.31780821918,SBV310,2,7,SBV310_plate04|2021.31780821918,B,G,,,,,,,,SBV310
SBV311_plate04|2021.33424657534,SBV311,2,4,SBV311_plate04|2021.33424657534,B,D,,,,,,,,SBV311
SBV312_plate04|2021.37808219178,SBV312,2,7,SBV312_plate04|2021.37808219178,B,G,,,,,,,,SBV312
SBV313_plate04|2021.44657534247,SBV313,1,3,SBV313_plate04|2021.44657534247,A,C,,,,,,,,SBV313
SBV314_plate04|2021.44931506849,SBV314,2,5,SBV314_plate04|2021.44931506849,B,E,,,,,,,,SBV314
SBV315_plate04|2021.47397260274,SBV315,3,8,SBV315_plate04|2021.47397260274,C,H,,,,,,,,SBV315
SBV316_plate04|2021.48767123288,SBV316,2,6,SBV316_plate04|2021.48767123288,B,F,,,,,,,,SBV316
SBV317_plate04|2021.49589041096,SBV317,3,8,SBV317_plate04|2021.49589041096,C,H,,,,,,,,SBV317
SBV318_plate04|2021.4904109589,SBV318,2,5,SBV318_plate04|2021.4904109589,B,E,,,,,,,,SBV318
SBV319_plate04|2021.46849315068,SBV319,2,6,SBV319_plate04|2021.46849315068,B,F,,,,,,,,SBV319
SBV320_plate04|2021.42739726027,SBV320,2,5,SBV320_plate04|2021.42739726027,B,E,,,,,,,,SBV320
SBV321_plate04|2021.52602739726,SBV321,3,8,SBV321_plate04|2021.52602739726,C,H,,,,,,,,SBV321
SBV322_plate04|2021.54794520548,SBV322,3,8,SBV322_plate04|2021.54794520548,C,H,,,,,,,,SBV322
SBV323_plate04|2021.60273972603,SBV323,3,8,SBV323_plate04|2021.60273972603,C,H,,,,,,,,SBV323
SBV324_plate04|2021.62191780822,SBV324,3,8,SBV324_plate04|2021.62191780822,C,H,,,,,,,,SBV324
SBV325_plate04|2021.6602739726,SBV325,2,5,SBV325_plate04|2021.6602739726,B,E,,,,,,,,SBV325
SBV326_plate04|2021.67397260274,SBV326,3,8,SBV326_plate04|2021.67397260274,C,H,,,,,,,,SBV326
SBV327_plate04|2021.7095890411,SBV327,2,5,SBV327_plate04|2021.7095890411,B,E,,,,,,,,SBV327
SBV328_plate04|2021.42739726027,SBV328,2,5,SBV328_plate04|2021.42739726027,B,E,,,,,,,,SBV328
SBV329_plate04|2021.74520547945,SBV329,3,8,SBV329_plate04|2021.74520547945,C,H,,,,,,,,SBV329
SBV330_plate04|2021.74794520548,SBV330,2,5,SBV330_plate04|2021.74794520548,B,E,,,,,,,,SBV330
SBV331_plate04|2021.77260273973,SBV331,2,7,SBV331_plate04|2021.77260273973,B,G,,,,,,,,SBV331
SBV332_plate04|2021.81643835616,SBV332,3,8,SBV332_plate04|2021.81643835616,C,H,,,,,,,,SBV332
SBV333_plate04|2021.87123287671,SBV333,2,5,SBV333_plate04|2021.87123287671,B,E,,,,,,,,SBV333
SBV334_plate04|2021.8904109589,SBV334,2,7,SBV334_plate04|2021.8904109589,B,G,,,,,,,,SBV334
SBV335_plate04|2021.93424657534,SBV335,2,5,SBV335_plate04|2021.93424657534,B,E,,,,,,,,SBV335
SBV336_plate04|2021.96712328767,SBV336,2,5,SBV336_plate04|2021.96712328767,B,E,,,,,,,,SBV336
SBV337_plate04|2015.6,SBV337,3,8,SBV337_plate04|2015.6,C,H,,,,,,,,SBV337
SBV338_plate04|2021.97808219178,SBV338,2,7,SBV338_plate04|2021.97808219178,B,G,,,,,,,,SBV338
SBV339_plate04|2021.96164383562,SBV339,2,6,SBV339_plate04|2021.96164383562,B,F,,,,,,,,SBV339
SBV340_plate04|2021.98356164384,SBV340,2,6,SBV340_plate04|2021.98356164384,B,F,,,,,,,,SBV340
SBV341_plate04|2022.06301369863,SBV341,2,7,SBV341_plate04|2022.06301369863,B,G,,,,,,,,SBV341
SBV343_plate04|2022.12328767123,SBV343,2,7,SBV343_plate04|2022.12328767123,B,G,,,,,,,,SBV343
SBV344_plate04|2022.11232876712,SBV344,3,8,SBV344_plate04|2022.11232876712,C,H,,,,,,,,SBV344
SBV345_plate04|2022.42739726027,SBV345,3,8,SBV345_plate04|2022.42739726027,C,H,,,,,,,,SBV345
SBV347_plate04|2022.13698630137,SBV347,3,8,SBV347_plate04|2022.13698630137,C,H,,,,,,,,SBV347
SBV348_plate04|2022.20273972603,SBV348,3,8,SBV348_plate04|2022.20273972603,C,H,,,,,,,,SBV348
SBV349_plate04|2022.23561643836,SBV349,2,5,SBV349_plate04|2022.23561643836,B,E,,,,,,,,SBV349
SBV350_plate04|2022.24657534247,SBV350,2,4,SBV350_plate04|2022.24657534247,B,D,,,,,,,,SBV350
SBV351_plate04|2022.2602739726,SBV351,2,6,SBV351_plate04|2022.2602739726,B,F,,,,,,,,SBV351
SBV352_plate04|2022.25753424658,SBV352,2,7,SBV352_plate04|2022.25753424658,B,G,,,,,,,,SBV352
SBV353_plate04|2022.27671232877,SBV353,3,8,SBV353_plate04|2022.27671232877,C,H,,,,,,,,SBV353
SBV354_plate04|2022.29589041096,SBV354,2,5,SBV354_plate04|2022.29589041096,B,E,,,,,,,,SBV354
SBV355_plate04|2022.29589041096,SBV355,3,8,SBV355_plate04|2022.29589041096,C,H,,,,,,,,SBV355
SBV356_plate04|2022.35616438356,SBV356,3,8,SBV356_plate04|2022.35616438356,C,H,,,,,,,,SBV356
SBV357_plate04|2022.36164383562,SBV357,3,8,SBV357_plate04|2022.36164383562,C,H,,,,,,,,SBV357
SBV358_plate04|2022.37260273973,SBV358,3,8,SBV358_plate04|2022.37260273973,C,H,,,,,,,,SBV358
SBV359_plate04|2022.41369863014,SBV359,3,8,SBV359_plate04|2022.41369863014,C,H,,,,,,,,SBV359
SBV361_plate04|2022.44657534247,SBV361,3,8,SBV361_plate04|2022.44657534247,C,H,,,,,,,,SBV361
SBV362_plate04|2022.54520547945,SBV362,3,8,SBV362_plate04|2022.54520547945,C,H,,,,,,,,SBV362
SBV363_plate04|2022.55068493151,SBV363,2,7,SBV363_plate04|2022.55068493151,B,G,,,,,,,,SBV363
SBV364_plate04|2022.53150684932,SBV364,2,7,SBV364_plate04|2022.53150684932,B,G,,,,,,,,SBV364
SBV365_plate04|2022.60547945205,SBV365,3,8,SBV365_plate04|2022.60547945205,C,H,,,,,,,,SBV365
SBV366_plate04|2022.64931506849,SBV366,3,8,SBV366_plate04|2022.64931506849,C,H,,,,,,,,SBV366
SBV367_plate04|2022.67397260274,SBV367,3,8,SBV367_plate04|2022.67397260274,C,H,,,,,,,,SBV367
SBV368_plate04|2022.68767123288,SBV368,2,7,SBV368_plate04|2022.68767123288,B,G,,,,,,,,SBV368
SBV369_plate04|2022.69863013699,SBV369,3,8,SBV369_plate04|2022.69863013699,C,H,,,,,,,,SBV369
SBV370_plate05|2022.72602739726,SBV370,2,7,SBV370_plate05|2022.72602739726,B,G,,,,,,,,SBV370
SBV371_plate05|2022.74794520548,SBV371,2,7,SBV371_plate05|2022.74794520548,B,G,,,,,,,,SBV371
SBV372_plate05|2022.75890410959,SBV372,3,8,SBV372_plate05|2022.75890410959,C,H,,,,,,,,SBV372
SBV373_plate05|2022.79178082192,SBV373,2,5,SBV373_plate05|2022.79178082192,B,E,,,,,,,,SBV373
SBV374_plate05|2022.82191780822,SBV374,2,7,SBV374_plate05|2022.82191780822,B,G,,,,,,,,SBV374
SBV375_plate05|2022.83561643836,SBV375,3,8,SBV375_plate05|2022.83561643836,C,H,,,,,,,,SBV375
SBV376_plate05|2022.42739726027,SBV376,2,7,SBV376_plate05|2022.42739726027,B,G,,,,,,,,SBV376
